[Licensing::Module] Trying to connect to existing licensing client channel...
Built from '6000.0/staging' branch; Version is '6000.0.80f1 (2dfd32957da2) revision 3013938'; Using compiler version '193933523'; Build Type 'Release'
OS: 'Windows 11  (10.0.26200) Core' Language: 'en' Physical Memory: 15774 MB
[Licensing::IpcConnector] Successfully connected to: "LicenseClient-Black Steel Innovati" at "2026-09-15T03:14:31.9717981Z"
BatchMode: 1, IsHumanControllingUs: 0, StartBugReporterOnCrash: 0, Is64bit: 1
System  architecture: x64
Process architecture: x64
Date: 2026-09-15T03:14:31Z

COMMAND LINE ARGUMENTS:
C:\Program Files\Unity 6000.0.80f1\Editor\Unity.exe
-batchmode
-quit
-projectPath
C:\ObsidianProtocol-Autonomous-Warfare\OPAW
-executeMethod
MainMenuMissingSystemsBuilder.Build
-logFile
C:\ObsidianProtocol-Autonomous-Warfare\OPAW\MainMenuMissingSystemsBuild_LTS.log
Successfully changed project path to: C:\ObsidianProtocol-Autonomous-Warfare\OPAW
C:/ObsidianProtocol-Autonomous-Warfare/OPAW
[UnityMemory] Configuration Parameters - Can be set up in boot.config
    "memorysetup-bucket-allocator-granularity=16"
    "memorysetup-bucket-allocator-bucket-count=8"
    "memorysetup-bucket-allocator-block-size=33554432"
    "memorysetup-bucket-allocator-block-count=8"
    "memorysetup-main-allocator-block-size=16777216"
    "memorysetup-thread-allocator-block-size=16777216"
    "memorysetup-gfx-main-allocator-block-size=16777216"
    "memorysetup-gfx-thread-allocator-block-size=16777216"
    "memorysetup-cache-allocator-block-size=4194304"
    "memorysetup-typetree-allocator-block-size=2097152"
    "memorysetup-profiler-bucket-allocator-granularity=16"
    "memorysetup-profiler-bucket-allocator-bucket-count=8"
    "memorysetup-profiler-bucket-allocator-block-size=33554432"
    "memorysetup-profiler-bucket-allocator-block-count=8"
    "memorysetup-profiler-allocator-block-size=16777216"
    "memorysetup-profiler-editor-allocator-block-size=1048576"
    "memorysetup-temp-allocator-size-main=16777216"
    "memorysetup-job-temp-allocator-block-size=2097152"
    "memorysetup-job-temp-allocator-block-size-background=1048576"
    "memorysetup-job-temp-allocator-reduction-small-platforms=262144"
    "memorysetup-allocator-temp-initial-block-size-main=262144"
    "memorysetup-allocator-temp-initial-block-size-worker=262144"
    "memorysetup-temp-allocator-size-background-worker=32768"
    "memorysetup-temp-allocator-size-job-worker=262144"
    "memorysetup-temp-allocator-size-preload-manager=33554432"
    "memorysetup-temp-allocator-size-nav-mesh-worker=65536"
    "memorysetup-temp-allocator-size-audio-worker=65536"
    "memorysetup-temp-allocator-size-cloud-worker=32768"
    "memorysetup-temp-allocator-size-gi-baking-worker=262144"
    "memorysetup-temp-allocator-size-gi-baking-worker=262144"
    "memorysetup-temp-allocator-size-gi-baking-worker=262144"
    "memorysetup-temp-allocator-size-gi-baking-worker=262144"
    "memorysetup-temp-allocator-size-gi-baking-worker=262144"
    "memorysetup-temp-allocator-size-gfx=262144"
Player connection [7916]  Target information:

Player connection [7916]  * "[IP] 192.168.1.183 [Port] 55504 [Flags] 2 [Guid] 1782545738 [EditorId] 1782545738 [Version] 1048832 [Id] WindowsEditor(7,DESKTOP-SJAQRUA) [Debug] 1 [PackageName] WindowsEditor [ProjectName] Editor" 

Player connection [7916] Host joined multi-casting on [225.0.0.222:54997]...
Player connection [7916] Host joined alternative multi-casting on [225.0.0.222:34997]...
Input System module state changed to: Initialized.
[Physics::Module] Initialized fallback backend.
[Physics::Module] Id: 0xdecafbad
[Licensing::Client] Code 10 while verifying Licensing Client signature (process Id: 18116, path: "C:/ObsidianProtocol-Autonomous-Warfare/Unity Hub/UnityLicensingClient_V1/Unity.Licensing.Client.exe")
[Licensing::Module] LicensingClient has failed validation; ignoring
[Licensing::Client] Handshaking with LicensingClient:
  Version:                 1.18.3+d7ffd15
  Session Id:              232f511fc9544812a879b5ba58b038cf
  Correlation Id:          7c60302c7c99f705e5306edff89a24ce
  External correlation Id: 5830843271858691449
  Machine Id:              o4qE9YDXKv/POKChpyk5Jlp2Zc4=
[Licensing::Module] Successfully connected to LicensingClient on channel: "LicenseClient-Black Steel Innovati" (connect: 0.00s, validation: 0.00s, handshake: 0.04s)
[Licensing::IpcConnector] Successfully connected to: "LicenseClient-Black Steel Innovati-notifications" at "2026-09-15T03:14:32.0094103Z"
[Licensing::Module] Error: Access token is unavailable; failed to update
[Licensing::Client] Successfully resolved entitlement details
[Licensing::Module] License group:
  Id: 2475839770632-UnityPersXXXX
  Product: Unity Personal
  Type: Assigned
  Expiration: Unlimited
[Licensing::Client] Successfully updated license, isAsync: True, time: 0.00
[Licensing::Client] Successfully resolved entitlement details
[Licensing::Module] Licensing Background thread has ended after 0.04s
[Package Manager] Connected to IPC stream "Upm-1792" after 0.3 seconds.
Library Redirect Path: Library/
[Physics::Module] Selected backend.
[Physics::Module] Name: PhysX
[Physics::Module] Id: 0xf2b8ea05
[Physics::Module] SDK Version: 4.1.2
[Physics::Module] Integration Version: 1.0.0
[Physics::Module] Threading Mode: Multi-Threaded
Refreshing native plugins compatible for Editor in 0.62 ms, found 0 plugins.
Preloading 0 native plugins for Editor in 0.00 ms.
Initialize engine version: 6000.0.80f1 (2dfd32957da2)
[Subsystems] Discovering subsystems at path C:/Program Files/Unity 6000.0.80f1/Editor/Data/Resources/UnitySubsystems
[Subsystems] Discovering subsystems at path C:/ObsidianProtocol-Autonomous-Warfare/OPAW/Assets
GfxDevice: creating device client; kGfxThreadingModeNonThreaded
Direct3D:
    Version:  Direct3D 11.0 [level 11.1]
    Renderer: NVIDIA GeForce RTX 3050 Ti Laptop GPU (ID=0x25a0)
    Vendor:   NVIDIA
    VRAM:     3962 MB
    Driver:   32.0.16.1088
Shader 'Custom/Unlit Flat Circle': fallback shader 'Transparent' not found
Shader 'Custom/FogOfWarCalculation': fallback shader 'Transparent' not found
Initialize mono
Mono path[0] = 'C:/Program Files/Unity 6000.0.80f1/Editor/Data/Managed'
Mono path[1] = 'C:/Program Files/Unity 6000.0.80f1/Editor/Data/MonoBleedingEdge/lib/mono/unityjit-win32'
Mono config path = 'C:/Program Files/Unity 6000.0.80f1/Editor/Data/MonoBleedingEdge/etc'
Using monoOptions --debugger-agent=transport=dt_socket,embedding=1,server=y,suspend=n,address=127.0.0.1:56792
Using cacheserver namespaces - metadata:defaultmetadata, artifacts:defaultartifacts
Using cacheserver namespaces - metadata:defaultmetadata, artifacts:defaultartifacts
ImportWorker Server TCP listen port: 0
AcceleratorClientConnectionCallback - disconnected - :0
Begin MonoManager ReloadAssembly
Registering precompiled unity dll's ...
Register platform support module: C:/Program Files/Unity 6000.0.80f1/Editor/Data/PlaybackEngines/WindowsStandaloneSupport/UnityEditor.WindowsStandalone.Extensions.dll
Registered in 0.002761 seconds.
- Loaded All Assemblies, in  0.338 seconds
Native extension for WindowsStandalone target not found
Package Manager log level set to [2]
Mono: successfully reloaded assembly
- Finished resetting the current domain, in  0.297 seconds
Domain Reload Profiling: 634ms
	BeginReloadAssembly (113ms)
		ExecutionOrderSort (0ms)
		DisableScriptedObjects (0ms)
		BackupInstance (0ms)
		ReleaseScriptingObjects (0ms)
		CreateAndSetChildDomain (1ms)
	RebuildCommonClasses (33ms)
	RebuildNativeTypeToScriptingClass (10ms)
	initialDomainReloadingComplete (49ms)
	LoadAllAssembliesAndSetupDomain (131ms)
		LoadAssemblies (110ms)
		RebuildTransferFunctionScriptingTraits (0ms)
		AnalyzeDomain (128ms)
			TypeCache.Refresh (127ms)
				TypeCache.ScanAssembly (116ms)
			BuildScriptInfoCaches (0ms)
			ResolveRequiredComponents (0ms)
	FinalizeReload (298ms)
		ReleaseScriptCaches (0ms)
		RebuildScriptCaches (0ms)
		SetupLoadedEditorAssemblies (266ms)
			LogAssemblyErrors (0ms)
			InitializePlatformSupportModulesInManaged (22ms)
			SetLoadedEditorAssemblies (4ms)
			BeforeProcessingInitializeOnLoad (50ms)
			ProcessInitializeOnLoadAttributes (138ms)
			ProcessInitializeOnLoadMethodAttributes (52ms)
			AfterProcessingInitializeOnLoad (0ms)
			EditorAssembliesLoaded (0ms)
		ExecutionOrderSort2 (0ms)
		AwakeInstancesAfterBackupRestoration (0ms)
[Licensing::Client] Successfully resolved entitlement details
Application.AssetDatabase Initial Refresh Start
[Package Manager] Restoring resolved packages state from cache
[Licensing::Client] Successfully resolved entitlement details
[Package Manager] Registered 59 packages:
  Packages from [https://packages.unity.com]:
    com.unity.ai.inference@2.6.1 (location: C:\ObsidianProtocol-Autonomous-Warfare\OPAW\Library\PackageCache\com.unity.ai.inference@9a123aee5df7)
    com.unity.ai.navigation@2.0.14 (location: C:\ObsidianProtocol-Autonomous-Warfare\OPAW\Library\PackageCache\com.unity.ai.navigation@134dd6a3b97b)
    com.unity.collab-proxy@2.13.3 (location: C:\ObsidianProtocol-Autonomous-Warfare\OPAW\Library\PackageCache\com.unity.collab-proxy@4f3be89e8675)
    com.unity.ide.rider@3.0.40 (location: C:\ObsidianProtocol-Autonomous-Warfare\OPAW\Library\PackageCache\com.unity.ide.rider@e4950c6d131b)
    com.unity.ide.visualstudio@2.0.28 (location: C:\ObsidianProtocol-Autonomous-Warfare\OPAW\Library\PackageCache\com.unity.ide.visualstudio@b5edea5f33f4)
    com.unity.inputsystem@1.19.0 (location: C:\ObsidianProtocol-Autonomous-Warfare\OPAW\Library\PackageCache\com.unity.inputsystem@21a28c3a6c83)
    com.unity.timeline@1.8.13 (location: C:\ObsidianProtocol-Autonomous-Warfare\OPAW\Library\PackageCache\com.unity.timeline@3a22918286f5)
    com.unity.visualscripting@1.9.12 (location: C:\ObsidianProtocol-Autonomous-Warfare\OPAW\Library\PackageCache\com.unity.visualscripting@4edfcc09512f)
    com.unity.collections@2.6.7 (location: C:\ObsidianProtocol-Autonomous-Warfare\OPAW\Library\PackageCache\com.unity.collections@31e963071226)
    com.unity.burst@1.8.29 (location: C:\ObsidianProtocol-Autonomous-Warfare\OPAW\Library\PackageCache\com.unity.burst@6bb9aca3ef38)
    com.unity.dt.app-ui@1.3.6 (location: C:\ObsidianProtocol-Autonomous-Warfare\OPAW\Library\PackageCache\com.unity.dt.app-ui@3bbd9e4c5c92)
    com.unity.nuget.newtonsoft-json@3.2.2 (location: C:\ObsidianProtocol-Autonomous-Warfare\OPAW\Library\PackageCache\com.unity.nuget.newtonsoft-json@4dfd81071c64)
    com.unity.searcher@4.9.3 (location: C:\ObsidianProtocol-Autonomous-Warfare\OPAW\Library\PackageCache\com.unity.searcher@1e17ce91558d)
    com.unity.mathematics@1.3.2 (location: C:\ObsidianProtocol-Autonomous-Warfare\OPAW\Library\PackageCache\com.unity.mathematics@8017b507cc74)
    com.unity.nuget.mono-cecil@1.11.6 (location: C:\ObsidianProtocol-Autonomous-Warfare\OPAW\Library\PackageCache\com.unity.nuget.mono-cecil@ecb9724e46ff)
    com.unity.test-framework.performance@3.5.0 (location: C:\ObsidianProtocol-Autonomous-Warfare\OPAW\Library\PackageCache\com.unity.test-framework.performance@8b56083ec0f0)
  Built-in packages:
    com.unity.2d.sprite@1.0.0 (location: C:\ObsidianProtocol-Autonomous-Warfare\OPAW\Library\PackageCache\com.unity.2d.sprite@0eb6ea2c7181)
    com.unity.multiplayer.center@1.0.0 (location: C:\ObsidianProtocol-Autonomous-Warfare\OPAW\Library\PackageCache\com.unity.multiplayer.center@f3fb577b3546)
    com.unity.render-pipelines.universal@17.0.4 (location: C:\ObsidianProtocol-Autonomous-Warfare\OPAW\Library\PackageCache\com.unity.render-pipelines.universal@9c1decc64651)
    com.unity.test-framework@1.6.0 (location: C:\ObsidianProtocol-Autonomous-Warfare\OPAW\Library\PackageCache\com.unity.test-framework@082c24152fd4)
    com.unity.ugui@2.0.0 (location: C:\ObsidianProtocol-Autonomous-Warfare\OPAW\Library\PackageCache\com.unity.ugui@4601c9db1b9b)
    com.unity.modules.accessibility@1.0.0 (location: C:\ObsidianProtocol-Autonomous-Warfare\OPAW\Library\PackageCache\com.unity.modules.accessibility)
    com.unity.modules.ai@1.0.0 (location: C:\ObsidianProtocol-Autonomous-Warfare\OPAW\Library\PackageCache\com.unity.modules.ai)
    com.unity.modules.androidjni@1.0.0 (location: C:\ObsidianProtocol-Autonomous-Warfare\OPAW\Library\PackageCache\com.unity.modules.androidjni)
    com.unity.modules.animation@1.0.0 (location: C:\ObsidianProtocol-Autonomous-Warfare\OPAW\Library\PackageCache\com.unity.modules.animation)
    com.unity.modules.assetbundle@1.0.0 (location: C:\ObsidianProtocol-Autonomous-Warfare\OPAW\Library\PackageCache\com.unity.modules.assetbundle)
    com.unity.modules.audio@1.0.0 (location: C:\ObsidianProtocol-Autonomous-Warfare\OPAW\Library\PackageCache\com.unity.modules.audio)
    com.unity.modules.cloth@1.0.0 (location: C:\ObsidianProtocol-Autonomous-Warfare\OPAW\Library\PackageCache\com.unity.modules.cloth)
    com.unity.modules.director@1.0.0 (location: C:\ObsidianProtocol-Autonomous-Warfare\OPAW\Library\PackageCache\com.unity.modules.director)
    com.unity.modules.imageconversion@1.0.0 (location: C:\ObsidianProtocol-Autonomous-Warfare\OPAW\Library\PackageCache\com.unity.modules.imageconversion)
    com.unity.modules.imgui@1.0.0 (location: C:\ObsidianProtocol-Autonomous-Warfare\OPAW\Library\PackageCache\com.unity.modules.imgui)
    com.unity.modules.jsonserialize@1.0.0 (location: C:\ObsidianProtocol-Autonomous-Warfare\OPAW\Library\PackageCache\com.unity.modules.jsonserialize)
    com.unity.modules.particlesystem@1.0.0 (location: C:\ObsidianProtocol-Autonomous-Warfare\OPAW\Library\PackageCache\com.unity.modules.particlesystem)
    com.unity.modules.physics@1.0.0 (location: C:\ObsidianProtocol-Autonomous-Warfare\OPAW\Library\PackageCache\com.unity.modules.physics)
    com.unity.modules.physics2d@1.0.0 (location: C:\ObsidianProtocol-Autonomous-Warfare\OPAW\Library\PackageCache\com.unity.modules.physics2d)
    com.unity.modules.screencapture@1.0.0 (location: C:\ObsidianProtocol-Autonomous-Warfare\OPAW\Library\PackageCache\com.unity.modules.screencapture)
    com.unity.modules.terrain@1.0.0 (location: C:\ObsidianProtocol-Autonomous-Warfare\OPAW\Library\PackageCache\com.unity.modules.terrain)
    com.unity.modules.terrainphysics@1.0.0 (location: C:\ObsidianProtocol-Autonomous-Warfare\OPAW\Library\PackageCache\com.unity.modules.terrainphysics)
    com.unity.modules.tilemap@1.0.0 (location: C:\ObsidianProtocol-Autonomous-Warfare\OPAW\Library\PackageCache\com.unity.modules.tilemap)
    com.unity.modules.ui@1.0.0 (location: C:\ObsidianProtocol-Autonomous-Warfare\OPAW\Library\PackageCache\com.unity.modules.ui)
    com.unity.modules.uielements@1.0.0 (location: C:\ObsidianProtocol-Autonomous-Warfare\OPAW\Library\PackageCache\com.unity.modules.uielements)
    com.unity.modules.umbra@1.0.0 (location: C:\ObsidianProtocol-Autonomous-Warfare\OPAW\Library\PackageCache\com.unity.modules.umbra)
    com.unity.modules.unityanalytics@1.0.0 (location: C:\ObsidianProtocol-Autonomous-Warfare\OPAW\Library\PackageCache\com.unity.modules.unityanalytics)
    com.unity.modules.unitywebrequest@1.0.0 (location: C:\ObsidianProtocol-Autonomous-Warfare\OPAW\Library\PackageCache\com.unity.modules.unitywebrequest)
    com.unity.modules.unitywebrequestassetbundle@1.0.0 (location: C:\ObsidianProtocol-Autonomous-Warfare\OPAW\Library\PackageCache\com.unity.modules.unitywebrequestassetbundle)
    com.unity.modules.unitywebrequestaudio@1.0.0 (location: C:\ObsidianProtocol-Autonomous-Warfare\OPAW\Library\PackageCache\com.unity.modules.unitywebrequestaudio)
    com.unity.modules.unitywebrequesttexture@1.0.0 (location: C:\ObsidianProtocol-Autonomous-Warfare\OPAW\Library\PackageCache\com.unity.modules.unitywebrequesttexture)
    com.unity.modules.unitywebrequestwww@1.0.0 (location: C:\ObsidianProtocol-Autonomous-Warfare\OPAW\Library\PackageCache\com.unity.modules.unitywebrequestwww)
    com.unity.modules.vehicles@1.0.0 (location: C:\ObsidianProtocol-Autonomous-Warfare\OPAW\Library\PackageCache\com.unity.modules.vehicles)
    com.unity.modules.video@1.0.0 (location: C:\ObsidianProtocol-Autonomous-Warfare\OPAW\Library\PackageCache\com.unity.modules.video)
    com.unity.modules.wind@1.0.0 (location: C:\ObsidianProtocol-Autonomous-Warfare\OPAW\Library\PackageCache\com.unity.modules.wind)
    com.unity.modules.xr@1.0.0 (location: C:\ObsidianProtocol-Autonomous-Warfare\OPAW\Library\PackageCache\com.unity.modules.xr)
    com.unity.modules.subsystems@1.0.0 (location: C:\ObsidianProtocol-Autonomous-Warfare\OPAW\Library\PackageCache\com.unity.modules.subsystems)
    com.unity.modules.hierarchycore@1.0.0 (location: C:\ObsidianProtocol-Autonomous-Warfare\OPAW\Library\PackageCache\com.unity.modules.hierarchycore)
    com.unity.ext.nunit@2.0.5 (location: C:\ObsidianProtocol-Autonomous-Warfare\OPAW\Library\PackageCache\com.unity.ext.nunit@031a54704bff)
    com.unity.render-pipelines.core@17.0.4 (location: C:\ObsidianProtocol-Autonomous-Warfare\OPAW\Library\PackageCache\com.unity.render-pipelines.core@8e828b9223c8)
    com.unity.shadergraph@17.0.4 (location: C:\ObsidianProtocol-Autonomous-Warfare\OPAW\Library\PackageCache\com.unity.shadergraph@14250cfec0ec)
    com.unity.render-pipelines.universal-config@17.0.3 (location: C:\ObsidianProtocol-Autonomous-Warfare\OPAW\Library\PackageCache\com.unity.render-pipelines.universal-config@dd206bf35d04)
    com.unity.rendering.light-transport@1.0.1 (location: C:\ObsidianProtocol-Autonomous-Warfare\OPAW\Library\PackageCache\com.unity.rendering.light-transport@9bd588f963c0)
[Subsystems] No new subsystems found in resolved package list.
[Package Manager] Done registering packages in 0.02 seconds
A meta data file (.meta) exists but its asset 'Packages/com.unity.shadergraph/Editor/Data/Actions' can't be found. When moving or deleting files outside of Unity, please ensure that the corresponding .meta file is moved or deleted along with it.
Couldn't delete Packages/com.unity.shadergraph/Editor/Data/Actions.meta because it's in an immutable folder.
A meta data file (.meta) exists but its asset 'Packages/com.unity.shadergraph/Editor/Data/Attributes/SubTargetFilterAttribute.cs' can't be found. When moving or deleting files outside of Unity, please ensure that the corresponding .meta file is moved or deleted along with it.
Couldn't delete Packages/com.unity.shadergraph/Editor/Data/Attributes/SubTargetFilterAttribute.cs.meta because it's in an immutable folder.
[ScriptCompilation] Requested script compilation because: Assetdatabase observed changes in script compilation related files
Starting: C:\Program Files\Unity 6000.0.80f1\Editor\Data\bee_backend.exe --ipc --defer-dag-verification --dagfile="Library/Bee/1900b0aE.dag" --continue-on-failure --profile="Library/Bee/backend1.traceevents" ScriptAssemblies
WorkingDir: C:/ObsidianProtocol-Autonomous-Warfare/OPAW
DisplayProgressbar: Compiling Scripts
ExitCode: 3 Duration: 0s685ms
[ 798/1047  0s] ILPP-Configuration Library/ilpp-configuration.nevergeneratedoutput
[1021/1047  0s] Csc Library/Bee/artifacts/1900b0aE.dag/Unity.ShaderGraph.Editor.dll (+2 others)
##### CommandLine
"C:\Program Files\Unity 6000.0.80f1\Editor\Data\NetCoreRuntime\dotnet.exe" exec "C:/Program Files/Unity 6000.0.80f1/Editor/Data/DotNetSdkRoslyn/csc.dll" /nostdlib /noconfig /shared "@Library/Bee/artifacts/1900b0aE.dag/Unity.ShaderGraph.Editor.rsp" "@Library/Bee/artifacts/1900b0aE.dag/Unity.ShaderGraph.Editor.rsp2"
##### Contents of Library\Bee\artifacts\1900b0aE.dag\Unity.ShaderGraph.Editor.rsp
-target:library
-out:"Library/Bee/artifacts/1900b0aE.dag/Unity.ShaderGraph.Editor.dll"
-refout:"Library/Bee/artifacts/1900b0aE.dag/Unity.ShaderGraph.Editor.ref.dll"
-define:UNITY_6000_0_80
-define:UNITY_6000_0
-define:UNITY_6000
-define:UNITY_5_3_OR_NEWER
-define:UNITY_5_4_OR_NEWER
-define:UNITY_5_5_OR_NEWER
-define:UNITY_5_6_OR_NEWER
-define:UNITY_2017_1_OR_NEWER
-define:UNITY_2017_2_OR_NEWER
-define:UNITY_2017_3_OR_NEWER
-define:UNITY_2017_4_OR_NEWER
-define:UNITY_2018_1_OR_NEWER
-define:UNITY_2018_2_OR_NEWER
-define:UNITY_2018_3_OR_NEWER
-define:UNITY_2018_4_OR_NEWER
-define:UNITY_2019_1_OR_NEWER
-define:UNITY_2019_2_OR_NEWER
-define:UNITY_2019_3_OR_NEWER
-define:UNITY_2019_4_OR_NEWER
-define:UNITY_2020_1_OR_NEWER
-define:UNITY_2020_2_OR_NEWER
-define:UNITY_2020_3_OR_NEWER
-define:UNITY_2021_1_OR_NEWER
-define:UNITY_2021_2_OR_NEWER
-define:UNITY_2021_3_OR_NEWER
-define:UNITY_2022_1_OR_NEWER
-define:UNITY_2022_2_OR_NEWER
-define:UNITY_2022_3_OR_NEWER
-define:UNITY_2023_1_OR_NEWER
-define:UNITY_2023_2_OR_NEWER
-define:UNITY_2023_3_OR_NEWER
-define:UNITY_6000_0_OR_NEWER
-define:PLATFORM_ARCH_64
-define:UNITY_64
-define:UNITY_INCLUDE_TESTS
-define:ENABLE_AR
-define:ENABLE_AUDIO
-define:ENABLE_CACHING
-define:ENABLE_CLOTH
-define:ENABLE_EVENT_QUEUE
-define:ENABLE_MICROPHONE
-define:ENABLE_MULTIPLE_DISPLAYS
-define:ENABLE_PHYSICS
-define:ENABLE_TEXTURE_STREAMING
-define:ENABLE_VIRTUALTEXTURING
-define:ENABLE_LZMA
-define:ENABLE_UNITYEVENTS
-define:ENABLE_VR
-define:ENABLE_WEBCAM
-define:ENABLE_UNITYWEBREQUEST
-define:ENABLE_WWW
-define:ENABLE_CLOUD_SERVICES
-define:ENABLE_CLOUD_SERVICES_ADS
-define:ENABLE_CLOUD_SERVICES_USE_WEBREQUEST
-define:ENABLE_UNITY_CONSENT
-define:ENABLE_UNITY_CLOUD_IDENTIFIERS
-define:ENABLE_CLOUD_SERVICES_CRASH_REPORTING
-define:ENABLE_CLOUD_SERVICES_NATIVE_CRASH_REPORTING
-define:ENABLE_CLOUD_SERVICES_PURCHASING
-define:ENABLE_CLOUD_SERVICES_ANALYTICS
-define:ENABLE_CLOUD_SERVICES_BUILD
-define:ENABLE_EDITOR_GAME_SERVICES
-define:ENABLE_UNITY_GAME_SERVICES_ANALYTICS_SUPPORT
-define:ENABLE_CLOUD_LICENSE
-define:ENABLE_EDITOR_HUB_LICENSE
-define:ENABLE_WEBSOCKET_CLIENT
-define:ENABLE_GENERATE_NATIVE_PLUGINS_FOR_ASSEMBLIES_API
-define:ENABLE_DIRECTOR_AUDIO
-define:ENABLE_DIRECTOR_TEXTURE
-define:ENABLE_MANAGED_JOBS
-define:ENABLE_MANAGED_TRANSFORM_JOBS
-define:ENABLE_MANAGED_ANIMATION_JOBS
-define:ENABLE_MANAGED_AUDIO_JOBS
-define:ENABLE_MANAGED_UNITYTLS
-define:INCLUDE_DYNAMIC_GI
-define:ENABLE_SCRIPTING_GC_WBARRIERS
-define:PLATFORM_SUPPORTS_MONO
-define:RENDER_SOFTWARE_CURSOR
-define:ENABLE_MARSHALLING_TESTS
-define:ENABLE_VIDEO
-define:ENABLE_NAVIGATION_OFFMESHLINK_TO_NAVMESHLINK
-define:ENABLE_ACCELERATOR_CLIENT_DEBUGGING
-define:TEXTCORE_1_0_OR_NEWER
-define:EDITOR_ONLY_NAVMESH_BUILDER_DEPRECATED
-define:PLATFORM_STANDALONE_WIN
-define:PLATFORM_STANDALONE
-define:UNITY_STANDALONE_WIN
-define:UNITY_STANDALONE
-define:ENABLE_RUNTIME_GI
-define:ENABLE_MOVIES
-define:ENABLE_NETWORK
-define:ENABLE_NVIDIA
-define:ENABLE_AMD
-define:ENABLE_CRUNCH_TEXTURE_COMPRESSION
-define:ENABLE_CLOUD_SERVICES_ENGINE_DIAGNOSTICS
-define:ENABLE_OUT_OF_PROCESS_CRASH_HANDLER
-define:ENABLE_CLUSTER_SYNC
-define:ENABLE_CLUSTERINPUT
-define:PLATFORM_UPDATES_TIME_OUTSIDE_OF_PLAYER_LOOP
-define:GFXDEVICE_WAITFOREVENT_MESSAGEPUMP
-define:PLATFORM_USES_EXPLICIT_MEMORY_MANAGER_INITIALIZER
-define:PLATFORM_SUPPORTS_WAIT_FOR_PRESENTATION
-define:PLATFORM_SUPPORTS_SPLIT_GRAPHICS_JOBS
-define:ENABLE_MONO
-define:NET_4_6
-define:NET_UNITY_4_8
-define:ENABLE_PROFILER
-define:DEBUG
-define:TRACE
-define:UNITY_ASSERTIONS
-define:UNITY_EDITOR
-define:UNITY_EDITOR_64
-define:UNITY_EDITOR_WIN
-define:ENABLE_UNITY_COLLECTIONS_CHECKS
-define:ENABLE_BURST_AOT
-define:UNITY_TEAM_LICENSE
-define:ENABLE_CUSTOM_RENDER_TEXTURE
-define:ENABLE_DIRECTOR
-define:ENABLE_LOCALIZATION
-define:ENABLE_SPRITES
-define:ENABLE_TERRAIN
-define:ENABLE_TILEMAP
-define:ENABLE_TIMELINE
-define:ENABLE_INPUT_SYSTEM
-define:TEXTCORE_FONT_ENGINE_1_5_OR_NEWER
-define:TEXTCORE_TEXT_ENGINE_1_5_OR_NEWER
-define:SENTIS_ANALYTICS_ENABLED
-define:APP_UI_EDITOR_ONLY
-define:CSHARP_7_OR_LATER
-define:CSHARP_7_3_OR_NEWER
-define:UNITY_EDITOR_ONLY_COMPILATION
-r:"C:/Program Files/Unity 6000.0.80f1/Editor/Data/Managed/UnityEditor.Graphs.dll"
-r:"C:/Program Files/Unity 6000.0.80f1/Editor/Data/Managed/UnityEngine/UnityEditor.AccessibilityModule.dll"
-r:"C:/Program Files/Unity 6000.0.80f1/Editor/Data/Managed/UnityEngine/UnityEditor.AdaptivePerformanceModule.dll"
-r:"C:/Program Files/Unity 6000.0.80f1/Editor/Data/Managed/UnityEngine/UnityEditor.BuildProfileModule.dll"
-r:"C:/Program Files/Unity 6000.0.80f1/Editor/Data/Managed/UnityEngine/UnityEditor.CoreBusinessMetricsModule.dll"
-r:"C:/Program Files/Unity 6000.0.80f1/Editor/Data/Managed/UnityEngine/UnityEditor.CoreModule.dll"
-r:"C:/Program Files/Unity 6000.0.80f1/Editor/Data/Managed/UnityEngine/UnityEditor.DeviceSimulatorModule.dll"
-r:"C:/Program Files/Unity 6000.0.80f1/Editor/Data/Managed/UnityEngine/UnityEditor.DiagnosticsModule.dll"
-r:"C:/Program Files/Unity 6000.0.80f1/Editor/Data/Managed/UnityEngine/UnityEditor.EditorToolbarModule.dll"
-r:"C:/Program Files/Unity 6000.0.80f1/Editor/Data/Managed/UnityEngine/UnityEditor.EmbreeModule.dll"
-r:"C:/Program Files/Unity 6000.0.80f1/Editor/Data/Managed/UnityEngine/UnityEditor.GIModule.dll"
-r:"C:/Program Files/Unity 6000.0.80f1/Editor/Data/Managed/UnityEngine/UnityEditor.GraphViewModule.dll"
-r:"C:/Program Files/Unity 6000.0.80f1/Editor/Data/Managed/UnityEngine/UnityEditor.GraphicsStateCollectionSerializerModule.dll"
-r:"C:/Program Files/Unity 6000.0.80f1/Editor/Data/Managed/UnityEngine/UnityEditor.GridAndSnapModule.dll"
-r:"C:/Program Files/Unity 6000.0.80f1/Editor/Data/Managed/UnityEngine/UnityEditor.GridModule.dll"
-r:"C:/Program Files/Unity 6000.0.80f1/Editor/Data/Managed/UnityEngine/UnityEditor.MultiplayerModule.dll"
-r:"C:/Program Files/Unity 6000.0.80f1/Editor/Data/Managed/UnityEngine/UnityEditor.Physics2DModule.dll"
-r:"C:/Program Files/Unity 6000.0.80f1/Editor/Data/Managed/UnityEngine/UnityEditor.PhysicsModule.dll"
-r:"C:/Program Files/Unity 6000.0.80f1/Editor/Data/Managed/UnityEngine/UnityEditor.PresetsUIModule.dll"
-r:"C:/Program Files/Unity 6000.0.80f1/Editor/Data/Managed/UnityEngine/UnityEditor.PropertiesModule.dll"
-r:"C:/Program Files/Unity 6000.0.80f1/Editor/Data/Managed/UnityEngine/UnityEditor.QuickInstallModule.dll"
-r:"C:/Program Files/Unity 6000.0.80f1/Editor/Data/Managed/UnityEngine/UnityEditor.QuickSearchModule.dll"
-r:"C:/Program Files/Unity 6000.0.80f1/Editor/Data/Managed/UnityEngine/UnityEditor.SafeModeModule.dll"
-r:"C:/Program Files/Unity 6000.0.80f1/Editor/Data/Managed/UnityEngine/UnityEditor.SceneTemplateModule.dll"
-r:"C:/Program Files/Unity 6000.0.80f1/Editor/Data/Managed/UnityEngine/UnityEditor.SceneViewModule.dll"
-r:"C:/Program Files/Unity 6000.0.80f1/Editor/Data/Managed/UnityEngine/UnityEditor.ShaderFoundryModule.dll"
-r:"C:/Program Files/Unity 6000.0.80f1/Editor/Data/Managed/UnityEngine/UnityEditor.SketchUpModule.dll"
-r:"C:/Program Files/Unity 6000.0.80f1/Editor/Data/Managed/UnityEngine/UnityEditor.SpriteMaskModule.dll"
-r:"C:/Program Files/Unity 6000.0.80f1/Editor/Data/Managed/UnityEngine/UnityEditor.SpriteShapeModule.dll"
-r:"C:/Program Files/Unity 6000.0.80f1/Editor/Data/Managed/UnityEngine/UnityEditor.SubstanceModule.dll"
-r:"C:/Program Files/Unity 6000.0.80f1/Editor/Data/Managed/UnityEngine/UnityEditor.TerrainModule.dll"
-r:"C:/Program Files/Unity 6000.0.80f1/Editor/Data/Managed/UnityEngine/UnityEditor.TextCoreFontEngineModule.dll"
-r:"C:/Program Files/Unity 6000.0.80f1/Editor/Data/Managed/UnityEngine/UnityEditor.TextCoreTextEngineModule.dll"
-r:"C:/Program Files/Unity 6000.0.80f1/Editor/Data/Managed/UnityEngine/UnityEditor.TextRenderingModule.dll"
-r:"C:/Program Files/Unity 6000.0.80f1/Editor/Data/Managed/UnityEngine/UnityEditor.TilemapModule.dll"
-r:"C:/Program Files/Unity 6000.0.80f1/Editor/Data/Managed/UnityEngine/UnityEditor.TreeModule.dll"
-r:"C:/Program Files/Unity 6000.0.80f1/Editor/Data/Managed/UnityEngine/UnityEditor.UIAutomationModule.dll"
-r:"C:/Program Files/Unity 6000.0.80f1/Editor/Data/Managed/UnityEngine/UnityEditor.UIBuilderModule.dll"
-r:"C:/Program Files/Unity 6000.0.80f1/Editor/Data/Managed/UnityEngine/UnityEditor.UIElementsModule.dll"
-r:"C:/Program Files/Unity 6000.0.80f1/Editor/Data/Managed/UnityEngine/UnityEditor.UIElementsSamplesModule.dll"
-r:"C:/Program Files/Unity 6000.0.80f1/Editor/Data/Managed/UnityEngine/UnityEditor.UmbraModule.dll"
-r:"C:/Program Files/Unity 6000.0.80f1/Editor/Data/Managed/UnityEngine/UnityEditor.UnityConnectModule.dll"
-r:"C:/Program Files/Unity 6000.0.80f1/Editor/Data/Managed/UnityEngine/UnityEditor.VFXModule.dll"
-r:"C:/Program Files/Unity 6000.0.80f1/Editor/Data/Managed/UnityEngine/UnityEditor.VideoModule.dll"
-r:"C:/Program Files/Unity 6000.0.80f1/Editor/Data/Managed/UnityEngine/UnityEditor.XRModule.dll"
-r:"C:/Program Files/Unity 6000.0.80f1/Editor/Data/Managed/UnityEngine/UnityEditor.dll"
-r:"C:/Program Files/Unity 6000.0.80f1/Editor/Data/Managed/UnityEngine/UnityEngine.AIModule.dll"
-r:"C:/Program Files/Unity 6000.0.80f1/Editor/Data/Managed/UnityEngine/UnityEngine.AMDModule.dll"
-r:"C:/Program Files/Unity 6000.0.80f1/Editor/Data/Managed/UnityEngine/UnityEngine.ARModule.dll"
-r:"C:/Program Files/Unity 6000.0.80f1/Editor/Data/Managed/UnityEngine/UnityEngine.AccessibilityModule.dll"
-r:"C:/Program Files/Unity 6000.0.80f1/Editor/Data/Managed/UnityEngine/UnityEngine.AndroidJNIModule.dll"
-r:"C:/Program Files/Unity 6000.0.80f1/Editor/Data/Managed/UnityEngine/UnityEngine.AnimationModule.dll"
-r:"C:/Program Files/Unity 6000.0.80f1/Editor/Data/Managed/UnityEngine/UnityEngine.AssetBundleModule.dll"
-r:"C:/Program Files/Unity 6000.0.80f1/Editor/Data/Managed/UnityEngine/UnityEngine.AudioModule.dll"
-r:"C:/Program Files/Unity 6000.0.80f1/Editor/Data/Managed/UnityEngine/UnityEngine.ClothModule.dll"
-r:"C:/Program Files/Unity 6000.0.80f1/Editor/Data/Managed/UnityEngine/UnityEngine.ClusterInputModule.dll"
-r:"C:/Program Files/Unity 6000.0.80f1/Editor/Data/Managed/UnityEngine/UnityEngine.ClusterRendererModule.dll"
-r:"C:/Program Files/Unity 6000.0.80f1/Editor/Data/Managed/UnityEngine/UnityEngine.ContentLoadModule.dll"
-r:"C:/Program Files/Unity 6000.0.80f1/Editor/Data/Managed/UnityEngine/UnityEngine.CoreModule.dll"
-r:"C:/Program Files/Unity 6000.0.80f1/Editor/Data/Managed/UnityEngine/UnityEngine.CrashReportingModule.dll"
-r:"C:/Program Files/Unity 6000.0.80f1/Editor/Data/Managed/UnityEngine/UnityEngine.DSPGraphModule.dll"
-r:"C:/Program Files/Unity 6000.0.80f1/Editor/Data/Managed/UnityEngine/UnityEngine.DirectorModule.dll"
-r:"C:/Program Files/Unity 6000.0.80f1/Editor/Data/Managed/UnityEngine/UnityEngine.GIModule.dll"
-r:"C:/Program Files/Unity 6000.0.80f1/Editor/Data/Managed/UnityEngine/UnityEngine.GameCenterModule.dll"
-r:"C:/Program Files/Unity 6000.0.80f1/Editor/Data/Managed/UnityEngine/UnityEngine.GraphicsStateCollectionSerializerModule.dll"
-r:"C:/Program Files/Unity 6000.0.80f1/Editor/Data/Managed/UnityEngine/UnityEngine.GridModule.dll"
-r:"C:/Program Files/Unity 6000.0.80f1/Editor/Data/Managed/UnityEngine/UnityEngine.HierarchyCoreModule.dll"
-r:"C:/Program Files/Unity 6000.0.80f1/Editor/Data/Managed/UnityEngine/UnityEngine.HotReloadModule.dll"
-r:"C:/Program Files/Unity 6000.0.80f1/Editor/Data/Managed/UnityEngine/UnityEngine.IMGUIModule.dll"
-r:"C:/Program Files/Unity 6000.0.80f1/Editor/Data/Managed/UnityEngine/UnityEngine.IdentifiersModule.dll"
-r:"C:/Program Files/Unity 6000.0.80f1/Editor/Data/Managed/UnityEngine/UnityEngine.ImageConversionModule.dll"
-r:"C:/Program Files/Unity 6000.0.80f1/Editor/Data/Managed/UnityEngine/UnityEngine.InputForUIModule.dll"
-r:"C:/Program Files/Unity 6000.0.80f1/Editor/Data/Managed/UnityEngine/UnityEngine.InputLegacyModule.dll"
-r:"C:/Program Files/Unity 6000.0.80f1/Editor/Data/Managed/UnityEngine/UnityEngine.InputModule.dll"
-r:"C:/Program Files/Unity 6000.0.80f1/Editor/Data/Managed/UnityEngine/UnityEngine.InsightsModule.dll"
-r:"C:/Program Files/Unity 6000.0.80f1/Editor/Data/Managed/UnityEngine/UnityEngine.JSONSerializeModule.dll"
-r:"C:/Program Files/Unity 6000.0.80f1/Editor/Data/Managed/UnityEngine/UnityEngine.LocalizationModule.dll"
-r:"C:/Program Files/Unity 6000.0.80f1/Editor/Data/Managed/UnityEngine/UnityEngine.MarshallingModule.dll"
-r:"C:/Program Files/Unity 6000.0.80f1/Editor/Data/Managed/UnityEngine/UnityEngine.MultiplayerModule.dll"
-r:"C:/Program Files/Unity 6000.0.80f1/Editor/Data/Managed/UnityEngine/UnityEngine.NVIDIAModule.dll"
-r:"C:/Program Files/Unity 6000.0.80f1/Editor/Data/Managed/UnityEngine/UnityEngine.ParticleSystemModule.dll"
-r:"C:/Program Files/Unity 6000.0.80f1/Editor/Data/Managed/UnityEngine/UnityEngine.PerformanceReportingModule.dll"
-r:"C:/Program Files/Unity 6000.0.80f1/Editor/Data/Managed/UnityEngine/UnityEngine.Physics2DModule.dll"
-r:"C:/Program Files/Unity 6000.0.80f1/Editor/Data/Managed/UnityEngine/UnityEngine.PhysicsModule.dll"
-r:"C:/Program Files/Unity 6000.0.80f1/Editor/Data/Managed/UnityEngine/UnityEngine.PropertiesModule.dll"
-r:"C:/Program Files/Unity 6000.0.80f1/Editor/Data/Managed/UnityEngine/UnityEngine.RuntimeInitializeOnLoadManagerInitializerModule.dll"
-r:"C:/Program Files/Unity 6000.0.80f1/Editor/Data/Managed/UnityEngine/UnityEngine.ScreenCaptureModule.dll"
-r:"C:/Program Files/Unity 6000.0.80f1/Editor/Data/Managed/UnityEngine/UnityEngine.ShaderVariantAnalyticsModule.dll"
-r:"C:/Program Files/Unity 6000.0.80f1/Editor/Data/Managed/UnityEngine/UnityEngine.SharedInternalsModule.dll"
-r:"C:/Program Files/Unity 6000.0.80f1/Editor/Data/Managed/UnityEngine/UnityEngine.SpriteMaskModule.dll"
-r:"C:/Program Files/Unity 6000.0.80f1/Editor/Data/Managed/UnityEngine/UnityEngine.SpriteShapeModule.dll"
-r:"C:/Program Files/Unity 6000.0.80f1/Editor/Data/Managed/UnityEngine/UnityEngine.StreamingModule.dll"
-r:"C:/Program Files/Unity 6000.0.80f1/Editor/Data/Managed/UnityEngine/UnityEngine.SubstanceModule.dll"
-r:"C:/Program Files/Unity 6000.0.80f1/Editor/Data/Managed/UnityEngine/UnityEngine.SubsystemsModule.dll"
-r:"C:/Program Files/Unity 6000.0.80f1/Editor/Data/Managed/UnityEngine/UnityEngine.TLSModule.dll"
-r:"C:/Program Files/Unity 6000.0.80f1/Editor/Data/Managed/UnityEngine/UnityEngine.TerrainModule.dll"
-r:"C:/Program Files/Unity 6000.0.80f1/Editor/Data/Managed/UnityEngine/UnityEngine.TerrainPhysicsModule.dll"
-r:"C:/Program Files/Unity 6000.0.80f1/Editor/Data/Managed/UnityEngine/UnityEngine.TextCoreFontEngineModule.dll"
-r:"C:/Program Files/Unity 6000.0.80f1/Editor/Data/Managed/UnityEngine/UnityEngine.TextCoreTextEngineModule.dll"
-r:"C:/Program Files/Unity 6000.0.80f1/Editor/Data/Managed/UnityEngine/UnityEngine.TextRenderingModule.dll"
-r:"C:/Program Files/Unity 6000.0.80f1/Editor/Data/Managed/UnityEngine/UnityEngine.TilemapModule.dll"
-r:"C:/Program Files/Unity 6000.0.80f1/Editor/Data/Managed/UnityEngine/UnityEngine.UIElementsModule.dll"
-r:"C:/Program Files/Unity 6000.0.80f1/Editor/Data/Managed/UnityEngine/UnityEngine.UIModule.dll"
-r:"C:/Program Files/Unity 6000.0.80f1/Editor/Data/Managed/UnityEngine/UnityEngine.UmbraModule.dll"
-r:"C:/Program Files/Unity 6000.0.80f1/Editor/Data/Managed/UnityEngine/UnityEngine.UnityAnalyticsCommonModule.dll"
-r:"C:/Program Files/Unity 6000.0.80f1/Editor/Data/Managed/UnityEngine/UnityEngine.UnityAnalyticsModule.dll"
-r:"C:/Program Files/Unity 6000.0.80f1/Editor/Data/Managed/UnityEngine/UnityEngine.UnityConnectModule.dll"
-r:"C:/Program Files/Unity 6000.0.80f1/Editor/Data/Managed/UnityEngine/UnityEngine.UnityConsentModule.dll"
-r:"C:/Program Files/Unity 6000.0.80f1/Editor/Data/Managed/UnityEngine/UnityEngine.UnityCurlModule.dll"
-r:"C:/Program Files/Unity 6000.0.80f1/Editor/Data/Managed/UnityEngine/UnityEngine.UnityTestProtocolModule.dll"
-r:"C:/Program Files/Unity 6000.0.80f1/Editor/Data/Managed/UnityEngine/UnityEngine.UnityWebRequestAssetBundleModule.dll"
-r:"C:/Program Files/Unity 6000.0.80f1/Editor/Data/Managed/UnityEngine/UnityEngine.UnityWebRequestAudioModule.dll"
-r:"C:/Program Files/Unity 6000.0.80f1/Editor/Data/Managed/UnityEngine/UnityEngine.UnityWebRequestModule.dll"
-r:"C:/Program Files/Unity 6000.0.80f1/Editor/Data/Managed/UnityEngine/UnityEngine.UnityWebRequestTextureModule.dll"
-r:"C:/Program Files/Unity 6000.0.80f1/Editor/Data/Managed/UnityEngine/UnityEngine.UnityWebRequestWWWModule.dll"
-r:"C:/Program Files/Unity 6000.0.80f1/Editor/Data/Managed/UnityEngine/UnityEngine.VFXModule.dll"
-r:"C:/Program Files/Unity 6000.0.80f1/Editor/Data/Managed/UnityEngine/UnityEngine.VRModule.dll"
-r:"C:/Program Files/Unity 6000.0.80f1/Editor/Data/Managed/UnityEngine/UnityEngine.VehiclesModule.dll"
-r:"C:/Program Files/Unity 6000.0.80f1/Editor/Data/Managed/UnityEngine/UnityEngine.VideoModule.dll"
-r:"C:/Program Files/Unity 6000.0.80f1/Editor/Data/Managed/UnityEngine/UnityEngine.VirtualTexturingModule.dll"
-r:"C:/Program Files/Unity 6000.0.80f1/Editor/Data/Managed/UnityEngine/UnityEngine.WindModule.dll"
-r:"C:/Program Files/Unity 6000.0.80f1/Editor/Data/Managed/UnityEngine/UnityEngine.XRModule.dll"
-r:"C:/Program Files/Unity 6000.0.80f1/Editor/Data/Managed/UnityEngine/UnityEngine.dll"
-r:"C:/Program Files/Unity 6000.0.80f1/Editor/Data/PlaybackEngines/WindowsStandaloneSupport/UnityEditor.WindowsStandalone.Extensions.dll"
-r:"C:/Program Files/Unity 6000.0.80f1/Editor/Data/UnityReferenceAssemblies/unity-4.8-api/Facades/Microsoft.Win32.Primitives.dll"
-r:"C:/Program Files/Unity 6000.0.80f1/Editor/Data/UnityReferenceAssemblies/unity-4.8-api/Facades/System.AppContext.dll"
-r:"C:/Program Files/Unity 6000.0.80f1/Editor/Data/UnityReferenceAssemblies/unity-4.8-api/Facades/System.Buffers.dll"
-r:"C:/Program Files/Unity 6000.0.80f1/Editor/Data/UnityReferenceAssemblies/unity-4.8-api/Facades/System.Collections.Concurrent.dll"
-r:"C:/Program Files/Unity 6000.0.80f1/Editor/Data/UnityReferenceAssemblies/unity-4.8-api/Facades/System.Collections.NonGeneric.dll"
-r:"C:/Program Files/Unity 6000.0.80f1/Editor/Data/UnityReferenceAssemblies/unity-4.8-api/Facades/System.Collections.Specialized.dll"
-r:"C:/Program Files/Unity 6000.0.80f1/Editor/Data/UnityReferenceAssemblies/unity-4.8-api/Facades/System.Collections.dll"
-r:"C:/Program Files/Unity 6000.0.80f1/Editor/Data/UnityReferenceAssemblies/unity-4.8-api/Facades/System.ComponentModel.Annotations.dll"
-r:"C:/Program Files/Unity 6000.0.80f1/Editor/Data/UnityReferenceAssemblies/unity-4.8-api/Facades/System.ComponentModel.EventBasedAsync.dll"
-r:"C:/Program Files/Unity 6000.0.80f1/Editor/Data/UnityReferenceAssemblies/unity-4.8-api/Facades/System.ComponentModel.Primitives.dll"
-r:"C:/Program Files/Unity 6000.0.80f1/Editor/Data/UnityReferenceAssemblies/unity-4.8-api/Facades/System.ComponentModel.TypeConverter.dll"
-r:"C:/Program Files/Unity 6000.0.80f1/Editor/Data/UnityReferenceAssemblies/unity-4.8-api/Facades/System.ComponentModel.dll"
-r:"C:/Program Files/Unity 6000.0.80f1/Editor/Data/UnityReferenceAssemblies/unity-4.8-api/Facades/System.Console.dll"
-r:"C:/Program Files/Unity 6000.0.80f1/Editor/Data/UnityReferenceAssemblies/unity-4.8-api/Facades/System.Data.Common.dll"
-r:"C:/Program Files/Unity 6000.0.80f1/Editor/Data/UnityReferenceAssemblies/unity-4.8-api/Facades/System.Diagnostics.Contracts.dll"
-r:"C:/Program Files/Unity 6000.0.80f1/Editor/Data/UnityReferenceAssemblies/unity-4.8-api/Facades/System.Diagnostics.Debug.dll"
-r:"C:/Program Files/Unity 6000.0.80f1/Editor/Data/UnityReferenceAssemblies/unity-4.8-api/Facades/System.Diagnostics.FileVersionInfo.dll"
-r:"C:/Program Files/Unity 6000.0.80f1/Editor/Data/UnityReferenceAssemblies/unity-4.8-api/Facades/System.Diagnostics.Process.dll"
-r:"C:/Program Files/Unity 6000.0.80f1/Editor/Data/UnityReferenceAssemblies/unity-4.8-api/Facades/System.Diagnostics.StackTrace.dll"
-r:"C:/Program Files/Unity 6000.0.80f1/Editor/Data/UnityReferenceAssemblies/unity-4.8-api/Facades/System.Diagnostics.TextWriterTraceListener.dll"
-r:"C:/Program Files/Unity 6000.0.80f1/Editor/Data/UnityReferenceAssemblies/unity-4.8-api/Facades/System.Diagnostics.Tools.dll"
-r:"C:/Program Files/Unity 6000.0.80f1/Editor/Data/UnityReferenceAssemblies/unity-4.8-api/Facades/System.Diagnostics.TraceSource.dll"
-r:"C:/Program Files/Unity 6000.0.80f1/Editor/Data/UnityReferenceAssemblies/unity-4.8-api/Facades/System.Drawing.Primitives.dll"
-r:"C:/Program Files/Unity 6000.0.80f1/Editor/Data/UnityReferenceAssemblies/unity-4.8-api/Facades/System.Dynamic.Runtime.dll"
-r:"C:/Program Files/Unity 6000.0.80f1/Editor/Data/UnityReferenceAssemblies/unity-4.8-api/Facades/System.Globalization.Calendars.dll"
-r:"C:/Program Files/Unity 6000.0.80f1/Editor/Data/UnityReferenceAssemblies/unity-4.8-api/Facades/System.Globalization.Extensions.dll"
-r:"C:/Program Files/Unity 6000.0.80f1/Editor/Data/UnityReferenceAssemblies/unity-4.8-api/Facades/System.Globalization.dll"
-r:"C:/Program Files/Unity 6000.0.80f1/Editor/Data/UnityReferenceAssemblies/unity-4.8-api/Facades/System.IO.Compression.ZipFile.dll"
-r:"C:/Program Files/Unity 6000.0.80f1/Editor/Data/UnityReferenceAssemblies/unity-4.8-api/Facades/System.IO.FileSystem.DriveInfo.dll"
-r:"C:/Program Files/Unity 6000.0.80f1/Editor/Data/UnityReferenceAssemblies/unity-4.8-api/Facades/System.IO.FileSystem.Primitives.dll"
-r:"C:/Program Files/Unity 6000.0.80f1/Editor/Data/UnityReferenceAssemblies/unity-4.8-api/Facades/System.IO.FileSystem.Watcher.dll"
-r:"C:/Program Files/Unity 6000.0.80f1/Editor/Data/UnityReferenceAssemblies/unity-4.8-api/Facades/System.IO.FileSystem.dll"
-r:"C:/Program Files/Unity 6000.0.80f1/Editor/Data/UnityReferenceAssemblies/unity-4.8-api/Facades/System.IO.IsolatedStorage.dll"
-r:"C:/Program Files/Unity 6000.0.80f1/Editor/Data/UnityReferenceAssemblies/unity-4.8-api/Facades/System.IO.MemoryMappedFiles.dll"
-r:"C:/Program Files/Unity 6000.0.80f1/Editor/Data/UnityReferenceAssemblies/unity-4.8-api/Facades/System.IO.Pipes.dll"
-r:"C:/Program Files/Unity 6000.0.80f1/Editor/Data/UnityReferenceAssemblies/unity-4.8-api/Facades/System.IO.UnmanagedMemoryStream.dll"
-r:"C:/Program Files/Unity 6000.0.80f1/Editor/Data/UnityReferenceAssemblies/unity-4.8-api/Facades/System.IO.dll"
-r:"C:/Program Files/Unity 6000.0.80f1/Editor/Data/UnityReferenceAssemblies/unity-4.8-api/Facades/System.Linq.Expressions.dll"
-r:"C:/Program Files/Unity 6000.0.80f1/Editor/Data/UnityReferenceAssemblies/unity-4.8-api/Facades/System.Linq.Parallel.dll"
-r:"C:/Program Files/Unity 6000.0.80f1/Editor/Data/UnityReferenceAssemblies/unity-4.8-api/Facades/System.Linq.Queryable.dll"
-r:"C:/Program Files/Unity 6000.0.80f1/Editor/Data/UnityReferenceAssemblies/unity-4.8-api/Facades/System.Linq.dll"
-r:"C:/Program Files/Unity 6000.0.80f1/Editor/Data/UnityReferenceAssemblies/unity-4.8-api/Facades/System.Memory.dll"
-r:"C:/Program Files/Unity 6000.0.80f1/Editor/Data/UnityReferenceAssemblies/unity-4.8-api/Facades/System.Net.Http.Rtc.dll"
-r:"C:/Program Files/Unity 6000.0.80f1/Editor/Data/UnityReferenceAssemblies/unity-4.8-api/Facades/System.Net.NameResolution.dll"
-r:"C:/Program Files/Unity 6000.0.80f1/Editor/Data/UnityReferenceAssemblies/unity-4.8-api/Facades/System.Net.NetworkInformation.dll"
-r:"C:/Program Files/Unity 6000.0.80f1/Editor/Data/UnityReferenceAssemblies/unity-4.8-api/Facades/System.Net.Ping.dll"
-r:"C:/Program Files/Unity 6000.0.80f1/Editor/Data/UnityReferenceAssemblies/unity-4.8-api/Facades/System.Net.Primitives.dll"
-r:"C:/Program Files/Unity 6000.0.80f1/Editor/Data/UnityReferenceAssemblies/unity-4.8-api/Facades/System.Net.Requests.dll"
-r:"C:/Program Files/Unity 6000.0.80f1/Editor/Data/UnityReferenceAssemblies/unity-4.8-api/Facades/System.Net.Security.dll"
-r:"C:/Program Files/Unity 6000.0.80f1/Editor/Data/UnityReferenceAssemblies/unity-4.8-api/Facades/System.Net.Sockets.dll"
-r:"C:/Program Files/Unity 6000.0.80f1/Editor/Data/UnityReferenceAssemblies/unity-4.8-api/Facades/System.Net.WebHeaderCollection.dll"
-r:"C:/Program Files/Unity 6000.0.80f1/Editor/Data/UnityReferenceAssemblies/unity-4.8-api/Facades/System.Net.WebSockets.Client.dll"
-r:"C:/Program Files/Unity 6000.0.80f1/Editor/Data/UnityReferenceAssemblies/unity-4.8-api/Facades/System.Net.WebSockets.dll"
-r:"C:/Program Files/Unity 6000.0.80f1/Editor/Data/UnityReferenceAssemblies/unity-4.8-api/Facades/System.ObjectModel.dll"
-r:"C:/Program Files/Unity 6000.0.80f1/Editor/Data/UnityReferenceAssemblies/unity-4.8-api/Facades/System.Reflection.DispatchProxy.dll"
-r:"C:/Program Files/Unity 6000.0.80f1/Editor/Data/UnityReferenceAssemblies/unity-4.8-api/Facades/System.Reflection.Emit.ILGeneration.dll"
-r:"C:/Program Files/Unity 6000.0.80f1/Editor/Data/UnityReferenceAssemblies/unity-4.8-api/Facades/System.Reflection.Emit.Lightweight.dll"
-r:"C:/Program Files/Unity 6000.0.80f1/Editor/Data/UnityReferenceAssemblies/unity-4.8-api/Facades/System.Reflection.Emit.dll"
-r:"C:/Program Files/Unity 6000.0.80f1/Editor/Data/UnityReferenceAssemblies/unity-4.8-api/Facades/System.Reflection.Extensions.dll"
-r:"C:/Program Files/Unity 6000.0.80f1/Editor/Data/UnityReferenceAssemblies/unity-4.8-api/Facades/System.Reflection.Primitives.dll"
-r:"C:/Program Files/Unity 6000.0.80f1/Editor/Data/UnityReferenceAssemblies/unity-4.8-api/Facades/System.Reflection.dll"
-r:"C:/Program Files/Unity 6000.0.80f1/Editor/Data/UnityReferenceAssemblies/unity-4.8-api/Facades/System.Resources.Reader.dll"
-r:"C:/Program Files/Unity 6000.0.80f1/Editor/Data/UnityReferenceAssemblies/unity-4.8-api/Facades/System.Resources.ResourceManager.dll"
-r:"C:/Program Files/Unity 6000.0.80f1/Editor/Data/UnityReferenceAssemblies/unity-4.8-api/Facades/System.Resources.Writer.dll"
-r:"C:/Program Files/Unity 6000.0.80f1/Editor/Data/UnityReferenceAssemblies/unity-4.8-api/Facades/System.Runtime.CompilerServices.VisualC.dll"
-r:"C:/Program Files/Unity 6000.0.80f1/Editor/Data/UnityReferenceAssemblies/unity-4.8-api/Facades/System.Runtime.Extensions.dll"
-r:"C:/Program Files/Unity 6000.0.80f1/Editor/Data/UnityReferenceAssemblies/unity-4.8-api/Facades/System.Runtime.Handles.dll"
-r:"C:/Program Files/Unity 6000.0.80f1/Editor/Data/UnityReferenceAssemblies/unity-4.8-api/Facades/System.Runtime.InteropServices.RuntimeInformation.dll"
-r:"C:/Program Files/Unity 6000.0.80f1/Editor/Data/UnityReferenceAssemblies/unity-4.8-api/Facades/System.Runtime.InteropServices.WindowsRuntime.dll"
-r:"C:/Program Files/Unity 6000.0.80f1/Editor/Data/UnityReferenceAssemblies/unity-4.8-api/Facades/System.Runtime.InteropServices.dll"
-r:"C:/Program Files/Unity 6000.0.80f1/Editor/Data/UnityReferenceAssemblies/unity-4.8-api/Facades/System.Runtime.Numerics.dll"
-r:"C:/Program Files/Unity 6000.0.80f1/Editor/Data/UnityReferenceAssemblies/unity-4.8-api/Facades/System.Runtime.Serialization.Formatters.dll"
-r:"C:/Program Files/Unity 6000.0.80f1/Editor/Data/UnityReferenceAssemblies/unity-4.8-api/Facades/System.Runtime.Serialization.Json.dll"
-r:"C:/Program Files/Unity 6000.0.80f1/Editor/Data/UnityReferenceAssemblies/unity-4.8-api/Facades/System.Runtime.Serialization.Primitives.dll"
-r:"C:/Program Files/Unity 6000.0.80f1/Editor/Data/UnityReferenceAssemblies/unity-4.8-api/Facades/System.Runtime.Serialization.Xml.dll"
-r:"C:/Program Files/Unity 6000.0.80f1/Editor/Data/UnityReferenceAssemblies/unity-4.8-api/Facades/System.Runtime.dll"
-r:"C:/Program Files/Unity 6000.0.80f1/Editor/Data/UnityReferenceAssemblies/unity-4.8-api/Facades/System.Security.Claims.dll"
-r:"C:/Program Files/Unity 6000.0.80f1/Editor/Data/UnityReferenceAssemblies/unity-4.8-api/Facades/System.Security.Cryptography.Algorithms.dll"
-r:"C:/Program Files/Unity 6000.0.80f1/Editor/Data/UnityReferenceAssemblies/unity-4.8-api/Facades/System.Security.Cryptography.Csp.dll"
-r:"C:/Program Files/Unity 6000.0.80f1/Editor/Data/UnityReferenceAssemblies/unity-4.8-api/Facades/System.Security.Cryptography.Encoding.dll"
-r:"C:/Program Files/Unity 6000.0.80f1/Editor/Data/UnityReferenceAssemblies/unity-4.8-api/Facades/System.Security.Cryptography.Primitives.dll"
-r:"C:/Program Files/Unity 6000.0.80f1/Editor/Data/UnityReferenceAssemblies/unity-4.8-api/Facades/System.Security.Cryptography.X509Certificates.dll"
-r:"C:/Program Files/Unity 6000.0.80f1/Editor/Data/UnityReferenceAssemblies/unity-4.8-api/Facades/System.Security.Principal.dll"
-r:"C:/Program Files/Unity 6000.0.80f1/Editor/Data/UnityReferenceAssemblies/unity-4.8-api/Facades/System.Security.SecureString.dll"
-r:"C:/Program Files/Unity 6000.0.80f1/Editor/Data/UnityReferenceAssemblies/unity-4.8-api/Facades/System.ServiceModel.Duplex.dll"
-r:"C:/Program Files/Unity 6000.0.80f1/Editor/Data/UnityReferenceAssemblies/unity-4.8-api/Facades/System.ServiceModel.Http.dll"
-r:"C:/Program Files/Unity 6000.0.80f1/Editor/Data/UnityReferenceAssemblies/unity-4.8-api/Facades/System.ServiceModel.NetTcp.dll"
-r:"C:/Program Files/Unity 6000.0.80f1/Editor/Data/UnityReferenceAssemblies/unity-4.8-api/Facades/System.ServiceModel.Primitives.dll"
-r:"C:/Program Files/Unity 6000.0.80f1/Editor/Data/UnityReferenceAssemblies/unity-4.8-api/Facades/System.ServiceModel.Security.dll"
-r:"C:/Program Files/Unity 6000.0.80f1/Editor/Data/UnityReferenceAssemblies/unity-4.8-api/Facades/System.Text.Encoding.Extensions.dll"
-r:"C:/Program Files/Unity 6000.0.80f1/Editor/Data/UnityReferenceAssemblies/unity-4.8-api/Facades/System.Text.Encoding.dll"
-r:"C:/Program Files/Unity 6000.0.80f1/Editor/Data/UnityReferenceAssemblies/unity-4.8-api/Facades/System.Text.RegularExpressions.dll"
-r:"C:/Program Files/Unity 6000.0.80f1/Editor/Data/UnityReferenceAssemblies/unity-4.8-api/Facades/System.Threading.Overlapped.dll"
-r:"C:/Program Files/Unity 6000.0.80f1/Editor/Data/UnityReferenceAssemblies/unity-4.8-api/Facades/System.Threading.Tasks.Extensions.dll"
-r:"C:/Program Files/Unity 6000.0.80f1/Editor/Data/UnityReferenceAssemblies/unity-4.8-api/Facades/System.Threading.Tasks.Parallel.dll"
-r:"C:/Program Files/Unity 6000.0.80f1/Editor/Data/UnityReferenceAssemblies/unity-4.8-api/Facades/System.Threading.Tasks.dll"
-r:"C:/Program Files/Unity 6000.0.80f1/Editor/Data/UnityReferenceAssemblies/unity-4.8-api/Facades/System.Threading.Thread.dll"
-r:"C:/Program Files/Unity 6000.0.80f1/Editor/Data/UnityReferenceAssemblies/unity-4.8-api/Facades/System.Threading.ThreadPool.dll"
-r:"C:/Program Files/Unity 6000.0.80f1/Editor/Data/UnityReferenceAssemblies/unity-4.8-api/Facades/System.Threading.Timer.dll"
-r:"C:/Program Files/Unity 6000.0.80f1/Editor/Data/UnityReferenceAssemblies/unity-4.8-api/Facades/System.Threading.dll"
-r:"C:/Program Files/Unity 6000.0.80f1/Editor/Data/UnityReferenceAssemblies/unity-4.8-api/Facades/System.ValueTuple.dll"
-r:"C:/Program Files/Unity 6000.0.80f1/Editor/Data/UnityReferenceAssemblies/unity-4.8-api/Facades/System.Xml.ReaderWriter.dll"
-r:"C:/Program Files/Unity 6000.0.80f1/Editor/Data/UnityReferenceAssemblies/unity-4.8-api/Facades/System.Xml.XDocument.dll"
-r:"C:/Program Files/Unity 6000.0.80f1/Editor/Data/UnityReferenceAssemblies/unity-4.8-api/Facades/System.Xml.XPath.XDocument.dll"
-r:"C:/Program Files/Unity 6000.0.80f1/Editor/Data/UnityReferenceAssemblies/unity-4.8-api/Facades/System.Xml.XPath.dll"
-r:"C:/Program Files/Unity 6000.0.80f1/Editor/Data/UnityReferenceAssemblies/unity-4.8-api/Facades/System.Xml.XmlDocument.dll"
-r:"C:/Program Files/Unity 6000.0.80f1/Editor/Data/UnityReferenceAssemblies/unity-4.8-api/Facades/System.Xml.XmlSerializer.dll"
-r:"C:/Program Files/Unity 6000.0.80f1/Editor/Data/UnityReferenceAssemblies/unity-4.8-api/Facades/netstandard.dll"
-r:"C:/Program Files/Unity 6000.0.80f1/Editor/Data/UnityReferenceAssemblies/unity-4.8-api/Microsoft.CSharp.dll"
-r:"C:/Program Files/Unity 6000.0.80f1/Editor/Data/UnityReferenceAssemblies/unity-4.8-api/System.ComponentModel.Composition.dll"
-r:"C:/Program Files/Unity 6000.0.80f1/Editor/Data/UnityReferenceAssemblies/unity-4.8-api/System.Core.dll"
-r:"C:/Program Files/Unity 6000.0.80f1/Editor/Data/UnityReferenceAssemblies/unity-4.8-api/System.Data.DataSetExtensions.dll"
-r:"C:/Program Files/Unity 6000.0.80f1/Editor/Data/UnityReferenceAssemblies/unity-4.8-api/System.Data.dll"
-r:"C:/Program Files/Unity 6000.0.80f1/Editor/Data/UnityReferenceAssemblies/unity-4.8-api/System.Drawing.dll"
-r:"C:/Program Files/Unity 6000.0.80f1/Editor/Data/UnityReferenceAssemblies/unity-4.8-api/System.IO.Compression.FileSystem.dll"
-r:"C:/Program Files/Unity 6000.0.80f1/Editor/Data/UnityReferenceAssemblies/unity-4.8-api/System.IO.Compression.dll"
-r:"C:/Program Files/Unity 6000.0.80f1/Editor/Data/UnityReferenceAssemblies/unity-4.8-api/System.Net.Http.dll"
-r:"C:/Program Files/Unity 6000.0.80f1/Editor/Data/UnityReferenceAssemblies/unity-4.8-api/System.Numerics.Vectors.dll"
-r:"C:/Program Files/Unity 6000.0.80f1/Editor/Data/UnityReferenceAssemblies/unity-4.8-api/System.Numerics.dll"
-r:"C:/Program Files/Unity 6000.0.80f1/Editor/Data/UnityReferenceAssemblies/unity-4.8-api/System.Runtime.Serialization.dll"
-r:"C:/Program Files/Unity 6000.0.80f1/Editor/Data/UnityReferenceAssemblies/unity-4.8-api/System.Transactions.dll"
-r:"C:/Program Files/Unity 6000.0.80f1/Editor/Data/UnityReferenceAssemblies/unity-4.8-api/System.Xml.Linq.dll"
-r:"C:/Program Files/Unity 6000.0.80f1/Editor/Data/UnityReferenceAssemblies/unity-4.8-api/System.Xml.dll"
-r:"C:/Program Files/Unity 6000.0.80f1/Editor/Data/UnityReferenceAssemblies/unity-4.8-api/System.dll"
-r:"C:/Program Files/Unity 6000.0.80f1/Editor/Data/UnityReferenceAssemblies/unity-4.8-api/mscorlib.dll"
-r:"Library/PackageCache/com.unity.collab-proxy@4f3be89e8675/Lib/Editor/TextMateSharp/Onigwrap/OnigwrapPlastic.dll"
-r:"Library/PackageCache/com.unity.collab-proxy@4f3be89e8675/Lib/Editor/TextMateSharp/TextMateSharpPlastic.Grammars.dll"
-r:"Library/PackageCache/com.unity.collab-proxy@4f3be89e8675/Lib/Editor/TextMateSharp/TextMateSharpPlastic.dll"
-r:"Library/PackageCache/com.unity.collab-proxy@4f3be89e8675/Lib/Editor/Unity.Plastic.Antlr3.Runtime.dll"
-r:"Library/PackageCache/com.unity.collab-proxy@4f3be89e8675/Lib/Editor/Unity.Plastic.Newtonsoft.Json.dll"
-r:"Library/PackageCache/com.unity.collab-proxy@4f3be89e8675/Lib/Editor/log4netPlastic.dll"
-r:"Library/PackageCache/com.unity.collab-proxy@4f3be89e8675/Lib/Editor/unityplastic.dll"
-r:"Library/PackageCache/com.unity.collections@31e963071226/Unity.Collections.LowLevel.ILSupport/Unity.Collections.LowLevel.ILSupport.dll"
-r:"Library/PackageCache/com.unity.collections@31e963071226/Unity.Collections.Tests/System.IO.Hashing/System.IO.Hashing.dll"
-r:"Library/PackageCache/com.unity.collections@31e963071226/Unity.Collections.Tests/System.Runtime.CompilerServices.Unsafe/System.Runtime.CompilerServices.Unsafe.dll"
-r:"Library/PackageCache/com.unity.ext.nunit@031a54704bff/net40/unity-custom/nunit.framework.dll"
-r:"Library/PackageCache/com.unity.ext.nunit@031a54704bff/net40/unity-custom/nunit.framework.dll"
-r:"Library/PackageCache/com.unity.nuget.mono-cecil@ecb9724e46ff/Mono.Cecil.dll"
-r:"Library/PackageCache/com.unity.nuget.newtonsoft-json@4dfd81071c64/Runtime/Newtonsoft.Json.dll"
-r:"Library/PackageCache/com.unity.visualscripting@4edfcc09512f/Editor/VisualScripting.Core/Dependencies/DotNetZip/Unity.VisualScripting.IonicZip.dll"
-r:"Library/PackageCache/com.unity.visualscripting@4edfcc09512f/Editor/VisualScripting.Core/Dependencies/YamlDotNet/Unity.VisualScripting.YamlDotNet.dll"
-r:"Library/PackageCache/com.unity.visualscripting@4edfcc09512f/Editor/VisualScripting.Core/EditorAssetResources/Unity.VisualScripting.TextureAssets.dll"
-r:"Library/PackageCache/com.unity.visualscripting@4edfcc09512f/Runtime/VisualScripting.Flow/Dependencies/NCalc/Unity.VisualScripting.Antlr3.Runtime.dll"
-r:"Library/Bee/artifacts/1900b0aE.dag/Unity.RenderPipelines.Core.Editor.ref.dll"
-r:"Library/Bee/artifacts/1900b0aE.dag/Unity.RenderPipelines.Core.Runtime.ref.dll"
-r:"Library/Bee/artifacts/1900b0aE.dag/Unity.Searcher.Editor.ref.dll"
-r:"Library/Bee/artifacts/1900b0aE.dag/Unity.ShaderGraph.Utilities.ref.dll"
-r:"Library/Bee/artifacts/1900b0aE.dag/UnityEditor.TestRunner.ref.dll"
-r:"Library/Bee/artifacts/1900b0aE.dag/UnityEditor.UI.ref.dll"
-r:"Library/Bee/artifacts/1900b0aE.dag/UnityEngine.TestRunner.ref.dll"
-r:"Library/Bee/artifacts/1900b0aE.dag/UnityEngine.UI.ref.dll"
-analyzer:"C:/Program Files/Unity 6000.0.80f1/Editor/Data/Tools/Unity.SourceGenerators/Unity.Properties.SourceGenerator.dll"
-analyzer:"C:/Program Files/Unity 6000.0.80f1/Editor/Data/Tools/Unity.SourceGenerators/Unity.SourceGenerators.dll"
-analyzer:"C:/Program Files/Unity 6000.0.80f1/Editor/Data/Tools/Unity.SourceGenerators/Unity.UIToolkit.SourceGenerator.dll"
"Library/PackageCache/com.unity.shadergraph@14250cfec0ec/Editor/AssemblyInfo.cs"
"Library/PackageCache/com.unity.shadergraph@14250cfec0ec/Editor/Data/ContextData.cs"
"Library/PackageCache/com.unity.shadergraph@14250cfec0ec/Editor/Data/Enumerations/Precision.cs"
"Library/PackageCache/com.unity.shadergraph@14250cfec0ec/Editor/Data/Graphs/AbstractShaderProperty.cs"
"Library/PackageCache/com.unity.shadergraph@14250cfec0ec/Editor/Data/Graphs/BitangentMaterialSlot.cs"
"Library/PackageCache/com.unity.shadergraph@14250cfec0ec/Editor/Data/Graphs/BooleanMaterialSlot.cs"
"Library/PackageCache/com.unity.shadergraph@14250cfec0ec/Editor/Data/Graphs/BooleanShaderProperty.cs"
"Library/PackageCache/com.unity.shadergraph@14250cfec0ec/Editor/Data/Graphs/CategoryData.cs"
"Library/PackageCache/com.unity.shadergraph@14250cfec0ec/Editor/Data/Graphs/ColorMaterialSlot.cs"
"Library/PackageCache/com.unity.shadergraph@14250cfec0ec/Editor/Data/Graphs/ColorRGBMaterialSlot.cs"
"Library/PackageCache/com.unity.shadergraph@14250cfec0ec/Editor/Data/Graphs/ColorShaderProperty.cs"
"Library/PackageCache/com.unity.shadergraph@14250cfec0ec/Editor/Data/Graphs/CubemapInputMaterialSlot.cs"
"Library/PackageCache/com.unity.shadergraph@14250cfec0ec/Editor/Data/Graphs/CubemapMaterialSlot.cs"
"Library/PackageCache/com.unity.shadergraph@14250cfec0ec/Editor/Data/Graphs/CubemapShaderProperty.cs"
"Library/PackageCache/com.unity.shadergraph@14250cfec0ec/Editor/Data/Graphs/DataStore.cs"
"Library/PackageCache/com.unity.shadergraph@14250cfec0ec/Editor/Data/Graphs/DynamicMatrixMaterialSlot.cs"
"Library/PackageCache/com.unity.shadergraph@14250cfec0ec/Editor/Data/Graphs/DynamicValueMaterialSlot.cs"
"Library/PackageCache/com.unity.shadergraph@14250cfec0ec/Editor/Data/Graphs/DynamicVectorMaterialSlot.cs"
"Library/PackageCache/com.unity.shadergraph@14250cfec0ec/Editor/Data/Graphs/GradientInputMaterialSlot.cs"
"Library/PackageCache/com.unity.shadergraph@14250cfec0ec/Editor/Data/Graphs/GradientMaterialSlot.cs"
"Library/PackageCache/com.unity.shadergraph@14250cfec0ec/Editor/Data/Graphs/GradientShaderProperty.cs"
"Library/PackageCache/com.unity.shadergraph@14250cfec0ec/Editor/Data/Graphs/GraphConcretization.cs"
"Library/PackageCache/com.unity.shadergraph@14250cfec0ec/Editor/Data/Graphs/GraphData.cs"
"Library/PackageCache/com.unity.shadergraph@14250cfec0ec/Editor/Data/Graphs/GraphDataReadOnly.cs"
"Library/PackageCache/com.unity.shadergraph@14250cfec0ec/Editor/Data/Graphs/GraphDataUtils.cs"
"Library/PackageCache/com.unity.shadergraph@14250cfec0ec/Editor/Data/Graphs/GraphSetup.cs"
"Library/PackageCache/com.unity.shadergraph@14250cfec0ec/Editor/Data/Graphs/GraphValidation.cs"
"Library/PackageCache/com.unity.shadergraph@14250cfec0ec/Editor/Data/Graphs/GroupData.cs"
"Library/PackageCache/com.unity.shadergraph@14250cfec0ec/Editor/Data/Graphs/IMaterialGraphAsset.cs"
"Library/PackageCache/com.unity.shadergraph@14250cfec0ec/Editor/Data/Graphs/IMaterialSlotHasValue.cs"
"Library/PackageCache/com.unity.shadergraph@14250cfec0ec/Editor/Data/Graphs/LightmappingShaderProperties.cs"
"Library/PackageCache/com.unity.shadergraph@14250cfec0ec/Editor/Data/Graphs/MaterialSlot.cs"
"Library/PackageCache/com.unity.shadergraph@14250cfec0ec/Editor/Data/Graphs/Matrix2MaterialSlot.cs"
"Library/PackageCache/com.unity.shadergraph@14250cfec0ec/Editor/Data/Graphs/Matrix2ShaderProperty.cs"
"Library/PackageCache/com.unity.shadergraph@14250cfec0ec/Editor/Data/Graphs/Matrix3MaterialSlot.cs"
"Library/PackageCache/com.unity.shadergraph@14250cfec0ec/Editor/Data/Graphs/Matrix3ShaderProperty.cs"
"Library/PackageCache/com.unity.shadergraph@14250cfec0ec/Editor/Data/Graphs/Matrix4MaterialSlot.cs"
"Library/PackageCache/com.unity.shadergraph@14250cfec0ec/Editor/Data/Graphs/Matrix4ShaderProperty.cs"
"Library/PackageCache/com.unity.shadergraph@14250cfec0ec/Editor/Data/Graphs/MatrixShaderProperty.cs"
"Library/PackageCache/com.unity.shadergraph@14250cfec0ec/Editor/Data/Graphs/MinimalGraphData.cs"
"Library/PackageCache/com.unity.shadergraph@14250cfec0ec/Editor/Data/Graphs/MipmapStreamingShaderProperties.cs"
"Library/PackageCache/com.unity.shadergraph@14250cfec0ec/Editor/Data/Graphs/NormalMaterialSlot.cs"
"Library/PackageCache/com.unity.shadergraph@14250cfec0ec/Editor/Data/Graphs/ParentGroupChange.cs"
"Library/PackageCache/com.unity.shadergraph@14250cfec0ec/Editor/Data/Graphs/PositionMaterialSlot.cs"
"Library/PackageCache/com.unity.shadergraph@14250cfec0ec/Editor/Data/Graphs/PreviewMode.cs"
"Library/PackageCache/com.unity.shadergraph@14250cfec0ec/Editor/Data/Graphs/PreviewProperty.cs"
"Library/PackageCache/com.unity.shadergraph@14250cfec0ec/Editor/Data/Graphs/PropertyConnectionStateMaterialSlot.cs"
"Library/PackageCache/com.unity.shadergraph@14250cfec0ec/Editor/Data/Graphs/SamplerStateMaterialSlot.cs"
"Library/PackageCache/com.unity.shadergraph@14250cfec0ec/Editor/Data/Graphs/SamplerStateShaderProperty.cs"
"Library/PackageCache/com.unity.shadergraph@14250cfec0ec/Editor/Data/Graphs/ScreenPositionMaterialSlot.cs"
"Library/PackageCache/com.unity.shadergraph@14250cfec0ec/Editor/Data/Graphs/SerializableCubemap.cs"
"Library/PackageCache/com.unity.shadergraph@14250cfec0ec/Editor/Data/Graphs/SerializableGuid.cs"
"Library/PackageCache/com.unity.shadergraph@14250cfec0ec/Editor/Data/Graphs/SerializableMesh.cs"
"Library/PackageCache/com.unity.shadergraph@14250cfec0ec/Editor/Data/Graphs/SerializableTexture.cs"
"Library/PackageCache/com.unity.shadergraph@14250cfec0ec/Editor/Data/Graphs/SerializableTextureArray.cs"
"Library/PackageCache/com.unity.shadergraph@14250cfec0ec/Editor/Data/Graphs/SerializableVirtualTexture.cs"
"Library/PackageCache/com.unity.shadergraph@14250cfec0ec/Editor/Data/Graphs/ShaderDropdown.cs"
"Library/PackageCache/com.unity.shadergraph@14250cfec0ec/Editor/Data/Graphs/ShaderGraphRequirements.cs"
"Library/PackageCache/com.unity.shadergraph@14250cfec0ec/Editor/Data/Graphs/ShaderInput.cs"
"Library/PackageCache/com.unity.shadergraph@14250cfec0ec/Editor/Data/Graphs/ShaderKeyword.cs"
"Library/PackageCache/com.unity.shadergraph@14250cfec0ec/Editor/Data/Graphs/SpaceMaterialSlot.cs"
"Library/PackageCache/com.unity.shadergraph@14250cfec0ec/Editor/Data/Graphs/StickyNoteData.cs"
"Library/PackageCache/com.unity.shadergraph@14250cfec0ec/Editor/Data/Graphs/TangentMaterialSlot.cs"
"Library/PackageCache/com.unity.shadergraph@14250cfec0ec/Editor/Data/Graphs/Texture2DArrayInputMaterialSlot.cs"
"Library/PackageCache/com.unity.shadergraph@14250cfec0ec/Editor/Data/Graphs/Texture2DArrayMaterialSlot.cs"
"Library/PackageCache/com.unity.shadergraph@14250cfec0ec/Editor/Data/Graphs/Texture2DArrayShaderProperty.cs"
"Library/PackageCache/com.unity.shadergraph@14250cfec0ec/Editor/Data/Graphs/Texture2DInputMaterialSlot.cs"
"Library/PackageCache/com.unity.shadergraph@14250cfec0ec/Editor/Data/Graphs/Texture2DMaterialSlot.cs"
"Library/PackageCache/com.unity.shadergraph@14250cfec0ec/Editor/Data/Graphs/Texture2DShaderProperty.cs"
"Library/PackageCache/com.unity.shadergraph@14250cfec0ec/Editor/Data/Graphs/Texture3DInputMaterialSlot.cs"
"Library/PackageCache/com.unity.shadergraph@14250cfec0ec/Editor/Data/Graphs/Texture3DMaterialSlot.cs"
"Library/PackageCache/com.unity.shadergraph@14250cfec0ec/Editor/Data/Graphs/Texture3DShaderProperty.cs"
"Library/PackageCache/com.unity.shadergraph@14250cfec0ec/Editor/Data/Graphs/TextureSamplerState.cs"
"Library/PackageCache/com.unity.shadergraph@14250cfec0ec/Editor/Data/Graphs/UVMaterialSlot.cs"
"Library/PackageCache/com.unity.shadergraph@14250cfec0ec/Editor/Data/Graphs/Vector1MaterialSlot.cs"
"Library/PackageCache/com.unity.shadergraph@14250cfec0ec/Editor/Data/Graphs/Vector1ShaderProperty.cs"
"Library/PackageCache/com.unity.shadergraph@14250cfec0ec/Editor/Data/Graphs/Vector2MaterialSlot.cs"
"Library/PackageCache/com.unity.shadergraph@14250cfec0ec/Editor/Data/Graphs/Vector2ShaderProperty.cs"
"Library/PackageCache/com.unity.shadergraph@14250cfec0ec/Editor/Data/Graphs/Vector3MaterialSlot.cs"
"Library/PackageCache/com.unity.shadergraph@14250cfec0ec/Editor/Data/Graphs/Vector3ShaderProperty.cs"
"Library/PackageCache/com.unity.shadergraph@14250cfec0ec/Editor/Data/Graphs/Vector4MaterialSlot.cs"
"Library/PackageCache/com.unity.shadergraph@14250cfec0ec/Editor/Data/Graphs/Vector4ShaderProperty.cs"
"Library/PackageCache/com.unity.shadergraph@14250cfec0ec/Editor/Data/Graphs/VectorShaderProperty.cs"
"Library/PackageCache/com.unity.shadergraph@14250cfec0ec/Editor/Data/Graphs/VertexColorMaterialSlot.cs"
"Library/PackageCache/com.unity.shadergraph@14250cfec0ec/Editor/Data/Graphs/ViewDirectionMaterialSlot.cs"
"Library/PackageCache/com.unity.shadergraph@14250cfec0ec/Editor/Data/Graphs/VirtualTextureInputMaterialSlot.cs"
"Library/PackageCache/com.unity.shadergraph@14250cfec0ec/Editor/Data/Graphs/VirtualTextureMaterialSlot.cs"
"Library/PackageCache/com.unity.shadergraph@14250cfec0ec/Editor/Data/Graphs/VirtualTextureShaderProperty.cs"
"Library/PackageCache/com.unity.shadergraph@14250cfec0ec/Editor/Data/Implementation/Edge.cs"
"Library/PackageCache/com.unity.shadergraph@14250cfec0ec/Editor/Data/Implementation/GraphObject.cs"
"Library/PackageCache/com.unity.shadergraph@14250cfec0ec/Editor/Data/Implementation/HasDependenciesAttribute.cs"
"Library/PackageCache/com.unity.shadergraph@14250cfec0ec/Editor/Data/Implementation/IHasDependencies.cs"
"Library/PackageCache/com.unity.shadergraph@14250cfec0ec/Editor/Data/Implementation/NodeUtils.cs"
"Library/PackageCache/com.unity.shadergraph@14250cfec0ec/Editor/Data/Implementation/SlotType.cs"
"Library/PackageCache/com.unity.shadergraph@14250cfec0ec/Editor/Data/Interfaces/GenerationMode.cs"
"Library/PackageCache/com.unity.shadergraph@14250cfec0ec/Editor/Data/Interfaces/Graph/DrawState.cs"
"Library/PackageCache/com.unity.shadergraph@14250cfec0ec/Editor/Data/Interfaces/Graph/GraphDrawingData.cs"
"Library/PackageCache/com.unity.shadergraph@14250cfec0ec/Editor/Data/Interfaces/Graph/IEdge.cs"
"Library/PackageCache/com.unity.shadergraph@14250cfec0ec/Editor/Data/Interfaces/Graph/INode.cs"
"Library/PackageCache/com.unity.shadergraph@14250cfec0ec/Editor/Data/Interfaces/Graph/IOnAssetEnabled.cs"
"Library/PackageCache/com.unity.shadergraph@14250cfec0ec/Editor/Data/Interfaces/Graph/SlotReference.cs"
"Library/PackageCache/com.unity.shadergraph@14250cfec0ec/Editor/Data/Interfaces/ICanChangeShaderGUI.cs"
"Library/PackageCache/com.unity.shadergraph@14250cfec0ec/Editor/Data/Interfaces/IGeneratesBodyCode.cs"
"Library/PackageCache/com.unity.shadergraph@14250cfec0ec/Editor/Data/Interfaces/IGeneratesFunction.cs"
"Library/PackageCache/com.unity.shadergraph@14250cfec0ec/Editor/Data/Interfaces/IGraphDataAction.cs"
"Library/PackageCache/com.unity.shadergraph@14250cfec0ec/Editor/Data/Interfaces/IGroupItem.cs"
"Library/PackageCache/com.unity.shadergraph@14250cfec0ec/Editor/Data/Interfaces/IHasCustomDeprecationMessage.cs"
"Library/PackageCache/com.unity.shadergraph@14250cfec0ec/Editor/Data/Interfaces/IInspectable.cs"
"Library/PackageCache/com.unity.shadergraph@14250cfec0ec/Editor/Data/Interfaces/IMayObsolete.cs"
"Library/PackageCache/com.unity.shadergraph@14250cfec0ec/Editor/Data/Interfaces/IMayRequireBitangent.cs"
"Library/PackageCache/com.unity.shadergraph@14250cfec0ec/Editor/Data/Interfaces/IMayRequireCameraOpaqueTexture.cs"
"Library/PackageCache/com.unity.shadergraph@14250cfec0ec/Editor/Data/Interfaces/IMayRequireDepthTexture.cs"
"Library/PackageCache/com.unity.shadergraph@14250cfec0ec/Editor/Data/Interfaces/IMayRequireFaceSign.cs"
"Library/PackageCache/com.unity.shadergraph@14250cfec0ec/Editor/Data/Interfaces/IMayRequireInstanceID.cs"
"Library/PackageCache/com.unity.shadergraph@14250cfec0ec/Editor/Data/Interfaces/IMayRequireMeshUV.cs"
"Library/PackageCache/com.unity.shadergraph@14250cfec0ec/Editor/Data/Interfaces/IMayRequireNormal.cs"
"Library/PackageCache/com.unity.shadergraph@14250cfec0ec/Editor/Data/Interfaces/IMayRequirePosition.cs"
"Library/PackageCache/com.unity.shadergraph@14250cfec0ec/Editor/Data/Interfaces/IMayRequirePositionPredisplacement.cs"
"Library/PackageCache/com.unity.shadergraph@14250cfec0ec/Editor/Data/Interfaces/IMayRequireScreenPosition.cs"
"Library/PackageCache/com.unity.shadergraph@14250cfec0ec/Editor/Data/Interfaces/IMayRequireTangent.cs"
"Library/PackageCache/com.unity.shadergraph@14250cfec0ec/Editor/Data/Interfaces/IMayRequireTime.cs"
"Library/PackageCache/com.unity.shadergraph@14250cfec0ec/Editor/Data/Interfaces/IMayRequireTransform.cs"
"Library/PackageCache/com.unity.shadergraph@14250cfec0ec/Editor/Data/Interfaces/IMayRequireVertexColor.cs"
"Library/PackageCache/com.unity.shadergraph@14250cfec0ec/Editor/Data/Interfaces/IMayRequireVertexID.cs"
"Library/PackageCache/com.unity.shadergraph@14250cfec0ec/Editor/Data/Interfaces/IMayRequireVertexSkinning.cs"
"Library/PackageCache/com.unity.shadergraph@14250cfec0ec/Editor/Data/Interfaces/IMayRequireViewDirection.cs"
"Library/PackageCache/com.unity.shadergraph@14250cfec0ec/Editor/Data/Interfaces/IMaySupportVFX.cs"
"Library/PackageCache/com.unity.shadergraph@14250cfec0ec/Editor/Data/Interfaces/IPropertyDrawer.cs"
"Library/PackageCache/com.unity.shadergraph@14250cfec0ec/Editor/Data/Interfaces/NeededCoordinateSpace.cs"
"Library/PackageCache/com.unity.shadergraph@14250cfec0ec/Editor/Data/Interfaces/PositionSource.cs"
"Library/PackageCache/com.unity.shadergraph@14250cfec0ec/Editor/Data/Legacy/AbstractMaterialNode0.cs"
"Library/PackageCache/com.unity.shadergraph@14250cfec0ec/Editor/Data/Legacy/Edge0.cs"
"Library/PackageCache/com.unity.shadergraph@14250cfec0ec/Editor/Data/Legacy/GraphData0.cs"
"Library/PackageCache/com.unity.shadergraph@14250cfec0ec/Editor/Data/Legacy/GroupData0.cs"
"Library/PackageCache/com.unity.shadergraph@14250cfec0ec/Editor/Data/Legacy/ILegacyTarget.cs"
"Library/PackageCache/com.unity.shadergraph@14250cfec0ec/Editor/Data/Legacy/IMasterNode1.cs"
"Library/PackageCache/com.unity.shadergraph@14250cfec0ec/Editor/Data/Legacy/PBRMasterNode1.cs"
"Library/PackageCache/com.unity.shadergraph@14250cfec0ec/Editor/Data/Legacy/SerializableGuid.cs"
"Library/PackageCache/com.unity.shadergraph@14250cfec0ec/Editor/Data/Legacy/ShaderInput0.cs"
"Library/PackageCache/com.unity.shadergraph@14250cfec0ec/Editor/Data/Legacy/SlotReference0.cs"
"Library/PackageCache/com.unity.shadergraph@14250cfec0ec/Editor/Data/Legacy/SpriteLitMasterNode1.cs"
"Library/PackageCache/com.unity.shadergraph@14250cfec0ec/Editor/Data/Legacy/SpriteUnlitMasterNode1.cs"
"Library/PackageCache/com.unity.shadergraph@14250cfec0ec/Editor/Data/Legacy/StickyNoteData0.cs"
"Library/PackageCache/com.unity.shadergraph@14250cfec0ec/Editor/Data/Legacy/UnlitMasterNode1.cs"
"Library/PackageCache/com.unity.shadergraph@14250cfec0ec/Editor/Data/Legacy/VisualEffectMasterNode1.cs"
"Library/PackageCache/com.unity.shadergraph@14250cfec0ec/Editor/Data/Nodes/AbstractMaterialNode.cs"
"Library/PackageCache/com.unity.shadergraph@14250cfec0ec/Editor/Data/Nodes/Artistic/Adjustment/ChannelMixerNode.cs"
"Library/PackageCache/com.unity.shadergraph@14250cfec0ec/Editor/Data/Nodes/Artistic/Adjustment/ContrastNode.cs"
"Library/PackageCache/com.unity.shadergraph@14250cfec0ec/Editor/Data/Nodes/Artistic/Adjustment/HueNode.cs"
"Library/PackageCache/com.unity.shadergraph@14250cfec0ec/Editor/Data/Nodes/Artistic/Adjustment/InvertColorsNode.cs"
"Library/PackageCache/com.unity.shadergraph@14250cfec0ec/Editor/Data/Nodes/Artistic/Adjustment/ReplaceColorNode.cs"
"Library/PackageCache/com.unity.shadergraph@14250cfec0ec/Editor/Data/Nodes/Artistic/Adjustment/SaturationNode.cs"
"Library/PackageCache/com.unity.shadergraph@14250cfec0ec/Editor/Data/Nodes/Artistic/Adjustment/WhiteBalanceNode.cs"
"Library/PackageCache/com.unity.shadergraph@14250cfec0ec/Editor/Data/Nodes/Artistic/Blend/BlendMode.cs"
"Library/PackageCache/com.unity.shadergraph@14250cfec0ec/Editor/Data/Nodes/Artistic/Blend/BlendNode.cs"
"Library/PackageCache/com.unity.shadergraph@14250cfec0ec/Editor/Data/Nodes/Artistic/Filter/DitherNode.cs"
"Library/PackageCache/com.unity.shadergraph@14250cfec0ec/Editor/Data/Nodes/Artistic/Filter/FadeTransitionNode.cs"
"Library/PackageCache/com.unity.shadergraph@14250cfec0ec/Editor/Data/Nodes/Artistic/Mask/ChannelMaskNode.cs"
"Library/PackageCache/com.unity.shadergraph@14250cfec0ec/Editor/Data/Nodes/Artistic/Mask/ColorMaskNode.cs"
"Library/PackageCache/com.unity.shadergraph@14250cfec0ec/Editor/Data/Nodes/Artistic/Normal/NormalBlendNode.cs"
"Library/PackageCache/com.unity.shadergraph@14250cfec0ec/Editor/Data/Nodes/Artistic/Normal/NormalFromHeightNode.cs"
"Library/PackageCache/com.unity.shadergraph@14250cfec0ec/Editor/Data/Nodes/Artistic/Normal/NormalFromTextureNode.cs"
"Library/PackageCache/com.unity.shadergraph@14250cfec0ec/Editor/Data/Nodes/Artistic/Normal/NormalReconstructZNode.cs"
"Library/PackageCache/com.unity.shadergraph@14250cfec0ec/Editor/Data/Nodes/Artistic/Normal/NormalStrengthNode.cs"
"Library/PackageCache/com.unity.shadergraph@14250cfec0ec/Editor/Data/Nodes/Artistic/Normal/NormalUnpackNode.cs"
"Library/PackageCache/com.unity.shadergraph@14250cfec0ec/Editor/Data/Nodes/Artistic/Utility/ColorspaceConversion.cs"
"Library/PackageCache/com.unity.shadergraph@14250cfec0ec/Editor/Data/Nodes/BlockNode.cs"
"Library/PackageCache/com.unity.shadergraph@14250cfec0ec/Editor/Data/Nodes/Channel/CombineNode.cs"
"Library/PackageCache/com.unity.shadergraph@14250cfec0ec/Editor/Data/Nodes/Channel/FlipNode.cs"
"Library/PackageCache/com.unity.shadergraph@14250cfec0ec/Editor/Data/Nodes/Channel/SplitNode.cs"
"Library/PackageCache/com.unity.shadergraph@14250cfec0ec/Editor/Data/Nodes/Channel/SwizzleNode.cs"
"Library/PackageCache/com.unity.shadergraph@14250cfec0ec/Editor/Data/Nodes/CodeFunctionNode.cs"
"Library/PackageCache/com.unity.shadergraph@14250cfec0ec/Editor/Data/Nodes/FormerNameAttribute.cs"
"Library/PackageCache/com.unity.shadergraph@14250cfec0ec/Editor/Data/Nodes/FunctionMultiInput.cs"
"Library/PackageCache/com.unity.shadergraph@14250cfec0ec/Editor/Data/Nodes/GeometryNode.cs"
"Library/PackageCache/com.unity.shadergraph@14250cfec0ec/Editor/Data/Nodes/GuidEncoder.cs"
"Library/PackageCache/com.unity.shadergraph@14250cfec0ec/Editor/Data/Nodes/IPropertyFromNode.cs"
"Library/PackageCache/com.unity.shadergraph@14250cfec0ec/Editor/Data/Nodes/Input/Basic/BooleanNode.cs"
"Library/PackageCache/com.unity.shadergraph@14250cfec0ec/Editor/Data/Nodes/Input/Basic/ColorNode.cs"
"Library/PackageCache/com.unity.shadergraph@14250cfec0ec/Editor/Data/Nodes/Input/Basic/ConstantNode.cs"
"Library/PackageCache/com.unity.shadergraph@14250cfec0ec/Editor/Data/Nodes/Input/Basic/IntegerNode.cs"
"Library/PackageCache/com.unity.shadergraph@14250cfec0ec/Editor/Data/Nodes/Input/Basic/SliderNode.cs"
"Library/PackageCache/com.unity.shadergraph@14250cfec0ec/Editor/Data/Nodes/Input/Basic/TimeNode.cs"
"Library/PackageCache/com.unity.shadergraph@14250cfec0ec/Editor/Data/Nodes/Input/Basic/Vector1Node.cs"
"Library/PackageCache/com.unity.shadergraph@14250cfec0ec/Editor/Data/Nodes/Input/Basic/Vector2Node.cs"
"Library/PackageCache/com.unity.shadergraph@14250cfec0ec/Editor/Data/Nodes/Input/Basic/Vector3Node.cs"
"Library/PackageCache/com.unity.shadergraph@14250cfec0ec/Editor/Data/Nodes/Input/Basic/Vector4Node.cs"
"Library/PackageCache/com.unity.shadergraph@14250cfec0ec/Editor/Data/Nodes/Input/CustomInterpolatorNode.cs"
"Library/PackageCache/com.unity.shadergraph@14250cfec0ec/Editor/Data/Nodes/Input/Geometry/BitangentVectorNode.cs"
"Library/PackageCache/com.unity.shadergraph@14250cfec0ec/Editor/Data/Nodes/Input/Geometry/InstanceIDNode.cs"
"Library/PackageCache/com.unity.shadergraph@14250cfec0ec/Editor/Data/Nodes/Input/Geometry/NormalVectorNode.cs"
"Library/PackageCache/com.unity.shadergraph@14250cfec0ec/Editor/Data/Nodes/Input/Geometry/PositionNode.cs"
"Library/PackageCache/com.unity.shadergraph@14250cfec0ec/Editor/Data/Nodes/Input/Geometry/ScreenPositionNode.cs"
"Library/PackageCache/com.unity.shadergraph@14250cfec0ec/Editor/Data/Nodes/Input/Geometry/TangentVectorNode.cs"
"Library/PackageCache/com.unity.shadergraph@14250cfec0ec/Editor/Data/Nodes/Input/Geometry/UVNode.cs"
"Library/PackageCache/com.unity.shadergraph@14250cfec0ec/Editor/Data/Nodes/Input/Geometry/VertexColorNode.cs"
"Library/PackageCache/com.unity.shadergraph@14250cfec0ec/Editor/Data/Nodes/Input/Geometry/VertexIDNode.cs"
"Library/PackageCache/com.unity.shadergraph@14250cfec0ec/Editor/Data/Nodes/Input/Geometry/ViewDirectionNode.cs"
"Library/PackageCache/com.unity.shadergraph@14250cfec0ec/Editor/Data/Nodes/Input/Geometry/ViewVectorNode.cs"
"Library/PackageCache/com.unity.shadergraph@14250cfec0ec/Editor/Data/Nodes/Input/Gradient/BlackbodyNode.cs"
"Library/PackageCache/com.unity.shadergraph@14250cfec0ec/Editor/Data/Nodes/Input/Gradient/GradientNode.cs"
"Library/PackageCache/com.unity.shadergraph@14250cfec0ec/Editor/Data/Nodes/Input/Gradient/SampleGradientNode.cs"
"Library/PackageCache/com.unity.shadergraph@14250cfec0ec/Editor/Data/Nodes/Input/Lighting/AmbientNode.cs"
"Library/PackageCache/com.unity.shadergraph@14250cfec0ec/Editor/Data/Nodes/Input/Lighting/BakedGINode.cs"
"Library/PackageCache/com.unity.shadergraph@14250cfec0ec/Editor/Data/Nodes/Input/Lighting/MainLightDirectionNode.cs"
"Library/PackageCache/com.unity.shadergraph@14250cfec0ec/Editor/Data/Nodes/Input/Lighting/ReflectionProbeNode.cs"
"Library/PackageCache/com.unity.shadergraph@14250cfec0ec/Editor/Data/Nodes/Input/Matrix/Matrix2Node.cs"
"Library/PackageCache/com.unity.shadergraph@14250cfec0ec/Editor/Data/Nodes/Input/Matrix/Matrix3Node.cs"
"Library/PackageCache/com.unity.shadergraph@14250cfec0ec/Editor/Data/Nodes/Input/Matrix/Matrix4Node.cs"
"Library/PackageCache/com.unity.shadergraph@14250cfec0ec/Editor/Data/Nodes/Input/Matrix/TransformationMatrixNode.cs"
"Library/PackageCache/com.unity.shadergraph@14250cfec0ec/Editor/Data/Nodes/Input/PBR/DielectricSpecularNode.cs"
"Library/PackageCache/com.unity.shadergraph@14250cfec0ec/Editor/Data/Nodes/Input/PBR/MetalReflectanceNode.cs"
"Library/PackageCache/com.unity.shadergraph@14250cfec0ec/Editor/Data/Nodes/Input/PropertyNode.cs"
"Library/PackageCache/com.unity.shadergraph@14250cfec0ec/Editor/Data/Nodes/Input/Scene/CameraNode.cs"
"Library/PackageCache/com.unity.shadergraph@14250cfec0ec/Editor/Data/Nodes/Input/Scene/EyeIndexNode.cs"
"Library/PackageCache/com.unity.shadergraph@14250cfec0ec/Editor/Data/Nodes/Input/Scene/FogNode.cs"
"Library/PackageCache/com.unity.shadergraph@14250cfec0ec/Editor/Data/Nodes/Input/Scene/ObjectNode.cs"
"Library/PackageCache/com.unity.shadergraph@14250cfec0ec/Editor/Data/Nodes/Input/Scene/SceneColorNode.cs"
"Library/PackageCache/com.unity.shadergraph@14250cfec0ec/Editor/Data/Nodes/Input/Scene/SceneDepthDifferenceNode.cs"
"Library/PackageCache/com.unity.shadergraph@14250cfec0ec/Editor/Data/Nodes/Input/Scene/SceneDepthNode.cs"
"Library/PackageCache/com.unity.shadergraph@14250cfec0ec/Editor/Data/Nodes/Input/Scene/ScreenNode.cs"
"Library/PackageCache/com.unity.shadergraph@14250cfec0ec/Editor/Data/Nodes/Input/Texture/CalculateLevelOfDetailTexture2DNode.cs"
"Library/PackageCache/com.unity.shadergraph@14250cfec0ec/Editor/Data/Nodes/Input/Texture/CubemapAssetNode.cs"
"Library/PackageCache/com.unity.shadergraph@14250cfec0ec/Editor/Data/Nodes/Input/Texture/GatherTexture2DNode.cs"
"Library/PackageCache/com.unity.shadergraph@14250cfec0ec/Editor/Data/Nodes/Input/Texture/ProceduralVirtualTextureNode.cs"
"Library/PackageCache/com.unity.shadergraph@14250cfec0ec/Editor/Data/Nodes/Input/Texture/SampleCubemapNode.cs"
"Library/PackageCache/com.unity.shadergraph@14250cfec0ec/Editor/Data/Nodes/Input/Texture/SampleRawCubemapNode.cs"
"Library/PackageCache/com.unity.shadergraph@14250cfec0ec/Editor/Data/Nodes/Input/Texture/SampleTexture2DArrayNode.cs"
"Library/PackageCache/com.unity.shadergraph@14250cfec0ec/Editor/Data/Nodes/Input/Texture/SampleTexture2DLODNode.cs"
"Library/PackageCache/com.unity.shadergraph@14250cfec0ec/Editor/Data/Nodes/Input/Texture/SampleTexture2DNode.cs"
"Library/PackageCache/com.unity.shadergraph@14250cfec0ec/Editor/Data/Nodes/Input/Texture/SampleTexture3DNode.cs"
"Library/PackageCache/com.unity.shadergraph@14250cfec0ec/Editor/Data/Nodes/Input/Texture/SampleVirtualTextureNode.cs"
"Library/PackageCache/com.unity.shadergraph@14250cfec0ec/Editor/Data/Nodes/Input/Texture/SamplerStateNode.cs"
"Library/PackageCache/com.unity.shadergraph@14250cfec0ec/Editor/Data/Nodes/Input/Texture/TexelSizeNode.cs"
"Library/PackageCache/com.unity.shadergraph@14250cfec0ec/Editor/Data/Nodes/Input/Texture/Texture2DArrayAssetNode.cs"
"Library/PackageCache/com.unity.shadergraph@14250cfec0ec/Editor/Data/Nodes/Input/Texture/Texture2DAssetNode.cs"
"Library/PackageCache/com.unity.shadergraph@14250cfec0ec/Editor/Data/Nodes/Input/Texture/Texture3DAssetNode.cs"
"Library/PackageCache/com.unity.shadergraph@14250cfec0ec/Editor/Data/Nodes/Input/Texture/TextureStackNode.cs"
"Library/PackageCache/com.unity.shadergraph@14250cfec0ec/Editor/Data/Nodes/LegacyUnknownTypeNode.cs"
"Library/PackageCache/com.unity.shadergraph@14250cfec0ec/Editor/Data/Nodes/Math/Advanced/AbsoluteNode.cs"
"Library/PackageCache/com.unity.shadergraph@14250cfec0ec/Editor/Data/Nodes/Math/Advanced/ExponentialNode.cs"
"Library/PackageCache/com.unity.shadergraph@14250cfec0ec/Editor/Data/Nodes/Math/Advanced/LengthNode.cs"
"Library/PackageCache/com.unity.shadergraph@14250cfec0ec/Editor/Data/Nodes/Math/Advanced/LogNode.cs"
"Library/PackageCache/com.unity.shadergraph@14250cfec0ec/Editor/Data/Nodes/Math/Advanced/ModuloNode.cs"
"Library/PackageCache/com.unity.shadergraph@14250cfec0ec/Editor/Data/Nodes/Math/Advanced/NegateNode.cs"
"Library/PackageCache/com.unity.shadergraph@14250cfec0ec/Editor/Data/Nodes/Math/Advanced/NormalizeNode.cs"
"Library/PackageCache/com.unity.shadergraph@14250cfec0ec/Editor/Data/Nodes/Math/Advanced/PosterizeNode.cs"
"Library/PackageCache/com.unity.shadergraph@14250cfec0ec/Editor/Data/Nodes/Math/Advanced/ReciprocalNode.cs"
"Library/PackageCache/com.unity.shadergraph@14250cfec0ec/Editor/Data/Nodes/Math/Advanced/ReciprocalSquareRootNode.cs"
"Library/PackageCache/com.unity.shadergraph@14250cfec0ec/Editor/Data/Nodes/Math/Basic/AddNode.cs"
"Library/PackageCache/com.unity.shadergraph@14250cfec0ec/Editor/Data/Nodes/Math/Basic/DivideNode.cs"
"Library/PackageCache/com.unity.shadergraph@14250cfec0ec/Editor/Data/Nodes/Math/Basic/MultiplyNode.cs"
"Library/PackageCache/com.unity.shadergraph@14250cfec0ec/Editor/Data/Nodes/Math/Basic/PowerNode.cs"
"Library/PackageCache/com.unity.shadergraph@14250cfec0ec/Editor/Data/Nodes/Math/Basic/SquareRootNode.cs"
"Library/PackageCache/com.unity.shadergraph@14250cfec0ec/Editor/Data/Nodes/Math/Basic/SubtractNode.cs"
"Library/PackageCache/com.unity.shadergraph@14250cfec0ec/Editor/Data/Nodes/Math/Derivative/DDXNode.cs"
"Library/PackageCache/com.unity.shadergraph@14250cfec0ec/Editor/Data/Nodes/Math/Derivative/DDXYNode.cs"
"Library/PackageCache/com.unity.shadergraph@14250cfec0ec/Editor/Data/Nodes/Math/Derivative/DDYNode.cs"
"Library/PackageCache/com.unity.shadergraph@14250cfec0ec/Editor/Data/Nodes/Math/Interpolation/InverseLerpNode.cs"
"Library/PackageCache/com.unity.shadergraph@14250cfec0ec/Editor/Data/Nodes/Math/Interpolation/LerpNode.cs"
"Library/PackageCache/com.unity.shadergraph@14250cfec0ec/Editor/Data/Nodes/Math/Interpolation/SmoothstepNode.cs"
"Library/PackageCache/com.unity.shadergraph@14250cfec0ec/Editor/Data/Nodes/Math/Matrix/MatrixConstructionNode.cs"
"Library/PackageCache/com.unity.shadergraph@14250cfec0ec/Editor/Data/Nodes/Math/Matrix/MatrixDeterminantNode.cs"
"Library/PackageCache/com.unity.shadergraph@14250cfec0ec/Editor/Data/Nodes/Math/Matrix/MatrixSplitNode.cs"
"Library/PackageCache/com.unity.shadergraph@14250cfec0ec/Editor/Data/Nodes/Math/Matrix/MatrixTransposeNode.cs"
"Library/PackageCache/com.unity.shadergraph@14250cfec0ec/Editor/Data/Nodes/Math/Range/ClampNode.cs"
"Library/PackageCache/com.unity.shadergraph@14250cfec0ec/Editor/Data/Nodes/Math/Range/FractionNode.cs"
"Library/PackageCache/com.unity.shadergraph@14250cfec0ec/Editor/Data/Nodes/Math/Range/MaximumNode.cs"
"Library/PackageCache/com.unity.shadergraph@14250cfec0ec/Editor/Data/Nodes/Math/Range/MinimumNode.cs"
"Library/PackageCache/com.unity.shadergraph@14250cfec0ec/Editor/Data/Nodes/Math/Range/OneMinusNode.cs"
"Library/PackageCache/com.unity.shadergraph@14250cfec0ec/Editor/Data/Nodes/Math/Range/RandomRangeNode.cs"
"Library/PackageCache/com.unity.shadergraph@14250cfec0ec/Editor/Data/Nodes/Math/Range/RemapNode.cs"
"Library/PackageCache/com.unity.shadergraph@14250cfec0ec/Editor/Data/Nodes/Math/Range/SaturateNode.cs"
"Library/PackageCache/com.unity.shadergraph@14250cfec0ec/Editor/Data/Nodes/Math/Round/CeilingNode.cs"
"Library/PackageCache/com.unity.shadergraph@14250cfec0ec/Editor/Data/Nodes/Math/Round/FloorNode.cs"
"Library/PackageCache/com.unity.shadergraph@14250cfec0ec/Editor/Data/Nodes/Math/Round/RoundNode.cs"
"Library/PackageCache/com.unity.shadergraph@14250cfec0ec/Editor/Data/Nodes/Math/Round/SignNode.cs"
"Library/PackageCache/com.unity.shadergraph@14250cfec0ec/Editor/Data/Nodes/Math/Round/StepNode.cs"
"Library/PackageCache/com.unity.shadergraph@14250cfec0ec/Editor/Data/Nodes/Math/Round/TruncateNode.cs"
"Library/PackageCache/com.unity.shadergraph@14250cfec0ec/Editor/Data/Nodes/Math/Trigonometry/ArccosineNode.cs"
"Library/PackageCache/com.unity.shadergraph@14250cfec0ec/Editor/Data/Nodes/Math/Trigonometry/ArcsineNode.cs"
"Library/PackageCache/com.unity.shadergraph@14250cfec0ec/Editor/Data/Nodes/Math/Trigonometry/Arctangent2Node.cs"
"Library/PackageCache/com.unity.shadergraph@14250cfec0ec/Editor/Data/Nodes/Math/Trigonometry/ArctangentNode.cs"
"Library/PackageCache/com.unity.shadergraph@14250cfec0ec/Editor/Data/Nodes/Math/Trigonometry/CosineNode.cs"
"Library/PackageCache/com.unity.shadergraph@14250cfec0ec/Editor/Data/Nodes/Math/Trigonometry/DegreesToRadiansNode.cs"
"Library/PackageCache/com.unity.shadergraph@14250cfec0ec/Editor/Data/Nodes/Math/Trigonometry/HyperbolicCosineNode.cs"
"Library/PackageCache/com.unity.shadergraph@14250cfec0ec/Editor/Data/Nodes/Math/Trigonometry/HyperbolicSineNode.cs"
"Library/PackageCache/com.unity.shadergraph@14250cfec0ec/Editor/Data/Nodes/Math/Trigonometry/HyperbolicTangentNode.cs"
"Library/PackageCache/com.unity.shadergraph@14250cfec0ec/Editor/Data/Nodes/Math/Trigonometry/RadiansToDegreesNode.cs"
"Library/PackageCache/com.unity.shadergraph@14250cfec0ec/Editor/Data/Nodes/Math/Trigonometry/SineNode.cs"
"Library/PackageCache/com.unity.shadergraph@14250cfec0ec/Editor/Data/Nodes/Math/Trigonometry/TangentNode.cs"
"Library/PackageCache/com.unity.shadergraph@14250cfec0ec/Editor/Data/Nodes/Math/Vector/CrossProductNode.cs"
"Library/PackageCache/com.unity.shadergraph@14250cfec0ec/Editor/Data/Nodes/Math/Vector/DistanceNode.cs"
"Library/PackageCache/com.unity.shadergraph@14250cfec0ec/Editor/Data/Nodes/Math/Vector/DotProductNode.cs"
"Library/PackageCache/com.unity.shadergraph@14250cfec0ec/Editor/Data/Nodes/Math/Vector/FresnelEffectNode.cs"
"Library/PackageCache/com.unity.shadergraph@14250cfec0ec/Editor/Data/Nodes/Math/Vector/ProjectionNode.cs"
"Library/PackageCache/com.unity.shadergraph@14250cfec0ec/Editor/Data/Nodes/Math/Vector/ReflectionNode.cs"
"Library/PackageCache/com.unity.shadergraph@14250cfec0ec/Editor/Data/Nodes/Math/Vector/RefractNode.cs"
"Library/PackageCache/com.unity.shadergraph@14250cfec0ec/Editor/Data/Nodes/Math/Vector/RejectionNode.cs"
"Library/PackageCache/com.unity.shadergraph@14250cfec0ec/Editor/Data/Nodes/Math/Vector/RotateAboutAxisNode.cs"
"Library/PackageCache/com.unity.shadergraph@14250cfec0ec/Editor/Data/Nodes/Math/Vector/SphereMaskNode.cs"
"Library/PackageCache/com.unity.shadergraph@14250cfec0ec/Editor/Data/Nodes/Math/Vector/TransformNode.cs"
"Library/PackageCache/com.unity.shadergraph@14250cfec0ec/Editor/Data/Nodes/Math/Wave/NoiseSineWaveNode.cs"
"Library/PackageCache/com.unity.shadergraph@14250cfec0ec/Editor/Data/Nodes/Math/Wave/SawtoothWaveNode.cs"
"Library/PackageCache/com.unity.shadergraph@14250cfec0ec/Editor/Data/Nodes/Math/Wave/SquareWaveNode.cs"
"Library/PackageCache/com.unity.shadergraph@14250cfec0ec/Editor/Data/Nodes/Math/Wave/TriangleWaveNode.cs"
"Library/PackageCache/com.unity.shadergraph@14250cfec0ec/Editor/Data/Nodes/MeshDeformation/ComputeDeformNode.cs"
"Library/PackageCache/com.unity.shadergraph@14250cfec0ec/Editor/Data/Nodes/MeshDeformation/LinearBlendSkinningNode.cs"
"Library/PackageCache/com.unity.shadergraph@14250cfec0ec/Editor/Data/Nodes/NodeClassCache.cs"
"Library/PackageCache/com.unity.shadergraph@14250cfec0ec/Editor/Data/Nodes/NormalMapSpace.cs"
"Library/PackageCache/com.unity.shadergraph@14250cfec0ec/Editor/Data/Nodes/Procedural/CheckerboardNode.cs"
"Library/PackageCache/com.unity.shadergraph@14250cfec0ec/Editor/Data/Nodes/Procedural/Noise/GradientNoiseNode.cs"
"Library/PackageCache/com.unity.shadergraph@14250cfec0ec/Editor/Data/Nodes/Procedural/Noise/SimpleNoiseNode.cs"
"Library/PackageCache/com.unity.shadergraph@14250cfec0ec/Editor/Data/Nodes/Procedural/Noise/VoronoiNode.cs"
"Library/PackageCache/com.unity.shadergraph@14250cfec0ec/Editor/Data/Nodes/Procedural/Shape/EllipseNode.cs"
"Library/PackageCache/com.unity.shadergraph@14250cfec0ec/Editor/Data/Nodes/Procedural/Shape/PolygonNode.cs"
"Library/PackageCache/com.unity.shadergraph@14250cfec0ec/Editor/Data/Nodes/Procedural/Shape/RectangleNode.cs"
"Library/PackageCache/com.unity.shadergraph@14250cfec0ec/Editor/Data/Nodes/Procedural/Shape/RoundedPolygonNode.cs"
"Library/PackageCache/com.unity.shadergraph@14250cfec0ec/Editor/Data/Nodes/Procedural/Shape/RoundedRectangleNode.cs"
"Library/PackageCache/com.unity.shadergraph@14250cfec0ec/Editor/Data/Nodes/RedirectNode.cs"
"Library/PackageCache/com.unity.shadergraph@14250cfec0ec/Editor/Data/Nodes/ShaderStage.cs"
"Library/PackageCache/com.unity.shadergraph@14250cfec0ec/Editor/Data/Nodes/SlotValue.cs"
"Library/PackageCache/com.unity.shadergraph@14250cfec0ec/Editor/Data/Nodes/TitleAttribute.cs"
"Library/PackageCache/com.unity.shadergraph@14250cfec0ec/Editor/Data/Nodes/UV/FlipbookNode.cs"
"Library/PackageCache/com.unity.shadergraph@14250cfec0ec/Editor/Data/Nodes/UV/ParallaxMappingNode.cs"
"Library/PackageCache/com.unity.shadergraph@14250cfec0ec/Editor/Data/Nodes/UV/ParallaxOcclusionMappingNode.cs"
"Library/PackageCache/com.unity.shadergraph@14250cfec0ec/Editor/Data/Nodes/UV/PolarCoordinatesNode.cs"
"Library/PackageCache/com.unity.shadergraph@14250cfec0ec/Editor/Data/Nodes/UV/RadialShearNode.cs"
"Library/PackageCache/com.unity.shadergraph@14250cfec0ec/Editor/Data/Nodes/UV/RotateNode.cs"
"Library/PackageCache/com.unity.shadergraph@14250cfec0ec/Editor/Data/Nodes/UV/SpherizeNode.cs"
"Library/PackageCache/com.unity.shadergraph@14250cfec0ec/Editor/Data/Nodes/UV/TilingAndOffsetNode.cs"
"Library/PackageCache/com.unity.shadergraph@14250cfec0ec/Editor/Data/Nodes/UV/TriplanarNode.cs"
"Library/PackageCache/com.unity.shadergraph@14250cfec0ec/Editor/Data/Nodes/UV/TwirlNode.cs"
"Library/PackageCache/com.unity.shadergraph@14250cfec0ec/Editor/Data/Nodes/Utility/CustomFunctionNode.cs"
"Library/PackageCache/com.unity.shadergraph@14250cfec0ec/Editor/Data/Nodes/Utility/DropdownNode.cs"
"Library/PackageCache/com.unity.shadergraph@14250cfec0ec/Editor/Data/Nodes/Utility/KeywordNode.cs"
"Library/PackageCache/com.unity.shadergraph@14250cfec0ec/Editor/Data/Nodes/Utility/Logic/AllNode.cs"
"Library/PackageCache/com.unity.shadergraph@14250cfec0ec/Editor/Data/Nodes/Utility/Logic/AndNode.cs"
"Library/PackageCache/com.unity.shadergraph@14250cfec0ec/Editor/Data/Nodes/Utility/Logic/AnyNode.cs"
"Library/PackageCache/com.unity.shadergraph@14250cfec0ec/Editor/Data/Nodes/Utility/Logic/BranchNode.cs"
"Library/PackageCache/com.unity.shadergraph@14250cfec0ec/Editor/Data/Nodes/Utility/Logic/BranchOnInputConnection.cs"
"Library/PackageCache/com.unity.shadergraph@14250cfec0ec/Editor/Data/Nodes/Utility/Logic/ComparisonNode.cs"
"Library/PackageCache/com.unity.shadergraph@14250cfec0ec/Editor/Data/Nodes/Utility/Logic/IsFrontFaceNode.cs"
"Library/PackageCache/com.unity.shadergraph@14250cfec0ec/Editor/Data/Nodes/Utility/Logic/IsInfiniteNode.cs"
"Library/PackageCache/com.unity.shadergraph@14250cfec0ec/Editor/Data/Nodes/Utility/Logic/IsNanNode.cs"
"Library/PackageCache/com.unity.shadergraph@14250cfec0ec/Editor/Data/Nodes/Utility/Logic/NandNode.cs"
"Library/PackageCache/com.unity.shadergraph@14250cfec0ec/Editor/Data/Nodes/Utility/Logic/NotNode.cs"
"Library/PackageCache/com.unity.shadergraph@14250cfec0ec/Editor/Data/Nodes/Utility/Logic/OrNode.cs"
"Library/PackageCache/com.unity.shadergraph@14250cfec0ec/Editor/Data/Nodes/Utility/PreviewNode.cs"
"Library/PackageCache/com.unity.shadergraph@14250cfec0ec/Editor/Data/Nodes/Utility/RedirectNodeData.cs"
"Library/PackageCache/com.unity.shadergraph@14250cfec0ec/Editor/Data/Nodes/Utility/RedirectNodeView.cs"
"Library/PackageCache/com.unity.shadergraph@14250cfec0ec/Editor/Data/Nodes/Utility/SplitTextureTransformNode.cs"
"Library/PackageCache/com.unity.shadergraph@14250cfec0ec/Editor/Data/Nodes/Utility/SubGraphNode.cs"
"Library/PackageCache/com.unity.shadergraph@14250cfec0ec/Editor/Data/SubGraph/SubGraphAsset.cs"
"Library/PackageCache/com.unity.shadergraph@14250cfec0ec/Editor/Data/SubGraph/SubGraphOutputNode.cs"
"Library/PackageCache/com.unity.shadergraph@14250cfec0ec/Editor/Data/Util/FunctionRegistry.cs"
"Library/PackageCache/com.unity.shadergraph@14250cfec0ec/Editor/Data/Util/GradientUtil.cs"
"Library/PackageCache/com.unity.shadergraph@14250cfec0ec/Editor/Data/Util/GraphUtil.cs"
"Library/PackageCache/com.unity.shadergraph@14250cfec0ec/Editor/Data/Util/Identifier.cs"
"Library/PackageCache/com.unity.shadergraph@14250cfec0ec/Editor/Data/Util/KeywordCollector.cs"
"Library/PackageCache/com.unity.shadergraph@14250cfec0ec/Editor/Data/Util/KeywordDependentCollection.cs"
"Library/PackageCache/com.unity.shadergraph@14250cfec0ec/Editor/Data/Util/KeywordUtil.cs"
"Library/PackageCache/com.unity.shadergraph@14250cfec0ec/Editor/Data/Util/Logging.cs"
"Library/PackageCache/com.unity.shadergraph@14250cfec0ec/Editor/Data/Util/MipSamplingModes.cs"
"Library/PackageCache/com.unity.shadergraph@14250cfec0ec/Editor/Data/Util/PooledHashSet.cs"
"Library/PackageCache/com.unity.shadergraph@14250cfec0ec/Editor/Data/Util/PooledList.cs"
"Library/PackageCache/com.unity.shadergraph@14250cfec0ec/Editor/Data/Util/PrecisionUtil.cs"
"Library/PackageCache/com.unity.shadergraph@14250cfec0ec/Editor/Data/Util/PropertyUtil.cs"
"Library/PackageCache/com.unity.shadergraph@14250cfec0ec/Editor/Data/Util/RGBANodeOutput.cs"
"Library/PackageCache/com.unity.shadergraph@14250cfec0ec/Editor/Data/Util/ScreenSpaceType.cs"
"Library/PackageCache/com.unity.shadergraph@14250cfec0ec/Editor/Data/Util/SerializationHelper.cs"
"Library/PackageCache/com.unity.shadergraph@14250cfec0ec/Editor/Data/Util/ShaderGraphRequirementsPerKeyword.cs"
"Library/PackageCache/com.unity.shadergraph@14250cfec0ec/Editor/Data/Util/SlotValueTypeUtil.cs"
"Library/PackageCache/com.unity.shadergraph@14250cfec0ec/Editor/Data/Util/SpaceTransformUtil.cs"
"Library/PackageCache/com.unity.shadergraph@14250cfec0ec/Editor/Data/Util/StackPool.cs"
"Library/PackageCache/com.unity.shadergraph@14250cfec0ec/Editor/Data/Util/TextUtil.cs"
"Library/PackageCache/com.unity.shadergraph@14250cfec0ec/Editor/Data/Util/UvChannel.cs"
"Library/PackageCache/com.unity.shadergraph@14250cfec0ec/Editor/DefaultShaderIncludes.cs"
"Library/PackageCache/com.unity.shadergraph@14250cfec0ec/Editor/Drawing/Blackboard/BlackboardInputInfo.cs"
"Library/PackageCache/com.unity.shadergraph@14250cfec0ec/Editor/Drawing/Blackboard/BlackboardUtils.cs"
"Library/PackageCache/com.unity.shadergraph@14250cfec0ec/Editor/Drawing/Blackboard/SGBlackboard.cs"
"Library/PackageCache/com.unity.shadergraph@14250cfec0ec/Editor/Drawing/Blackboard/SGBlackboardCategory.cs"
"Library/PackageCache/com.unity.shadergraph@14250cfec0ec/Editor/Drawing/Blackboard/SGBlackboardField.cs"
"Library/PackageCache/com.unity.shadergraph@14250cfec0ec/Editor/Drawing/Blackboard/SGBlackboardRow.cs"
"Library/PackageCache/com.unity.shadergraph@14250cfec0ec/Editor/Drawing/Colors/CategoryColors.cs"
"Library/PackageCache/com.unity.shadergraph@14250cfec0ec/Editor/Drawing/Colors/ColorManager.cs"
"Library/PackageCache/com.unity.shadergraph@14250cfec0ec/Editor/Drawing/Colors/CustomColorData.cs"
"Library/PackageCache/com.unity.shadergraph@14250cfec0ec/Editor/Drawing/Colors/HeatmapColors.cs"
"Library/PackageCache/com.unity.shadergraph@14250cfec0ec/Editor/Drawing/Colors/IColorProvider.cs"
"Library/PackageCache/com.unity.shadergraph@14250cfec0ec/Editor/Drawing/Colors/NoColors.cs"
"Library/PackageCache/com.unity.shadergraph@14250cfec0ec/Editor/Drawing/Colors/PrecisionColors.cs"
"Library/PackageCache/com.unity.shadergraph@14250cfec0ec/Editor/Drawing/Colors/ShaderGraphHeatmapValues.cs"
"Library/PackageCache/com.unity.shadergraph@14250cfec0ec/Editor/Drawing/Colors/UserColors.cs"
"Library/PackageCache/com.unity.shadergraph@14250cfec0ec/Editor/Drawing/Controllers/BlackboardCategoryController.cs"
"Library/PackageCache/com.unity.shadergraph@14250cfec0ec/Editor/Drawing/Controllers/BlackboardController.cs"
"Library/PackageCache/com.unity.shadergraph@14250cfec0ec/Editor/Drawing/Controllers/SGController.cs"
"Library/PackageCache/com.unity.shadergraph@14250cfec0ec/Editor/Drawing/Controllers/ShaderInputViewController.cs"
"Library/PackageCache/com.unity.shadergraph@14250cfec0ec/Editor/Drawing/Controls/ButtonControl.cs"
"Library/PackageCache/com.unity.shadergraph@14250cfec0ec/Editor/Drawing/Controls/ChannelEnumControl.cs"
"Library/PackageCache/com.unity.shadergraph@14250cfec0ec/Editor/Drawing/Controls/ChannelEnumMaskControl.cs"
"Library/PackageCache/com.unity.shadergraph@14250cfec0ec/Editor/Drawing/Controls/ChannelMixerControl.cs"
"Library/PackageCache/com.unity.shadergraph@14250cfec0ec/Editor/Drawing/Controls/ColorControl.cs"
"Library/PackageCache/com.unity.shadergraph@14250cfec0ec/Editor/Drawing/Controls/CubemapControl.cs"
"Library/PackageCache/com.unity.shadergraph@14250cfec0ec/Editor/Drawing/Controls/DefaultControl.cs"
"Library/PackageCache/com.unity.shadergraph@14250cfec0ec/Editor/Drawing/Controls/DielectricSpecularControl.cs"
"Library/PackageCache/com.unity.shadergraph@14250cfec0ec/Editor/Drawing/Controls/EnumControl.cs"
"Library/PackageCache/com.unity.shadergraph@14250cfec0ec/Editor/Drawing/Controls/EnumConversionControl.cs"
"Library/PackageCache/com.unity.shadergraph@14250cfec0ec/Editor/Drawing/Controls/GradientControl.cs"
"Library/PackageCache/com.unity.shadergraph@14250cfec0ec/Editor/Drawing/Controls/IControlAttribute.cs"
"Library/PackageCache/com.unity.shadergraph@14250cfec0ec/Editor/Drawing/Controls/IdentifierControl.cs"
"Library/PackageCache/com.unity.shadergraph@14250cfec0ec/Editor/Drawing/Controls/IntegerControl.cs"
"Library/PackageCache/com.unity.shadergraph@14250cfec0ec/Editor/Drawing/Controls/ObjectControl.cs"
"Library/PackageCache/com.unity.shadergraph@14250cfec0ec/Editor/Drawing/Controls/PopupControl.cs"
"Library/PackageCache/com.unity.shadergraph@14250cfec0ec/Editor/Drawing/Controls/SliderControl.cs"
"Library/PackageCache/com.unity.shadergraph@14250cfec0ec/Editor/Drawing/Controls/TextControl.cs"
"Library/PackageCache/com.unity.shadergraph@14250cfec0ec/Editor/Drawing/Controls/Texture3DControl.cs"
"Library/PackageCache/com.unity.shadergraph@14250cfec0ec/Editor/Drawing/Controls/TextureArrayControl.cs"
"Library/PackageCache/com.unity.shadergraph@14250cfec0ec/Editor/Drawing/Controls/TextureControl.cs"
"Library/PackageCache/com.unity.shadergraph@14250cfec0ec/Editor/Drawing/Controls/ToggleControl.cs"
"Library/PackageCache/com.unity.shadergraph@14250cfec0ec/Editor/Drawing/Controls/VectorControl.cs"
"Library/PackageCache/com.unity.shadergraph@14250cfec0ec/Editor/Drawing/EdgeConnectorListener.cs"
"Library/PackageCache/com.unity.shadergraph@14250cfec0ec/Editor/Drawing/INodeModificationListener.cs"
"Library/PackageCache/com.unity.shadergraph@14250cfec0ec/Editor/Drawing/Inspector/InspectorView.cs"
"Library/PackageCache/com.unity.shadergraph@14250cfec0ec/Editor/Drawing/Inspector/MasterPreviewView.cs"
"Library/PackageCache/com.unity.shadergraph@14250cfec0ec/Editor/Drawing/Inspector/PropertyDrawerUtils.cs"
"Library/PackageCache/com.unity.shadergraph@14250cfec0ec/Editor/Drawing/Inspector/PropertyDrawers/AbstractMaterialNodePropertyDrawer.cs"
"Library/PackageCache/com.unity.shadergraph@14250cfec0ec/Editor/Drawing/Inspector/PropertyDrawers/BoolPropertyDrawer.cs"
"Library/PackageCache/com.unity.shadergraph@14250cfec0ec/Editor/Drawing/Inspector/PropertyDrawers/ColorPropertyDrawer.cs"
"Library/PackageCache/com.unity.shadergraph@14250cfec0ec/Editor/Drawing/Inspector/PropertyDrawers/CubemapPropertyDrawer.cs"
"Library/PackageCache/com.unity.shadergraph@14250cfec0ec/Editor/Drawing/Inspector/PropertyDrawers/CustomFunctionNodePropertyDrawer.cs"
"Library/PackageCache/com.unity.shadergraph@14250cfec0ec/Editor/Drawing/Inspector/PropertyDrawers/DropdownPropertyDrawer.cs"
"Library/PackageCache/com.unity.shadergraph@14250cfec0ec/Editor/Drawing/Inspector/PropertyDrawers/EnumPropertyDrawer.cs"
"Library/PackageCache/com.unity.shadergraph@14250cfec0ec/Editor/Drawing/Inspector/PropertyDrawers/FloatPropertyDrawer.cs"
"Library/PackageCache/com.unity.shadergraph@14250cfec0ec/Editor/Drawing/Inspector/PropertyDrawers/GradientPropertyDrawer.cs"
"Library/PackageCache/com.unity.shadergraph@14250cfec0ec/Editor/Drawing/Inspector/PropertyDrawers/GraphDataPropertyDrawer.cs"
"Library/PackageCache/com.unity.shadergraph@14250cfec0ec/Editor/Drawing/Inspector/PropertyDrawers/IShaderPropertyDrawer.cs"
"Library/PackageCache/com.unity.shadergraph@14250cfec0ec/Editor/Drawing/Inspector/PropertyDrawers/IntegerPropertyDrawer.cs"
"Library/PackageCache/com.unity.shadergraph@14250cfec0ec/Editor/Drawing/Inspector/PropertyDrawers/MatrixPropertyDrawer.cs"
"Library/PackageCache/com.unity.shadergraph@14250cfec0ec/Editor/Drawing/Inspector/PropertyDrawers/PositionNodePropertyDrawer.cs"
"Library/PackageCache/com.unity.shadergraph@14250cfec0ec/Editor/Drawing/Inspector/PropertyDrawers/ProceduralVirtualTextureNodePropertyDrawer.cs"
"Library/PackageCache/com.unity.shadergraph@14250cfec0ec/Editor/Drawing/Inspector/PropertyDrawers/SampleTexture2DArrayNodePropertyDrawer.cs"
"Library/PackageCache/com.unity.shadergraph@14250cfec0ec/Editor/Drawing/Inspector/PropertyDrawers/SampleTexture2DNodePropertyDrawer.cs"
"Library/PackageCache/com.unity.shadergraph@14250cfec0ec/Editor/Drawing/Inspector/PropertyDrawers/SampleTexture3DNodePropertyDrawer.cs"
"Library/PackageCache/com.unity.shadergraph@14250cfec0ec/Editor/Drawing/Inspector/PropertyDrawers/SampleVirtualTextureNodePropertyDrawer.cs"
"Library/PackageCache/com.unity.shadergraph@14250cfec0ec/Editor/Drawing/Inspector/PropertyDrawers/SamplerStateNodePropertyDrawer.cs"
"Library/PackageCache/com.unity.shadergraph@14250cfec0ec/Editor/Drawing/Inspector/PropertyDrawers/ShaderInputPropertyDrawer.cs"
"Library/PackageCache/com.unity.shadergraph@14250cfec0ec/Editor/Drawing/Inspector/PropertyDrawers/SubGraphOutputNodePropertyDrawer.cs"
"Library/PackageCache/com.unity.shadergraph@14250cfec0ec/Editor/Drawing/Inspector/PropertyDrawers/TextPropertyDrawer.cs"
"Library/PackageCache/com.unity.shadergraph@14250cfec0ec/Editor/Drawing/Inspector/PropertyDrawers/Texture2DArrayPropertyDrawer.cs"
"Library/PackageCache/com.unity.shadergraph@14250cfec0ec/Editor/Drawing/Inspector/PropertyDrawers/Texture2DPropertyDrawer.cs"
"Library/PackageCache/com.unity.shadergraph@14250cfec0ec/Editor/Drawing/Inspector/PropertyDrawers/Texture3DPropertyDrawer.cs"
"Library/PackageCache/com.unity.shadergraph@14250cfec0ec/Editor/Drawing/Inspector/PropertyDrawers/ToggleDataPropertyDrawer.cs"
"Library/PackageCache/com.unity.shadergraph@14250cfec0ec/Editor/Drawing/Inspector/PropertyDrawers/TransformNodePropertyDrawer.cs"
"Library/PackageCache/com.unity.shadergraph@14250cfec0ec/Editor/Drawing/Inspector/PropertyDrawers/TriplanarNodePropertyDrawer.cs"
"Library/PackageCache/com.unity.shadergraph@14250cfec0ec/Editor/Drawing/Inspector/PropertyDrawers/Vector2PropertyDrawer.cs"
"Library/PackageCache/com.unity.shadergraph@14250cfec0ec/Editor/Drawing/Inspector/PropertyDrawers/Vector3PropertyDrawer.cs"
"Library/PackageCache/com.unity.shadergraph@14250cfec0ec/Editor/Drawing/Inspector/PropertyDrawers/Vector4PropertyDrawer.cs"
"Library/PackageCache/com.unity.shadergraph@14250cfec0ec/Editor/Drawing/Inspector/ShaderGraphHeatmapValuesEditor.cs"
"Library/PackageCache/com.unity.shadergraph@14250cfec0ec/Editor/Drawing/Inspector/TabbedView/TabButton.cs"
"Library/PackageCache/com.unity.shadergraph@14250cfec0ec/Editor/Drawing/Inspector/TabbedView/TabbedView.cs"
"Library/PackageCache/com.unity.shadergraph@14250cfec0ec/Editor/Drawing/Inspector/WindowDockingLayout.cs"
"Library/PackageCache/com.unity.shadergraph@14250cfec0ec/Editor/Drawing/Interfaces/IRectInterface.cs"
"Library/PackageCache/com.unity.shadergraph@14250cfec0ec/Editor/Drawing/Interfaces/IResizable.cs"
"Library/PackageCache/com.unity.shadergraph@14250cfec0ec/Editor/Drawing/Interfaces/ISGControlledElement.cs"
"Library/PackageCache/com.unity.shadergraph@14250cfec0ec/Editor/Drawing/Interfaces/ISGViewModel.cs"
"Library/PackageCache/com.unity.shadergraph@14250cfec0ec/Editor/Drawing/Interfaces/IShaderInputObserver.cs"
"Library/PackageCache/com.unity.shadergraph@14250cfec0ec/Editor/Drawing/Manipulators/Draggable.cs"
"Library/PackageCache/com.unity.shadergraph@14250cfec0ec/Editor/Drawing/Manipulators/ElementResizer.cs"
"Library/PackageCache/com.unity.shadergraph@14250cfec0ec/Editor/Drawing/Manipulators/MasterPreviewManipulator.cs"
"Library/PackageCache/com.unity.shadergraph@14250cfec0ec/Editor/Drawing/Manipulators/ResizeBorderFrame.cs"
"Library/PackageCache/com.unity.shadergraph@14250cfec0ec/Editor/Drawing/Manipulators/ResizeSideHandle.cs"
"Library/PackageCache/com.unity.shadergraph@14250cfec0ec/Editor/Drawing/Manipulators/Scrollable.cs"
"Library/PackageCache/com.unity.shadergraph@14250cfec0ec/Editor/Drawing/Manipulators/WindowDraggable.cs"
"Library/PackageCache/com.unity.shadergraph@14250cfec0ec/Editor/Drawing/MaterialEditor/ShaderGraphPropertyDrawers.cs"
"Library/PackageCache/com.unity.shadergraph@14250cfec0ec/Editor/Drawing/MaterialGraphEditWindow.cs"
"Library/PackageCache/com.unity.shadergraph@14250cfec0ec/Editor/Drawing/MaterialGraphPreviewGenerator.cs"
"Library/PackageCache/com.unity.shadergraph@14250cfec0ec/Editor/Drawing/PreviewManager.cs"
"Library/PackageCache/com.unity.shadergraph@14250cfec0ec/Editor/Drawing/SearchWindowAdapter.cs"
"Library/PackageCache/com.unity.shadergraph@14250cfec0ec/Editor/Drawing/SearchWindowProvider.cs"
"Library/PackageCache/com.unity.shadergraph@14250cfec0ec/Editor/Drawing/ViewModels/BlackboardCategoryViewModel.cs"
"Library/PackageCache/com.unity.shadergraph@14250cfec0ec/Editor/Drawing/ViewModels/BlackboardViewModel.cs"
"Library/PackageCache/com.unity.shadergraph@14250cfec0ec/Editor/Drawing/ViewModels/InspectorViewModel.cs"
"Library/PackageCache/com.unity.shadergraph@14250cfec0ec/Editor/Drawing/ViewModels/ShaderInputViewModel.cs"
"Library/PackageCache/com.unity.shadergraph@14250cfec0ec/Editor/Drawing/Views/ContextView.cs"
"Library/PackageCache/com.unity.shadergraph@14250cfec0ec/Editor/Drawing/Views/FloatField.cs"
"Library/PackageCache/com.unity.shadergraph@14250cfec0ec/Editor/Drawing/Views/GradientEdge.cs"
"Library/PackageCache/com.unity.shadergraph@14250cfec0ec/Editor/Drawing/Views/GraphEditorView.cs"
"Library/PackageCache/com.unity.shadergraph@14250cfec0ec/Editor/Drawing/Views/GraphSubWindow.cs"
"Library/PackageCache/com.unity.shadergraph@14250cfec0ec/Editor/Drawing/Views/HelpBoxRow.cs"
"Library/PackageCache/com.unity.shadergraph@14250cfec0ec/Editor/Drawing/Views/HlslFunctionView.cs"
"Library/PackageCache/com.unity.shadergraph@14250cfec0ec/Editor/Drawing/Views/IShaderNodeView.cs"
"Library/PackageCache/com.unity.shadergraph@14250cfec0ec/Editor/Drawing/Views/IdentifierField.cs"
"Library/PackageCache/com.unity.shadergraph@14250cfec0ec/Editor/Drawing/Views/MaterialGraphView.cs"
"Library/PackageCache/com.unity.shadergraph@14250cfec0ec/Editor/Drawing/Views/MaterialNodeView.cs"
"Library/PackageCache/com.unity.shadergraph@14250cfec0ec/Editor/Drawing/Views/NodeSettingsView.cs"
"Library/PackageCache/com.unity.shadergraph@14250cfec0ec/Editor/Drawing/Views/PortInputView.cs"
"Library/PackageCache/com.unity.shadergraph@14250cfec0ec/Editor/Drawing/Views/PreviewSceneResources.cs"
"Library/PackageCache/com.unity.shadergraph@14250cfec0ec/Editor/Drawing/Views/PropertyNodeView.cs"
"Library/PackageCache/com.unity.shadergraph@14250cfec0ec/Editor/Drawing/Views/PropertyRow.cs"
"Library/PackageCache/com.unity.shadergraph@14250cfec0ec/Editor/Drawing/Views/PropertySheet.cs"
"Library/PackageCache/com.unity.shadergraph@14250cfec0ec/Editor/Drawing/Views/ReorderableSlotListView.cs"
"Library/PackageCache/com.unity.shadergraph@14250cfec0ec/Editor/Drawing/Views/ReorderableTextListView.cs"
"Library/PackageCache/com.unity.shadergraph@14250cfec0ec/Editor/Drawing/Views/ResizableElement.cs"
"Library/PackageCache/com.unity.shadergraph@14250cfec0ec/Editor/Drawing/Views/ShaderGroup.cs"
"Library/PackageCache/com.unity.shadergraph@14250cfec0ec/Editor/Drawing/Views/ShaderPort.cs"
"Library/PackageCache/com.unity.shadergraph@14250cfec0ec/Editor/Drawing/Views/Slots/BooleanSlotControlView.cs"
"Library/PackageCache/com.unity.shadergraph@14250cfec0ec/Editor/Drawing/Views/Slots/ColorRGBSlotControlView.cs"
"Library/PackageCache/com.unity.shadergraph@14250cfec0ec/Editor/Drawing/Views/Slots/ColorSlotControlView.cs"
"Library/PackageCache/com.unity.shadergraph@14250cfec0ec/Editor/Drawing/Views/Slots/CubemapSlotControlView.cs"
"Library/PackageCache/com.unity.shadergraph@14250cfec0ec/Editor/Drawing/Views/Slots/GradientSlotControlView.cs"
"Library/PackageCache/com.unity.shadergraph@14250cfec0ec/Editor/Drawing/Views/Slots/LabelSlotControlView.cs"
"Library/PackageCache/com.unity.shadergraph@14250cfec0ec/Editor/Drawing/Views/Slots/MultiFloatSlotControlView.cs"
"Library/PackageCache/com.unity.shadergraph@14250cfec0ec/Editor/Drawing/Views/Slots/MultiIntegerSlotControlView.cs"
"Library/PackageCache/com.unity.shadergraph@14250cfec0ec/Editor/Drawing/Views/Slots/PropertyConnectionStateSlotControlView.cs"
"Library/PackageCache/com.unity.shadergraph@14250cfec0ec/Editor/Drawing/Views/Slots/ScreenPositionSlotControlView.cs"
"Library/PackageCache/com.unity.shadergraph@14250cfec0ec/Editor/Drawing/Views/Slots/Texture3DSlotControlView.cs"
"Library/PackageCache/com.unity.shadergraph@14250cfec0ec/Editor/Drawing/Views/Slots/TextureArraySlotControlView.cs"
"Library/PackageCache/com.unity.shadergraph@14250cfec0ec/Editor/Drawing/Views/Slots/TextureSlotControlView.cs"
"Library/PackageCache/com.unity.shadergraph@14250cfec0ec/Editor/Drawing/Views/Slots/UVSlotControlView.cs"
"Library/PackageCache/com.unity.shadergraph@14250cfec0ec/Editor/Drawing/Views/StickyNote.cs"
"Library/PackageCache/com.unity.shadergraph@14250cfec0ec/Editor/Extensions/FieldExtensions.cs"
"Library/PackageCache/com.unity.shadergraph@14250cfec0ec/Editor/Extensions/IConditionalExtensions.cs"
"Library/PackageCache/com.unity.shadergraph@14250cfec0ec/Editor/Extensions/StencilExtensions.cs"
"Library/PackageCache/com.unity.shadergraph@14250cfec0ec/Editor/Generation/Attributes/GenerateBlocksAttribute.cs"
"Library/PackageCache/com.unity.shadergraph@14250cfec0ec/Editor/Generation/Collections/AdditionalCommandCollection.cs"
"Library/PackageCache/com.unity.shadergraph@14250cfec0ec/Editor/Generation/Collections/AssetCollection.cs"
"Library/PackageCache/com.unity.shadergraph@14250cfec0ec/Editor/Generation/Collections/DefineCollection.cs"
"Library/PackageCache/com.unity.shadergraph@14250cfec0ec/Editor/Generation/Collections/DependencyCollection.cs"
"Library/PackageCache/com.unity.shadergraph@14250cfec0ec/Editor/Generation/Collections/FieldCollection.cs"
"Library/PackageCache/com.unity.shadergraph@14250cfec0ec/Editor/Generation/Collections/IncludeCollection.cs"
"Library/PackageCache/com.unity.shadergraph@14250cfec0ec/Editor/Generation/Collections/KernelCollection.cs"
"Library/PackageCache/com.unity.shadergraph@14250cfec0ec/Editor/Generation/Collections/KeywordCollection.cs"
"Library/PackageCache/com.unity.shadergraph@14250cfec0ec/Editor/Generation/Collections/PassCollection.cs"
"Library/PackageCache/com.unity.shadergraph@14250cfec0ec/Editor/Generation/Collections/PragmaCollection.cs"
"Library/PackageCache/com.unity.shadergraph@14250cfec0ec/Editor/Generation/Collections/RenderStateCollection.cs"
"Library/PackageCache/com.unity.shadergraph@14250cfec0ec/Editor/Generation/Collections/StructCollection.cs"
"Library/PackageCache/com.unity.shadergraph@14250cfec0ec/Editor/Generation/Contexts/TargetActiveBlockContext.cs"
"Library/PackageCache/com.unity.shadergraph@14250cfec0ec/Editor/Generation/Contexts/TargetFieldContext.cs"
"Library/PackageCache/com.unity.shadergraph@14250cfec0ec/Editor/Generation/Contexts/TargetPropertyGUIContext.cs"
"Library/PackageCache/com.unity.shadergraph@14250cfec0ec/Editor/Generation/Contexts/TargetSetupContext.cs"
"Library/PackageCache/com.unity.shadergraph@14250cfec0ec/Editor/Generation/Controls.cs"
"Library/PackageCache/com.unity.shadergraph@14250cfec0ec/Editor/Generation/Data/ConditionalField.cs"
"Library/PackageCache/com.unity.shadergraph@14250cfec0ec/Editor/Generation/Data/DropdownEntry.cs"
"Library/PackageCache/com.unity.shadergraph@14250cfec0ec/Editor/Generation/Data/FieldCondition.cs"
"Library/PackageCache/com.unity.shadergraph@14250cfec0ec/Editor/Generation/Data/FieldDependency.cs"
"Library/PackageCache/com.unity.shadergraph@14250cfec0ec/Editor/Generation/Data/KeywordEntry.cs"
"Library/PackageCache/com.unity.shadergraph@14250cfec0ec/Editor/Generation/Descriptors/AdditionalCommandDescriptor.cs"
"Library/PackageCache/com.unity.shadergraph@14250cfec0ec/Editor/Generation/Descriptors/BlockFieldDescriptor.cs"
"Library/PackageCache/com.unity.shadergraph@14250cfec0ec/Editor/Generation/Descriptors/FieldDescriptor.cs"
"Library/PackageCache/com.unity.shadergraph@14250cfec0ec/Editor/Generation/Descriptors/IncludeDescriptor.cs"
"Library/PackageCache/com.unity.shadergraph@14250cfec0ec/Editor/Generation/Descriptors/KernelDescriptor.cs"
"Library/PackageCache/com.unity.shadergraph@14250cfec0ec/Editor/Generation/Descriptors/KeywordDescriptor.cs"
"Library/PackageCache/com.unity.shadergraph@14250cfec0ec/Editor/Generation/Descriptors/PassDescriptor.cs"
"Library/PackageCache/com.unity.shadergraph@14250cfec0ec/Editor/Generation/Descriptors/PragmaDescriptor.cs"
"Library/PackageCache/com.unity.shadergraph@14250cfec0ec/Editor/Generation/Descriptors/RenderStateDescriptor.cs"
"Library/PackageCache/com.unity.shadergraph@14250cfec0ec/Editor/Generation/Descriptors/StencilDescriptor.cs"
"Library/PackageCache/com.unity.shadergraph@14250cfec0ec/Editor/Generation/Descriptors/StructDescriptor.cs"
"Library/PackageCache/com.unity.shadergraph@14250cfec0ec/Editor/Generation/Descriptors/SubShaderDescriptor.cs"
"Library/PackageCache/com.unity.shadergraph@14250cfec0ec/Editor/Generation/Enumerations/Blend.cs"
"Library/PackageCache/com.unity.shadergraph@14250cfec0ec/Editor/Generation/Enumerations/BlendOp.cs"
"Library/PackageCache/com.unity.shadergraph@14250cfec0ec/Editor/Generation/Enumerations/Cull.cs"
"Library/PackageCache/com.unity.shadergraph@14250cfec0ec/Editor/Generation/Enumerations/DisableBatching.cs"
"Library/PackageCache/com.unity.shadergraph@14250cfec0ec/Editor/Generation/Enumerations/IncludeLocation.cs"
"Library/PackageCache/com.unity.shadergraph@14250cfec0ec/Editor/Generation/Enumerations/InstancingOptions.cs"
"Library/PackageCache/com.unity.shadergraph@14250cfec0ec/Editor/Generation/Enumerations/KeywordDefinition.cs"
"Library/PackageCache/com.unity.shadergraph@14250cfec0ec/Editor/Generation/Enumerations/KeywordScope.cs"
"Library/PackageCache/com.unity.shadergraph@14250cfec0ec/Editor/Generation/Enumerations/KeywordShaderStage.cs"
"Library/PackageCache/com.unity.shadergraph@14250cfec0ec/Editor/Generation/Enumerations/KeywordType.cs"
"Library/PackageCache/com.unity.shadergraph@14250cfec0ec/Editor/Generation/Enumerations/NormalDropOffSpace.cs"
"Library/PackageCache/com.unity.shadergraph@14250cfec0ec/Editor/Generation/Enumerations/Platform.cs"
"Library/PackageCache/com.unity.shadergraph@14250cfec0ec/Editor/Generation/Enumerations/PropertyType.cs"
"Library/PackageCache/com.unity.shadergraph@14250cfec0ec/Editor/Generation/Enumerations/RenderQueue.cs"
"Library/PackageCache/com.unity.shadergraph@14250cfec0ec/Editor/Generation/Enumerations/RenderType.cs"
"Library/PackageCache/com.unity.shadergraph@14250cfec0ec/Editor/Generation/Enumerations/ShaderModel.cs"
"Library/PackageCache/com.unity.shadergraph@14250cfec0ec/Editor/Generation/Enumerations/ShaderValueType.cs"
"Library/PackageCache/com.unity.shadergraph@14250cfec0ec/Editor/Generation/Enumerations/StructFieldOptions.cs"
"Library/PackageCache/com.unity.shadergraph@14250cfec0ec/Editor/Generation/Enumerations/ZTest.cs"
"Library/PackageCache/com.unity.shadergraph@14250cfec0ec/Editor/Generation/Enumerations/ZWrite.cs"
"Library/PackageCache/com.unity.shadergraph@14250cfec0ec/Editor/Generation/GraphCode.cs"
"Library/PackageCache/com.unity.shadergraph@14250cfec0ec/Editor/Generation/IHasMetaData.cs"
"Library/PackageCache/com.unity.shadergraph@14250cfec0ec/Editor/Generation/ITargetProvider.cs"
"Library/PackageCache/com.unity.shadergraph@14250cfec0ec/Editor/Generation/OutputMetadata.cs"
"Library/PackageCache/com.unity.shadergraph@14250cfec0ec/Editor/Generation/Processors/ActiveFields.cs"
"Library/PackageCache/com.unity.shadergraph@14250cfec0ec/Editor/Generation/Processors/CustomInterpolatorUtils.cs"
"Library/PackageCache/com.unity.shadergraph@14250cfec0ec/Editor/Generation/Processors/GenerationUtils.cs"
"Library/PackageCache/com.unity.shadergraph@14250cfec0ec/Editor/Generation/Processors/Generator.cs"
"Library/PackageCache/com.unity.shadergraph@14250cfec0ec/Editor/Generation/Processors/GeneratorDerivativeUtils.cs"
"Library/PackageCache/com.unity.shadergraph@14250cfec0ec/Editor/Generation/Processors/GraphCompilationResult.cs"
"Library/PackageCache/com.unity.shadergraph@14250cfec0ec/Editor/Generation/Processors/MatrixNames.cs"
"Library/PackageCache/com.unity.shadergraph@14250cfec0ec/Editor/Generation/Processors/PropertyCollector.cs"
"Library/PackageCache/com.unity.shadergraph@14250cfec0ec/Editor/Generation/Processors/ShaderGeneratorNames.cs"
"Library/PackageCache/com.unity.shadergraph@14250cfec0ec/Editor/Generation/Processors/ShaderSpliceUtil.cs"
"Library/PackageCache/com.unity.shadergraph@14250cfec0ec/Editor/Generation/Processors/ShaderStringBuilder.cs"
"Library/PackageCache/com.unity.shadergraph@14250cfec0ec/Editor/Generation/ShaderGraphVfxAsset.cs"
"Library/PackageCache/com.unity.shadergraph@14250cfec0ec/Editor/Generation/SubTarget.cs"
"Library/PackageCache/com.unity.shadergraph@14250cfec0ec/Editor/Generation/Target.cs"
"Library/PackageCache/com.unity.shadergraph@14250cfec0ec/Editor/Generation/TargetResources/BlockFields.cs"
"Library/PackageCache/com.unity.shadergraph@14250cfec0ec/Editor/Generation/TargetResources/FieldDependencies.cs"
"Library/PackageCache/com.unity.shadergraph@14250cfec0ec/Editor/Generation/TargetResources/Fields.cs"
"Library/PackageCache/com.unity.shadergraph@14250cfec0ec/Editor/Generation/TargetResources/StructFields.cs"
"Library/PackageCache/com.unity.shadergraph@14250cfec0ec/Editor/Generation/TargetResources/Structs.cs"
"Library/PackageCache/com.unity.shadergraph@14250cfec0ec/Editor/Generation/Targets/BuiltIn/Editor/AssetPostProcessors/MaterialPostprocessor.cs"
"Library/PackageCache/com.unity.shadergraph@14250cfec0ec/Editor/Generation/Targets/BuiltIn/Editor/AssetPostProcessors/ShaderGraphMaterialsUpdater.cs"
"Library/PackageCache/com.unity.shadergraph@14250cfec0ec/Editor/Generation/Targets/BuiltIn/Editor/AssetVersion.cs"
"Library/PackageCache/com.unity.shadergraph@14250cfec0ec/Editor/Generation/Targets/BuiltIn/Editor/ShaderGUI/BaseShaderGUI.cs"
"Library/PackageCache/com.unity.shadergraph@14250cfec0ec/Editor/Generation/Targets/BuiltIn/Editor/ShaderGUI/BuiltInLitGUI.cs"
"Library/PackageCache/com.unity.shadergraph@14250cfec0ec/Editor/Generation/Targets/BuiltIn/Editor/ShaderGUI/BuiltInUnlitGUI.cs"
"Library/PackageCache/com.unity.shadergraph@14250cfec0ec/Editor/Generation/Targets/BuiltIn/Editor/ShaderGraph/AssetCallbacks/CreateLitShaderGraph.cs"
"Library/PackageCache/com.unity.shadergraph@14250cfec0ec/Editor/Generation/Targets/BuiltIn/Editor/ShaderGraph/AssetCallbacks/CreateUnlitShaderGraph.cs"
"Library/PackageCache/com.unity.shadergraph@14250cfec0ec/Editor/Generation/Targets/BuiltIn/Editor/ShaderGraph/BuiltInFields.cs"
"Library/PackageCache/com.unity.shadergraph@14250cfec0ec/Editor/Generation/Targets/BuiltIn/Editor/ShaderGraph/BuiltInMetadata.cs"
"Library/PackageCache/com.unity.shadergraph@14250cfec0ec/Editor/Generation/Targets/BuiltIn/Editor/ShaderGraph/BuiltInProperties.cs"
"Library/PackageCache/com.unity.shadergraph@14250cfec0ec/Editor/Generation/Targets/BuiltIn/Editor/ShaderGraph/BuiltInStructFields.cs"
"Library/PackageCache/com.unity.shadergraph@14250cfec0ec/Editor/Generation/Targets/BuiltIn/Editor/ShaderGraph/BuiltInStructs.cs"
"Library/PackageCache/com.unity.shadergraph@14250cfec0ec/Editor/Generation/Targets/BuiltIn/Editor/ShaderGraph/Targets/BuiltInCanvasSubTarget.cs"
"Library/PackageCache/com.unity.shadergraph@14250cfec0ec/Editor/Generation/Targets/BuiltIn/Editor/ShaderGraph/Targets/BuiltInLitSubTarget.cs"
"Library/PackageCache/com.unity.shadergraph@14250cfec0ec/Editor/Generation/Targets/BuiltIn/Editor/ShaderGraph/Targets/BuiltInSubTarget.cs"
"Library/PackageCache/com.unity.shadergraph@14250cfec0ec/Editor/Generation/Targets/BuiltIn/Editor/ShaderGraph/Targets/BuiltInTarget.cs"
"Library/PackageCache/com.unity.shadergraph@14250cfec0ec/Editor/Generation/Targets/BuiltIn/Editor/ShaderGraph/Targets/BuiltInUnlitSubTarget.cs"
"Library/PackageCache/com.unity.shadergraph@14250cfec0ec/Editor/Generation/Targets/BuiltIn/Editor/ShaderPreprocessor.cs"
"Library/PackageCache/com.unity.shadergraph@14250cfec0ec/Editor/Generation/Targets/BuiltIn/Editor/ShaderUtils.cs"
"Library/PackageCache/com.unity.shadergraph@14250cfec0ec/Editor/Generation/Targets/Canvas/AssetCallbacks/CreateCanvasShadergraph.cs"
"Library/PackageCache/com.unity.shadergraph@14250cfec0ec/Editor/Generation/Targets/Canvas/CanvasData.cs"
"Library/PackageCache/com.unity.shadergraph@14250cfec0ec/Editor/Generation/Targets/Canvas/CanvasMetaData.cs"
"Library/PackageCache/com.unity.shadergraph@14250cfec0ec/Editor/Generation/Targets/Canvas/CanvasProperties.cs"
"Library/PackageCache/com.unity.shadergraph@14250cfec0ec/Editor/Generation/Targets/Canvas/CanvasStructs.cs"
"Library/PackageCache/com.unity.shadergraph@14250cfec0ec/Editor/Generation/Targets/Canvas/CanvasSubTarget.cs"
"Library/PackageCache/com.unity.shadergraph@14250cfec0ec/Editor/Generation/Targets/Canvas/Templates/CanvasShaderGUI.cs"
"Library/PackageCache/com.unity.shadergraph@14250cfec0ec/Editor/Generation/Targets/CustomRenderTexture/CreateCustomRenderTextureShaderGraph.cs"
"Library/PackageCache/com.unity.shadergraph@14250cfec0ec/Editor/Generation/Targets/CustomRenderTexture/CustomRenderTextureTarget.cs"
"Library/PackageCache/com.unity.shadergraph@14250cfec0ec/Editor/Generation/Targets/CustomRenderTexture/CustomTextureSelf.cs"
"Library/PackageCache/com.unity.shadergraph@14250cfec0ec/Editor/Generation/Targets/CustomRenderTexture/CustomTextureSize.cs"
"Library/PackageCache/com.unity.shadergraph@14250cfec0ec/Editor/Generation/Targets/CustomRenderTexture/CustomTextureSlice.cs"
"Library/PackageCache/com.unity.shadergraph@14250cfec0ec/Editor/Generation/Targets/CustomRenderTexture/CustomTextureSubTarget.cs"
"Library/PackageCache/com.unity.shadergraph@14250cfec0ec/Editor/Generation/Targets/Fullscreen/FullscreenData.cs"
"Library/PackageCache/com.unity.shadergraph@14250cfec0ec/Editor/Generation/Targets/Fullscreen/FullscreenMetaData.cs"
"Library/PackageCache/com.unity.shadergraph@14250cfec0ec/Editor/Generation/Targets/Fullscreen/FullscreenShaderGUI.cs"
"Library/PackageCache/com.unity.shadergraph@14250cfec0ec/Editor/Generation/Targets/Fullscreen/FullscreenSubTarget.cs"
"Library/PackageCache/com.unity.shadergraph@14250cfec0ec/Editor/Generation/Targets/Fullscreen/Includes/FullscreenShaderPass.cs"
"Library/PackageCache/com.unity.shadergraph@14250cfec0ec/Editor/Generation/Targets/PreviewTarget.cs"
"Library/PackageCache/com.unity.shadergraph@14250cfec0ec/Editor/Generation/Targets/VFXTarget.cs"
"Library/PackageCache/com.unity.shadergraph@14250cfec0ec/Editor/Generation/Utils/TargetUtils.cs"
"Library/PackageCache/com.unity.shadergraph@14250cfec0ec/Editor/Importers/RenderPipelineChangedCallback.cs"
"Library/PackageCache/com.unity.shadergraph@14250cfec0ec/Editor/Importers/ShaderGraphAssetPostProcessor.cs"
"Library/PackageCache/com.unity.shadergraph@14250cfec0ec/Editor/Importers/ShaderGraphImporter.cs"
"Library/PackageCache/com.unity.shadergraph@14250cfec0ec/Editor/Importers/ShaderGraphImporterEditor.cs"
"Library/PackageCache/com.unity.shadergraph@14250cfec0ec/Editor/Importers/ShaderGraphMetadata.cs"
"Library/PackageCache/com.unity.shadergraph@14250cfec0ec/Editor/Importers/ShaderSubGraphImporter.cs"
"Library/PackageCache/com.unity.shadergraph@14250cfec0ec/Editor/Importers/ShaderSubGraphImporterEditor.cs"
"Library/PackageCache/com.unity.shadergraph@14250cfec0ec/Editor/Importers/ShaderSubGraphMetadata.cs"
"Library/PackageCache/com.unity.shadergraph@14250cfec0ec/Editor/Interface/IConditional.cs"
"Library/PackageCache/com.unity.shadergraph@14250cfec0ec/Editor/Interface/IRequiresData.cs"
"Library/PackageCache/com.unity.shadergraph@14250cfec0ec/Editor/Serialization/FakeJsonObject.cs"
"Library/PackageCache/com.unity.shadergraph@14250cfec0ec/Editor/Serialization/JsonData.cs"
"Library/PackageCache/com.unity.shadergraph@14250cfec0ec/Editor/Serialization/JsonObject.cs"
"Library/PackageCache/com.unity.shadergraph@14250cfec0ec/Editor/Serialization/JsonRef.cs"
"Library/PackageCache/com.unity.shadergraph@14250cfec0ec/Editor/Serialization/MultiJson.cs"
"Library/PackageCache/com.unity.shadergraph@14250cfec0ec/Editor/Serialization/MultiJsonEntry.cs"
"Library/PackageCache/com.unity.shadergraph@14250cfec0ec/Editor/Serialization/MultiJsonInternal.cs"
"Library/PackageCache/com.unity.shadergraph@14250cfec0ec/Editor/Serialization/RefDataEnumerable.cs"
"Library/PackageCache/com.unity.shadergraph@14250cfec0ec/Editor/Serialization/RefValueEnumerable.cs"
"Library/PackageCache/com.unity.shadergraph@14250cfec0ec/Editor/Serialization/SerializationExtensions.cs"
"Library/PackageCache/com.unity.shadergraph@14250cfec0ec/Editor/ShaderGUI/GenericShaderGraphMaterialGUI.cs"
"Library/PackageCache/com.unity.shadergraph@14250cfec0ec/Editor/ShaderGraphAnalytics.cs"
"Library/PackageCache/com.unity.shadergraph@14250cfec0ec/Editor/ShaderGraphDataExtension.cs"
"Library/PackageCache/com.unity.shadergraph@14250cfec0ec/Editor/ShaderGraphNodeValidationExtension.cs"
"Library/PackageCache/com.unity.shadergraph@14250cfec0ec/Editor/ShaderGraphPreferences.cs"
"Library/PackageCache/com.unity.shadergraph@14250cfec0ec/Editor/ShaderGraphProjectSettings.cs"
"Library/PackageCache/com.unity.shadergraph@14250cfec0ec/Editor/ShaderGraphShortcuts.cs"
"Library/PackageCache/com.unity.shadergraph@14250cfec0ec/Editor/ShaderGraphToolbarExtension.cs"
"Library/PackageCache/com.unity.shadergraph@14250cfec0ec/Editor/Util/AssertHelpers.cs"
"Library/PackageCache/com.unity.shadergraph@14250cfec0ec/Editor/Util/CompatibilityExtensions.cs"
"Library/PackageCache/com.unity.shadergraph@14250cfec0ec/Editor/Util/CopyPasteGraph.cs"
"Library/PackageCache/com.unity.shadergraph@14250cfec0ec/Editor/Util/CreateSerializableGraph.cs"
"Library/PackageCache/com.unity.shadergraph@14250cfec0ec/Editor/Util/Documentation.cs"
"Library/PackageCache/com.unity.shadergraph@14250cfec0ec/Editor/Util/FileUtilities.cs"
"Library/PackageCache/com.unity.shadergraph@14250cfec0ec/Editor/Util/IndexSet.cs"
"Library/PackageCache/com.unity.shadergraph@14250cfec0ec/Editor/Util/ListUtilities.cs"
"Library/PackageCache/com.unity.shadergraph@14250cfec0ec/Editor/Util/MessageManager.cs"
"Library/PackageCache/com.unity.shadergraph@14250cfec0ec/Editor/Util/TypeMapper.cs"
"Library/PackageCache/com.unity.shadergraph@14250cfec0ec/Editor/Util/TypeMapping.cs"
"Library/PackageCache/com.unity.shadergraph@14250cfec0ec/Editor/Util/UIUtilities.cs"
"Library/PackageCache/com.unity.shadergraph@14250cfec0ec/Editor/Util/ValueUtilities.cs"
-langversion:9.0
/deterministic
/optimize+
/debug:portable
/nologo
/RuntimeMetadataVersion:v4.0.30319
/nowarn:0169
/nowarn:0649
/nowarn:0282
/nowarn:1701
/nowarn:1702
/utf8output
/preferreduilang:en-US
-warn:0
/additionalfile:"Library/Bee/artifacts/1900b0aE.dag/Unity.ShaderGraph.Editor.UnityAdditionalFile.txt"
##### Custom Environment Variables
DOTNET_MULTILEVEL_LOOKUP=0
##### ExitCode
1
##### Output
Library\PackageCache\com.unity.shadergraph@14250cfec0ec\Editor\Drawing\Inspector\PropertyDrawers\ShaderInputPropertyDrawer.cs(21,6): error CS0246: The type or namespace name 'SGPropertyDrawerAttribute' could not be found (are you missing a using directive or an assembly reference?)

Library\PackageCache\com.unity.shadergraph@14250cfec0ec\Editor\Drawing\Inspector\PropertyDrawers\ShaderInputPropertyDrawer.cs(21,6): error CS0246: The type or namespace name 'SGPropertyDrawer' could not be found (are you missing a using directive or an assembly reference?)

Library\PackageCache\com.unity.shadergraph@14250cfec0ec\Editor\Data\Nodes\TitleAttribute.cs(7,28): error CS0246: The type or namespace name 'ContextFilterableAttribute' could not be found (are you missing a using directive or an assembly reference?)

Library\PackageCache\com.unity.shadergraph@14250cfec0ec\Editor\Data\Interfaces\IPropertyDrawer.cs(13,84): error CS0246: The type or namespace name 'InspectableAttribute' could not be found (are you missing a using directive or an assembly reference?)

Library\PackageCache\com.unity.shadergraph@14250cfec0ec\Editor\Data\Nodes\TitleAttribute.cs(6,6): error CS0641: Attribute 'AttributeUsage' is only valid on classes derived from System.Attribute

Library\PackageCache\com.unity.shadergraph@14250cfec0ec\Editor\Generation\Targets\CustomRenderTexture\CustomTextureSelf.cs(8,6): error CS0616: 'TitleAttribute' is not an attribute class

Library\PackageCache\com.unity.shadergraph@14250cfec0ec\Editor\Generation\Targets\CustomRenderTexture\CustomTextureSelf.cs(9,6): error CS0246: The type or namespace name 'SubTargetFilterAttribute' could not be found (are you missing a using directive or an assembly reference?)

Library\PackageCache\com.unity.shadergraph@14250cfec0ec\Editor\Generation\Targets\CustomRenderTexture\CustomTextureSelf.cs(9,6): error CS0246: The type or namespace name 'SubTargetFilter' could not be found (are you missing a using directive or an assembly reference?)

Library\PackageCache\com.unity.shadergraph@14250cfec0ec\Editor\Generation\Targets\CustomRenderTexture\CustomTextureSize.cs(8,6): error CS0616: 'TitleAttribute' is not an attribute class

Library\PackageCache\com.unity.shadergraph@14250cfec0ec\Editor\Generation\Targets\CustomRenderTexture\CustomTextureSize.cs(9,6): error CS0246: The type or namespace name 'SubTargetFilterAttribute' could not be found (are you missing a using directive or an assembly reference?)

Library\PackageCache\com.unity.shadergraph@14250cfec0ec\Editor\Generation\Targets\CustomRenderTexture\CustomTextureSize.cs(9,6): error CS0246: The type or namespace name 'SubTargetFilter' could not be found (are you missing a using directive or an assembly reference?)

Library\PackageCache\com.unity.shadergraph@14250cfec0ec\Editor\Generation\Targets\CustomRenderTexture\CustomTextureSlice.cs(8,6): error CS0616: 'TitleAttribute' is not an attribute class

Library\PackageCache\com.unity.shadergraph@14250cfec0ec\Editor\Generation\Targets\CustomRenderTexture\CustomTextureSlice.cs(9,6): error CS0246: The type or namespace name 'SubTargetFilterAttribute' could not be found (are you missing a using directive or an assembly reference?)

Library\PackageCache\com.unity.shadergraph@14250cfec0ec\Editor\Generation\Targets\CustomRenderTexture\CustomTextureSlice.cs(9,6): error CS0246: The type or namespace name 'SubTargetFilter' could not be found (are you missing a using directive or an assembly reference?)

Library\PackageCache\com.unity.shadergraph@14250cfec0ec\Editor\Drawing\Blackboard\SGBlackboardField.cs(222,10): error CS0246: The type or namespace name 'InspectableAttribute' could not be found (are you missing a using directive or an assembly reference?)

Library\PackageCache\com.unity.shadergraph@14250cfec0ec\Editor\Drawing\Blackboard\SGBlackboardField.cs(222,10): error CS0246: The type or namespace name 'Inspectable' could not be found (are you missing a using directive or an assembly reference?)

Library\PackageCache\com.unity.shadergraph@14250cfec0ec\Editor\Data\Nodes\Artistic\Normal\NormalFromTextureNode.cs(9,6): error CS0616: 'TitleAttribute' is not an attribute class

Library\PackageCache\com.unity.shadergraph@14250cfec0ec\Editor\Data\Nodes\Input\Geometry\TangentVectorNode.cs(7,6): error CS0616: 'TitleAttribute' is not an attribute class

Library\PackageCache\com.unity.shadergraph@14250cfec0ec\Editor\Data\Nodes\Input\Texture\CubemapAssetNode.cs(9,6): error CS0616: 'TitleAttribute' is not an attribute class

Library\PackageCache\com.unity.shadergraph@14250cfec0ec\Editor\Data\Nodes\Input\Geometry\UVNode.cs(8,6): error CS0616: 'TitleAttribute' is not an attribute class

Library\PackageCache\com.unity.shadergraph@14250cfec0ec\Editor\Data\Nodes\Artistic\Normal\NormalReconstructZNode.cs(6,6): error CS0616: 'TitleAttribute' is not an attribute class

Library\PackageCache\com.unity.shadergraph@14250cfec0ec\Editor\Data\Nodes\Input\Geometry\VertexColorNode.cs(6,6): error CS0616: 'TitleAttribute' is not an attribute class

Library\PackageCache\com.unity.shadergraph@14250cfec0ec\Editor\Data\Nodes\Input\Texture\GatherTexture2DNode.cs(8,6): error CS0616: 'TitleAttribute' is not an attribute class

Library\PackageCache\com.unity.shadergraph@14250cfec0ec\Editor\Data\Nodes\Input\Geometry\VertexIDNode.cs(5,6): error CS0616: 'TitleAttribute' is not an attribute class

Library\PackageCache\com.unity.shadergraph@14250cfec0ec\Editor\Data\Nodes\Input\Geometry\ViewDirectionNode.cs(9,6): error CS0616: 'TitleAttribute' is not an attribute class

Library\PackageCache\com.unity.shadergraph@14250cfec0ec\Editor\Data\Nodes\Artistic\Normal\NormalStrengthNode.cs(6,6): error CS0616: 'TitleAttribute' is not an attribute class

Library\PackageCache\com.unity.shadergraph@14250cfec0ec\Editor\Data\Nodes\Input\Texture\SampleCubemapNode.cs(9,6): error CS0616: 'TitleAttribute' is not an attribute class

Library\PackageCache\com.unity.shadergraph@14250cfec0ec\Editor\Data\Nodes\Input\Geometry\ViewVectorNode.cs(14,6): error CS0616: 'TitleAttribute' is not an attribute class

Library\PackageCache\com.unity.shadergraph@14250cfec0ec\Editor\Data\Nodes\Artistic\Normal\NormalUnpackNode.cs(8,6): error CS0616: 'TitleAttribute' is not an attribute class

Library\PackageCache\com.unity.shadergraph@14250cfec0ec\Editor\Data\Nodes\Artistic\Adjustment\ChannelMixerNode.cs(10,6): error CS0616: 'TitleAttribute' is not an attribute class

Library\PackageCache\com.unity.shadergraph@14250cfec0ec\Editor\Data\Nodes\Artistic\Utility\ColorspaceConversion.cs(41,6): error CS0616: 'TitleAttribute' is not an attribute class

Library\PackageCache\com.unity.shadergraph@14250cfec0ec\Editor\Data\Nodes\Math\Basic\DivideNode.cs(5,6): error CS0616: 'TitleAttribute' is not an attribute class

Library\PackageCache\com.unity.shadergraph@14250cfec0ec\Editor\Data\Nodes\Input\Gradient\BlackbodyNode.cs(6,6): error CS0616: 'TitleAttribute' is not an attribute class

Library\PackageCache\com.unity.shadergraph@14250cfec0ec\Editor\Data\Nodes\Math\Basic\MultiplyNode.cs(12,6): error CS0616: 'TitleAttribute' is not an attribute class

Library\PackageCache\com.unity.shadergraph@14250cfec0ec\Editor\Data\Nodes\Input\Gradient\GradientNode.cs(11,6): error CS0616: 'TitleAttribute' is not an attribute class

Library\PackageCache\com.unity.shadergraph@14250cfec0ec\Editor\Data\Nodes\Artistic\Adjustment\ContrastNode.cs(6,6): error CS0616: 'TitleAttribute' is not an attribute class

Library\PackageCache\com.unity.shadergraph@14250cfec0ec\Editor\Data\Nodes\Math\Basic\PowerNode.cs(5,6): error CS0616: 'TitleAttribute' is not an attribute class

Library\PackageCache\com.unity.shadergraph@14250cfec0ec\Editor\Data\Nodes\Artistic\Adjustment\HueNode.cs(14,6): error CS0616: 'TitleAttribute' is not an attribute class

Library\PackageCache\com.unity.shadergraph@14250cfec0ec\Editor\Data\Nodes\Math\Basic\SquareRootNode.cs(5,6): error CS0616: 'TitleAttribute' is not an attribute class

Library\PackageCache\com.unity.shadergraph@14250cfec0ec\Editor\Data\Nodes\Input\Gradient\SampleGradientNode.cs(6,6): error CS0616: 'TitleAttribute' is not an attribute class

Library\PackageCache\com.unity.shadergraph@14250cfec0ec\Editor\Data\Nodes\Math\Basic\SubtractNode.cs(5,6): error CS0616: 'TitleAttribute' is not an attribute class

Library\PackageCache\com.unity.shadergraph@14250cfec0ec\Editor\Data\Nodes\Artistic\Adjustment\InvertColorsNode.cs(10,6): error CS0616: 'TitleAttribute' is not an attribute class

Library\PackageCache\com.unity.shadergraph@14250cfec0ec\Editor\Data\Nodes\Math\Derivative\DDXNode.cs(6,6): error CS0616: 'TitleAttribute' is not an attribute class

Library\PackageCache\com.unity.shadergraph@14250cfec0ec\Editor\Data\Nodes\Input\Lighting\AmbientNode.cs(7,6): error CS0616: 'TitleAttribute' is not an attribute class

Library\PackageCache\com.unity.shadergraph@14250cfec0ec\Editor\Data\Nodes\Math\Derivative\DDXYNode.cs(6,6): error CS0616: 'TitleAttribute' is not an attribute class

Library\PackageCache\com.unity.shadergraph@14250cfec0ec\Editor\Data\Nodes\Input\Lighting\BakedGINode.cs(10,6): error CS0616: 'TitleAttribute' is not an attribute class

Library\PackageCache\com.unity.shadergraph@14250cfec0ec\Editor\Data\Nodes\Input\Texture\SampleRawCubemapNode.cs(8,6): error CS0616: 'TitleAttribute' is not an attribute class

Library\PackageCache\com.unity.shadergraph@14250cfec0ec\Editor\Data\Nodes\Math\Derivative\DDYNode.cs(6,6): error CS0616: 'TitleAttribute' is not an attribute class

Library\PackageCache\com.unity.shadergraph@14250cfec0ec\Editor\Data\Nodes\Math\Interpolation\InverseLerpNode.cs(5,6): error CS0616: 'TitleAttribute' is not an attribute class

Library\PackageCache\com.unity.shadergraph@14250cfec0ec\Editor\Data\Nodes\Channel\CombineNode.cs(7,6): error CS0616: 'TitleAttribute' is not an attribute class

Library\PackageCache\com.unity.shadergraph@14250cfec0ec\Editor\Data\Nodes\Input\Texture\SampleTexture2DArrayNode.cs(9,6): error CS0616: 'TitleAttribute' is not an attribute class

Library\PackageCache\com.unity.shadergraph@14250cfec0ec\Editor\Data\Nodes\Artistic\Adjustment\ReplaceColorNode.cs(6,6): error CS0616: 'TitleAttribute' is not an attribute class

Library\PackageCache\com.unity.shadergraph@14250cfec0ec\Editor\Data\Nodes\Math\Trigonometry\CosineNode.cs(5,6): error CS0616: 'TitleAttribute' is not an attribute class

Library\PackageCache\com.unity.shadergraph@14250cfec0ec\Editor\Data\Nodes\Math\Interpolation\LerpNode.cs(5,6): error CS0616: 'TitleAttribute' is not an attribute class

Library\PackageCache\com.unity.shadergraph@14250cfec0ec\Editor\Data\Nodes\Math\Trigonometry\DegreesToRadiansNode.cs(5,6): error CS0616: 'TitleAttribute' is not an attribute class

Library\PackageCache\com.unity.shadergraph@14250cfec0ec\Editor\Data\Nodes\Procedural\Shape\PolygonNode.cs(6,6): error CS0616: 'TitleAttribute' is not an attribute class

Library\PackageCache\com.unity.shadergraph@14250cfec0ec\Editor\Data\Nodes\Math\Interpolation\SmoothstepNode.cs(5,6): error CS0616: 'TitleAttribute' is not an attribute class

Library\PackageCache\com.unity.shadergraph@14250cfec0ec\Editor\Data\Nodes\Artistic\Adjustment\SaturationNode.cs(6,6): error CS0616: 'TitleAttribute' is not an attribute class

Library\PackageCache\com.unity.shadergraph@14250cfec0ec\Editor\Data\Nodes\Input\Lighting\MainLightDirectionNode.cs(6,6): error CS0616: 'TitleAttribute' is not an attribute class

Library\PackageCache\com.unity.shadergraph@14250cfec0ec\Editor\Data\Nodes\Input\Texture\SampleTexture2DLODNode.cs(9,6): error CS0616: 'TitleAttribute' is not an attribute class

Library\PackageCache\com.unity.shadergraph@14250cfec0ec\Editor\Data\Nodes\Math\Trigonometry\HyperbolicCosineNode.cs(5,6): error CS0616: 'TitleAttribute' is not an attribute class

Library\PackageCache\com.unity.shadergraph@14250cfec0ec\Editor\Data\Nodes\Channel\FlipNode.cs(10,6): error CS0616: 'TitleAttribute' is not an attribute class

Library\PackageCache\com.unity.shadergraph@14250cfec0ec\Editor\Data\Nodes\Utility\Logic\ComparisonNode.cs(18,6): error CS0616: 'TitleAttribute' is not an attribute class

Library\PackageCache\com.unity.shadergraph@14250cfec0ec\Editor\Data\Util\KeywordUtil.cs(13,10): error CS0616: 'BuiltinKeyword' is not an attribute class

Library\PackageCache\com.unity.shadergraph@14250cfec0ec\Editor\Data\Nodes\Input\Lighting\ReflectionProbeNode.cs(6,6): error CS0616: 'TitleAttribute' is not an attribute class

Library\PackageCache\com.unity.shadergraph@14250cfec0ec\Editor\Data\Nodes\Artistic\Adjustment\WhiteBalanceNode.cs(6,6): error CS0616: 'TitleAttribute' is not an attribute class

Library\PackageCache\com.unity.shadergraph@14250cfec0ec\Editor\Data\Nodes\Math\Trigonometry\HyperbolicSineNode.cs(5,6): error CS0616: 'TitleAttribute' is not an attribute class

Library\PackageCache\com.unity.shadergraph@14250cfec0ec\Editor\Data\Nodes\Math\Matrix\MatrixConstructionNode.cs(8,6): error CS0616: 'TitleAttribute' is not an attribute class

Library\PackageCache\com.unity.shadergraph@14250cfec0ec\Editor\Data\Nodes\Procedural\Shape\RectangleNode.cs(14,6): error CS0616: 'TitleAttribute' is not an attribute class

Library\PackageCache\com.unity.shadergraph@14250cfec0ec\Editor\Data\Nodes\Math\Trigonometry\HyperbolicTangentNode.cs(5,6): error CS0616: 'TitleAttribute' is not an attribute class

Library\PackageCache\com.unity.shadergraph@14250cfec0ec\Editor\Data\Nodes\Input\Matrix\Matrix2Node.cs(9,6): error CS0616: 'TitleAttribute' is not an attribute class

Library\PackageCache\com.unity.shadergraph@14250cfec0ec\Editor\Data\Nodes\Input\Texture\SampleTexture2DNode.cs(16,6): error CS0616: 'TitleAttribute' is not an attribute class

Library\PackageCache\com.unity.shadergraph@14250cfec0ec\Editor\Data\Nodes\Artistic\Blend\BlendNode.cs(8,6): error CS0616: 'TitleAttribute' is not an attribute class

Library\PackageCache\com.unity.shadergraph@14250cfec0ec\Editor\Data\Nodes\Math\Matrix\MatrixDeterminantNode.cs(6,6): error CS0616: 'TitleAttribute' is not an attribute class

Library\PackageCache\com.unity.shadergraph@14250cfec0ec\Editor\Data\Nodes\Math\Trigonometry\RadiansToDegreesNode.cs(5,6): error CS0616: 'TitleAttribute' is not an attribute class

Library\PackageCache\com.unity.shadergraph@14250cfec0ec\Editor\Data\Nodes\Channel\SplitNode.cs(8,6): error CS0616: 'TitleAttribute' is not an attribute class

Library\PackageCache\com.unity.shadergraph@14250cfec0ec\Editor\Data\Nodes\Math\Trigonometry\SineNode.cs(5,6): error CS0616: 'TitleAttribute' is not an attribute class

Library\PackageCache\com.unity.shadergraph@14250cfec0ec\Editor\Data\Nodes\Procedural\Shape\RoundedPolygonNode.cs(6,6): error CS0616: 'TitleAttribute' is not an attribute class

Library\PackageCache\com.unity.shadergraph@14250cfec0ec\Editor\Data\Nodes\Math\Matrix\MatrixSplitNode.cs(18,6): error CS0616: 'TitleAttribute' is not an attribute class

Library\PackageCache\com.unity.shadergraph@14250cfec0ec\Editor\Data\Nodes\Channel\SwizzleNode.cs(10,6): error CS0616: 'TitleAttribute' is not an attribute class

Library\PackageCache\com.unity.shadergraph@14250cfec0ec\Editor\Data\Nodes\Math\Trigonometry\TangentNode.cs(5,6): error CS0616: 'TitleAttribute' is not an attribute class

Library\PackageCache\com.unity.shadergraph@14250cfec0ec\Editor\Data\Nodes\Input\Matrix\Matrix3Node.cs(9,6): error CS0616: 'TitleAttribute' is not an attribute class

Library\PackageCache\com.unity.shadergraph@14250cfec0ec\Editor\Data\Nodes\Utility\Logic\IsFrontFaceNode.cs(6,6): error CS0616: 'TitleAttribute' is not an attribute class

Library\PackageCache\com.unity.shadergraph@14250cfec0ec\Editor\Data\Nodes\Math\Vector\CrossProductNode.cs(6,6): error CS0616: 'TitleAttribute' is not an attribute class

Library\PackageCache\com.unity.shadergraph@14250cfec0ec\Editor\Data\Nodes\Input\Texture\SampleTexture3DNode.cs(8,6): error CS0616: 'TitleAttribute' is not an attribute class

Library\PackageCache\com.unity.shadergraph@14250cfec0ec\Editor\Drawing\Views\PropertyNodeView.cs(81,10): error CS0246: The type or namespace name 'InspectableAttribute' could not be found (are you missing a using directive or an assembly reference?)

Library\PackageCache\com.unity.shadergraph@14250cfec0ec\Editor\Drawing\Views\PropertyNodeView.cs(81,10): error CS0246: The type or namespace name 'Inspectable' could not be found (are you missing a using directive or an assembly reference?)

Library\PackageCache\com.unity.shadergraph@14250cfec0ec\Editor\Data\Nodes\Procedural\Shape\RoundedRectangleNode.cs(6,6): error CS0616: 'TitleAttribute' is not an attribute class

Library\PackageCache\com.unity.shadergraph@14250cfec0ec\Editor\Data\Nodes\Math\Matrix\MatrixTransposeNode.cs(6,6): error CS0616: 'TitleAttribute' is not an attribute class

Library\PackageCache\com.unity.shadergraph@14250cfec0ec\Editor\Data\Nodes\Utility\Logic\IsInfiniteNode.cs(6,6): error CS0616: 'TitleAttribute' is not an attribute class

Library\PackageCache\com.unity.shadergraph@14250cfec0ec\Editor\Data\Nodes\Math\Vector\DistanceNode.cs(5,6): error CS0616: 'TitleAttribute' is not an attribute class

Library\PackageCache\com.unity.shadergraph@14250cfec0ec\Editor\Data\Nodes\Math\Range\ClampNode.cs(5,6): error CS0616: 'TitleAttribute' is not an attribute class

Library\PackageCache\com.unity.shadergraph@14250cfec0ec\Editor\Data\Nodes\Utility\Logic\IsNanNode.cs(6,6): error CS0616: 'TitleAttribute' is not an attribute class

Library\PackageCache\com.unity.shadergraph@14250cfec0ec\Editor\Data\Nodes\Input\Matrix\Matrix4Node.cs(9,6): error CS0616: 'TitleAttribute' is not an attribute class

Library\PackageCache\com.unity.shadergraph@14250cfec0ec\Editor\Data\Nodes\Math\Vector\DotProductNode.cs(6,6): error CS0616: 'TitleAttribute' is not an attribute class

Library\PackageCache\com.unity.shadergraph@14250cfec0ec\Editor\Data\Nodes\Input\Texture\SampleVirtualTextureNode.cs(16,6): error CS0616: 'TitleAttribute' is not an attribute class

Library\PackageCache\com.unity.shadergraph@14250cfec0ec\Editor\Data\Nodes\Utility\Logic\NandNode.cs(6,6): error CS0616: 'TitleAttribute' is not an attribute class

Library\PackageCache\com.unity.shadergraph@14250cfec0ec\Editor\Data\Nodes\Math\Range\FractionNode.cs(5,6): error CS0616: 'TitleAttribute' is not an attribute class

Library\PackageCache\com.unity.shadergraph@14250cfec0ec\Editor\Drawing\Views\MaterialGraphView.cs(93,10): error CS0246: The type or namespace name 'InspectableAttribute' could not be found (are you missing a using directive or an assembly reference?)

Library\PackageCache\com.unity.shadergraph@14250cfec0ec\Editor\Drawing\Views\MaterialGraphView.cs(93,10): error CS0246: The type or namespace name 'Inspectable' could not be found (are you missing a using directive or an assembly reference?)

Library\PackageCache\com.unity.shadergraph@14250cfec0ec\Editor\Data\Nodes\Math\Vector\FresnelEffectNode.cs(6,6): error CS0616: 'TitleAttribute' is not an attribute class

Library\PackageCache\com.unity.shadergraph@14250cfec0ec\Editor\Drawing\Inspector\PropertyDrawers\BoolPropertyDrawer.cs(10,6): error CS0246: The type or namespace name 'SGPropertyDrawerAttribute' could not be found (are you missing a using directive or an assembly reference?)

Library\PackageCache\com.unity.shadergraph@14250cfec0ec\Editor\Drawing\Inspector\PropertyDrawers\BoolPropertyDrawer.cs(10,6): error CS0246: The type or namespace name 'SGPropertyDrawer' could not be found (are you missing a using directive or an assembly reference?)

Library\PackageCache\com.unity.shadergraph@14250cfec0ec\Editor\Data\Nodes\Math\Range\MaximumNode.cs(5,6): error CS0616: 'TitleAttribute' is not an attribute class

Library\PackageCache\com.unity.shadergraph@14250cfec0ec\Editor\Drawing\Inspector\PropertyDrawers\AbstractMaterialNodePropertyDrawer.cs(20,6): error CS0246: The type or namespace name 'SGPropertyDrawerAttribute' could not be found (are you missing a using directive or an assembly reference?)

Library\PackageCache\com.unity.shadergraph@14250cfec0ec\Editor\Drawing\Inspector\PropertyDrawers\AbstractMaterialNodePropertyDrawer.cs(20,6): error CS0246: The type or namespace name 'SGPropertyDrawer' could not be found (are you missing a using directive or an assembly reference?)

Library\PackageCache\com.unity.shadergraph@14250cfec0ec\Editor\Data\Nodes\Utility\Logic\NotNode.cs(6,6): error CS0616: 'TitleAttribute' is not an attribute class

Library\PackageCache\com.unity.shadergraph@14250cfec0ec\Editor\Drawing\Inspector\PropertyDrawers\BoolPropertyDrawer.cs(45,13): error CS0246: The type or namespace name 'InspectableAttribute' could not be found (are you missing a using directive or an assembly reference?)

Library\PackageCache\com.unity.shadergraph@14250cfec0ec\Editor\Data\Nodes\Math\Vector\ProjectionNode.cs(5,6): error CS0616: 'TitleAttribute' is not an attribute class

Library\PackageCache\com.unity.shadergraph@14250cfec0ec\Editor\Data\Nodes\Math\Range\MinimumNode.cs(5,6): error CS0616: 'TitleAttribute' is not an attribute class

Library\PackageCache\com.unity.shadergraph@14250cfec0ec\Editor\Data\Nodes\Utility\Logic\OrNode.cs(6,6): error CS0616: 'TitleAttribute' is not an attribute class

Library\PackageCache\com.unity.shadergraph@14250cfec0ec\Editor\Drawing\Inspector\PropertyDrawers\AbstractMaterialNodePropertyDrawer.cs(38,60): error CS0246: The type or namespace name 'InspectableAttribute' could not be found (are you missing a using directive or an assembly reference?)

Library\PackageCache\com.unity.shadergraph@14250cfec0ec\Editor\Data\Nodes\Input\Matrix\TransformationMatrixNode.cs(34,6): error CS0616: 'TitleAttribute' is not an attribute class

Library\PackageCache\com.unity.shadergraph@14250cfec0ec\Editor\Drawing\Inspector\PropertyDrawers\ColorPropertyDrawer.cs(10,6): error CS0246: The type or namespace name 'SGPropertyDrawerAttribute' could not be found (are you missing a using directive or an assembly reference?)

Library\PackageCache\com.unity.shadergraph@14250cfec0ec\Editor\Drawing\Inspector\PropertyDrawers\ColorPropertyDrawer.cs(10,6): error CS0246: The type or namespace name 'SGPropertyDrawer' could not be found (are you missing a using directive or an assembly reference?)

Library\PackageCache\com.unity.shadergraph@14250cfec0ec\Editor\Drawing\Inspector\PropertyDrawers\AbstractMaterialNodePropertyDrawer.cs(96,91): error CS0246: The type or namespace name 'InspectableAttribute' could not be found (are you missing a using directive or an assembly reference?)

Library\PackageCache\com.unity.shadergraph@14250cfec0ec\Editor\Data\Nodes\Math\Vector\ReflectionNode.cs(6,6): error CS0616: 'TitleAttribute' is not an attribute class

Library\PackageCache\com.unity.shadergraph@14250cfec0ec\Editor\Data\Nodes\Math\Range\OneMinusNode.cs(5,6): error CS0616: 'TitleAttribute' is not an attribute class

Library\PackageCache\com.unity.shadergraph@14250cfec0ec\Editor\Data\Nodes\Input\Basic\BooleanNode.cs(9,6): error CS0616: 'TitleAttribute' is not an attribute class

Library\PackageCache\com.unity.shadergraph@14250cfec0ec\Editor\Drawing\Inspector\PropertyDrawers\ColorPropertyDrawer.cs(38,91): error CS0246: The type or namespace name 'InspectableAttribute' could not be found (are you missing a using directive or an assembly reference?)

Library\PackageCache\com.unity.shadergraph@14250cfec0ec\Editor\Data\Nodes\Utility\PreviewNode.cs(6,6): error CS0616: 'TitleAttribute' is not an attribute class

Library\PackageCache\com.unity.shadergraph@14250cfec0ec\Editor\Drawing\Inspector\PropertyDrawers\CubemapPropertyDrawer.cs(10,6): error CS0246: The type or namespace name 'SGPropertyDrawerAttribute' could not be found (are you missing a using directive or an assembly reference?)

Library\PackageCache\com.unity.shadergraph@14250cfec0ec\Editor\Drawing\Inspector\PropertyDrawers\CubemapPropertyDrawer.cs(10,6): error CS0246: The type or namespace name 'SGPropertyDrawer' could not be found (are you missing a using directive or an assembly reference?)

Library\PackageCache\com.unity.shadergraph@14250cfec0ec\Editor\Data\Nodes\Math\Range\RandomRangeNode.cs(6,6): error CS0616: 'TitleAttribute' is not an attribute class

Library\PackageCache\com.unity.shadergraph@14250cfec0ec\Editor\Data\Nodes\Math\Vector\RefractNode.cs(18,6): error CS0616: 'TitleAttribute' is not an attribute class

Library\PackageCache\com.unity.shadergraph@14250cfec0ec\Editor\Data\Nodes\Input\PBR\DielectricSpecularNode.cs(21,6): error CS0616: 'TitleAttribute' is not an attribute class

Library\PackageCache\com.unity.shadergraph@14250cfec0ec\Editor\Drawing\Inspector\PropertyDrawers\CubemapPropertyDrawer.cs(39,91): error CS0246: The type or namespace name 'InspectableAttribute' could not be found (are you missing a using directive or an assembly reference?)

Library\PackageCache\com.unity.shadergraph@14250cfec0ec\Editor\Drawing\Inspector\PropertyDrawers\DropdownPropertyDrawer.cs(12,6): error CS0246: The type or namespace name 'SGPropertyDrawerAttribute' could not be found (are you missing a using directive or an assembly reference?)

Library\PackageCache\com.unity.shadergraph@14250cfec0ec\Editor\Drawing\Inspector\PropertyDrawers\DropdownPropertyDrawer.cs(12,6): error CS0246: The type or namespace name 'SGPropertyDrawer' could not be found (are you missing a using directive or an assembly reference?)

Library\PackageCache\com.unity.shadergraph@14250cfec0ec\Editor\Data\Nodes\Input\Basic\ColorNode.cs(19,6): error CS0616: 'TitleAttribute' is not an attribute class

Library\PackageCache\com.unity.shadergraph@14250cfec0ec\Editor\Drawing\Inspector\PropertyDrawers\DropdownPropertyDrawer.cs(39,91): error CS0246: The type or namespace name 'InspectableAttribute' could not be found (are you missing a using directive or an assembly reference?)

Library\PackageCache\com.unity.shadergraph@14250cfec0ec\Editor\Data\Nodes\Input\Texture\SamplerStateNode.cs(9,6): error CS0616: 'TitleAttribute' is not an attribute class

Library\PackageCache\com.unity.shadergraph@14250cfec0ec\Editor\Data\Nodes\Math\Range\RemapNode.cs(6,6): error CS0616: 'TitleAttribute' is not an attribute class

Library\PackageCache\com.unity.shadergraph@14250cfec0ec\Editor\Data\Nodes\Math\Vector\RejectionNode.cs(5,6): error CS0616: 'TitleAttribute' is not an attribute class

Library\PackageCache\com.unity.shadergraph@14250cfec0ec\Editor\Drawing\Inspector\PropertyDrawers\CustomFunctionNodePropertyDrawer.cs(12,6): error CS0246: The type or namespace name 'SGPropertyDrawerAttribute' could not be found (are you missing a using directive or an assembly reference?)

Library\PackageCache\com.unity.shadergraph@14250cfec0ec\Editor\Drawing\Inspector\PropertyDrawers\CustomFunctionNodePropertyDrawer.cs(12,6): error CS0246: The type or namespace name 'SGPropertyDrawer' could not be found (are you missing a using directive or an assembly reference?)

Library\PackageCache\com.unity.shadergraph@14250cfec0ec\Editor\Drawing\Inspector\PropertyDrawers\EnumPropertyDrawer.cs(10,6): error CS0246: The type or namespace name 'SGPropertyDrawerAttribute' could not be found (are you missing a using directive or an assembly reference?)

Library\PackageCache\com.unity.shadergraph@14250cfec0ec\Editor\Drawing\Inspector\PropertyDrawers\EnumPropertyDrawer.cs(10,6): error CS0246: The type or namespace name 'SGPropertyDrawer' could not be found (are you missing a using directive or an assembly reference?)

Library\PackageCache\com.unity.shadergraph@14250cfec0ec\Editor\Data\Nodes\Input\PBR\MetalReflectanceNode.cs(23,6): error CS0616: 'TitleAttribute' is not an attribute class

Library\PackageCache\com.unity.shadergraph@14250cfec0ec\Editor\Drawing\Inspector\PropertyDrawers\CustomFunctionNodePropertyDrawer.cs(24,58): error CS0246: The type or namespace name 'InspectableAttribute' could not be found (are you missing a using directive or an assembly reference?)

Library\PackageCache\com.unity.shadergraph@14250cfec0ec\Editor\Data\Nodes\Math\Vector\RotateAboutAxisNode.cs(8,6): error CS0616: 'TitleAttribute' is not an attribute class

Library\PackageCache\com.unity.shadergraph@14250cfec0ec\Editor\Data\Nodes\UV\FlipbookNode.cs(11,6): error CS0616: 'TitleAttribute' is not an attribute class

Library\PackageCache\com.unity.shadergraph@14250cfec0ec\Editor\Data\Nodes\Input\Basic\ConstantNode.cs(18,6): error CS0616: 'TitleAttribute' is not an attribute class

Library\PackageCache\com.unity.shadergraph@14250cfec0ec\Editor\Data\Nodes\Math\Range\SaturateNode.cs(5,6): error CS0616: 'TitleAttribute' is not an attribute class

Library\PackageCache\com.unity.shadergraph@14250cfec0ec\Editor\Drawing\Inspector\PropertyDrawers\CustomFunctionNodePropertyDrawer.cs(51,13): error CS0246: The type or namespace name 'InspectableAttribute' could not be found (are you missing a using directive or an assembly reference?)

Library\PackageCache\com.unity.shadergraph@14250cfec0ec\Editor\Drawing\Inspector\PropertyDrawers\EnumPropertyDrawer.cs(46,13): error CS0246: The type or namespace name 'InspectableAttribute' could not be found (are you missing a using directive or an assembly reference?)

Library\PackageCache\com.unity.shadergraph@14250cfec0ec\Editor\Drawing\Views\MaterialNodeView.cs(345,10): error CS0246: The type or namespace name 'InspectableAttribute' could not be found (are you missing a using directive or an assembly reference?)

Library\PackageCache\com.unity.shadergraph@14250cfec0ec\Editor\Drawing\Views\MaterialNodeView.cs(345,10): error CS0246: The type or namespace name 'Inspectable' could not be found (are you missing a using directive or an assembly reference?)

Library\PackageCache\com.unity.shadergraph@14250cfec0ec\Editor\Data\Nodes\Input\Texture\TexelSizeNode.cs(9,6): error CS0616: 'TitleAttribute' is not an attribute class

Library\PackageCache\com.unity.shadergraph@14250cfec0ec\Editor\Data\Nodes\Utility\SplitTextureTransformNode.cs(6,6): error CS0616: 'TitleAttribute' is not an attribute class

Library\PackageCache\com.unity.shadergraph@14250cfec0ec\Editor\Data\Nodes\Math\Round\CeilingNode.cs(5,6): error CS0616: 'TitleAttribute' is not an attribute class

Library\PackageCache\com.unity.shadergraph@14250cfec0ec\Editor\Data\Nodes\Input\PropertyNode.cs(13,6): error CS0616: 'TitleAttribute' is not an attribute class

Library\PackageCache\com.unity.shadergraph@14250cfec0ec\Editor\Data\Nodes\Input\Basic\IntegerNode.cs(9,6): error CS0616: 'TitleAttribute' is not an attribute class

Library\PackageCache\com.unity.shadergraph@14250cfec0ec\Editor\Drawing\Inspector\PropertyDrawers\FloatPropertyDrawer.cs(9,6): error CS0246: The type or namespace name 'SGPropertyDrawerAttribute' could not be found (are you missing a using directive or an assembly reference?)

Library\PackageCache\com.unity.shadergraph@14250cfec0ec\Editor\Drawing\Inspector\PropertyDrawers\FloatPropertyDrawer.cs(9,6): error CS0246: The type or namespace name 'SGPropertyDrawer' could not be found (are you missing a using directive or an assembly reference?)

Library\PackageCache\com.unity.shadergraph@14250cfec0ec\Editor\Data\Nodes\Math\Round\FloorNode.cs(5,6): error CS0616: 'TitleAttribute' is not an attribute class

Library\PackageCache\com.unity.shadergraph@14250cfec0ec\Editor\Data\Nodes\Input\Texture\Texture2DArrayAssetNode.cs(9,6): error CS0616: 'TitleAttribute' is not an attribute class

Library\PackageCache\com.unity.shadergraph@14250cfec0ec\Editor\Drawing\Inspector\PropertyDrawers\GraphDataPropertyDrawer.cs(16,6): error CS0246: The type or namespace name 'SGPropertyDrawerAttribute' could not be found (are you missing a using directive or an assembly reference?)

Library\PackageCache\com.unity.shadergraph@14250cfec0ec\Editor\Drawing\Inspector\PropertyDrawers\GraphDataPropertyDrawer.cs(16,6): error CS0246: The type or namespace name 'SGPropertyDrawer' could not be found (are you missing a using directive or an assembly reference?)

Library\PackageCache\com.unity.shadergraph@14250cfec0ec\Editor\Data\Nodes\Math\Vector\SphereMaskNode.cs(6,6): error CS0616: 'TitleAttribute' is not an attribute class

Library\PackageCache\com.unity.shadergraph@14250cfec0ec\Editor\Data\Nodes\Utility\SubGraphNode.cs(12,6): error CS0616: 'TitleAttribute' is not an attribute class

Library\PackageCache\com.unity.shadergraph@14250cfec0ec\Editor\Data\Nodes\UV\ParallaxMappingNode.cs(18,6): error CS0616: 'TitleAttribute' is not an attribute class

Library\PackageCache\com.unity.shadergraph@14250cfec0ec\Editor\Data\Nodes\Math\Round\RoundNode.cs(5,6): error CS0616: 'TitleAttribute' is not an attribute class

Library\PackageCache\com.unity.shadergraph@14250cfec0ec\Editor\Data\Nodes\Input\Basic\SliderNode.cs(10,6): error CS0616: 'TitleAttribute' is not an attribute class

Library\PackageCache\com.unity.shadergraph@14250cfec0ec\Editor\Data\Nodes\Input\Scene\CameraNode.cs(6,6): error CS0616: 'TitleAttribute' is not an attribute class

Library\PackageCache\com.unity.shadergraph@14250cfec0ec\Editor\Drawing\Inspector\PropertyDrawers\GraphDataPropertyDrawer.cs(270,91): error CS0246: The type or namespace name 'InspectableAttribute' could not be found (are you missing a using directive or an assembly reference?)

Library\PackageCache\com.unity.shadergraph@14250cfec0ec\Editor\Data\Nodes\Math\Round\SignNode.cs(5,6): error CS0616: 'TitleAttribute' is not an attribute class

Library\PackageCache\com.unity.shadergraph@14250cfec0ec\Editor\Data\Nodes\Input\Texture\Texture2DAssetNode.cs(9,6): error CS0616: 'TitleAttribute' is not an attribute class

Library\PackageCache\com.unity.shadergraph@14250cfec0ec\Editor\Data\Nodes\Math\Round\StepNode.cs(5,6): error CS0616: 'TitleAttribute' is not an attribute class

Library\PackageCache\com.unity.shadergraph@14250cfec0ec\Editor\Data\Nodes\UV\ParallaxOcclusionMappingNode.cs(10,6): error CS0616: 'TitleAttribute' is not an attribute class

Library\PackageCache\com.unity.shadergraph@14250cfec0ec\Editor\Data\Nodes\Input\Basic\TimeNode.cs(6,6): error CS0616: 'TitleAttribute' is not an attribute class

Library\PackageCache\com.unity.shadergraph@14250cfec0ec\Editor\Data\Nodes\Input\Scene\EyeIndexNode.cs(5,6): error CS0616: 'TitleAttribute' is not an attribute class

Library\PackageCache\com.unity.shadergraph@14250cfec0ec\Editor\Data\Nodes\Math\Vector\TransformNode.cs(35,6): error CS0616: 'TitleAttribute' is not an attribute class

Library\PackageCache\com.unity.shadergraph@14250cfec0ec\Editor\Data\Nodes\Math\Round\TruncateNode.cs(5,6): error CS0616: 'TitleAttribute' is not an attribute class

Library\PackageCache\com.unity.shadergraph@14250cfec0ec\Editor\Data\Nodes\Input\Basic\Vector1Node.cs(10,6): error CS0616: 'TitleAttribute' is not an attribute class

Library\PackageCache\com.unity.shadergraph@14250cfec0ec\Editor\Data\Nodes\Input\Scene\FogNode.cs(6,6): error CS0616: 'TitleAttribute' is not an attribute class

Library\PackageCache\com.unity.shadergraph@14250cfec0ec\Editor\Drawing\Inspector\PropertyDrawers\IntegerPropertyDrawer.cs(10,6): error CS0246: The type or namespace name 'SGPropertyDrawerAttribute' could not be found (are you missing a using directive or an assembly reference?)

Library\PackageCache\com.unity.shadergraph@14250cfec0ec\Editor\Drawing\Inspector\PropertyDrawers\IntegerPropertyDrawer.cs(10,6): error CS0246: The type or namespace name 'SGPropertyDrawer' could not be found (are you missing a using directive or an assembly reference?)

Library\PackageCache\com.unity.shadergraph@14250cfec0ec\Editor\Data\Nodes\Input\Texture\Texture3DAssetNode.cs(9,6): error CS0616: 'TitleAttribute' is not an attribute class

Library\PackageCache\com.unity.shadergraph@14250cfec0ec\Editor\Data\Nodes\Artistic\Filter\DitherNode.cs(6,6): error CS0616: 'TitleAttribute' is not an attribute class

Library\PackageCache\com.unity.shadergraph@14250cfec0ec\Editor\Data\Nodes\Math\Trigonometry\ArccosineNode.cs(5,6): error CS0616: 'TitleAttribute' is not an attribute class

Library\PackageCache\com.unity.shadergraph@14250cfec0ec\Editor\Data\Nodes\Input\Basic\Vector2Node.cs(10,6): error CS0616: 'TitleAttribute' is not an attribute class

Library\PackageCache\com.unity.shadergraph@14250cfec0ec\Editor\Drawing\Inspector\PropertyDrawers\IntegerPropertyDrawer.cs(40,91): error CS0246: The type or namespace name 'InspectableAttribute' could not be found (are you missing a using directive or an assembly reference?)

Library\PackageCache\com.unity.shadergraph@14250cfec0ec\Editor\Data\Nodes\Input\Scene\ObjectNode.cs(6,6): error CS0616: 'TitleAttribute' is not an attribute class

Library\PackageCache\com.unity.shadergraph@14250cfec0ec\Editor\Data\Nodes\Math\Wave\NoiseSineWaveNode.cs(6,6): error CS0616: 'TitleAttribute' is not an attribute class

Library\PackageCache\com.unity.shadergraph@14250cfec0ec\Editor\Data\Nodes\UV\PolarCoordinatesNode.cs(6,6): error CS0616: 'TitleAttribute' is not an attribute class

Library\PackageCache\com.unity.shadergraph@14250cfec0ec\Editor\Data\Nodes\Math\Trigonometry\ArcsineNode.cs(5,6): error CS0616: 'TitleAttribute' is not an attribute class

Library\PackageCache\com.unity.shadergraph@14250cfec0ec\Editor\Data\Nodes\Artistic\Filter\FadeTransitionNode.cs(9,6): error CS0616: 'TitleAttribute' is not an attribute class

Library\PackageCache\com.unity.shadergraph@14250cfec0ec\Editor\Drawing\Inspector\PropertyDrawers\MatrixPropertyDrawer.cs(9,6): error CS0246: The type or namespace name 'SGPropertyDrawerAttribute' could not be found (are you missing a using directive or an assembly reference?)

Library\PackageCache\com.unity.shadergraph@14250cfec0ec\Editor\Drawing\Inspector\PropertyDrawers\MatrixPropertyDrawer.cs(9,6): error CS0246: The type or namespace name 'SGPropertyDrawer' could not be found (are you missing a using directive or an assembly reference?)

Library\PackageCache\com.unity.shadergraph@14250cfec0ec\Editor\Data\Nodes\Input\Basic\Vector3Node.cs(9,6): error CS0616: 'TitleAttribute' is not an attribute class

Library\PackageCache\com.unity.shadergraph@14250cfec0ec\Editor\Data\Nodes\Input\Scene\SceneColorNode.cs(6,6): error CS0616: 'TitleAttribute' is not an attribute class

Library\PackageCache\com.unity.shadergraph@14250cfec0ec\Editor\Data\Nodes\Math\Trigonometry\Arctangent2Node.cs(5,6): error CS0616: 'TitleAttribute' is not an attribute class

Library\PackageCache\com.unity.shadergraph@14250cfec0ec\Editor\Data\Nodes\UV\RadialShearNode.cs(6,6): error CS0616: 'TitleAttribute' is not an attribute class

Library\PackageCache\com.unity.shadergraph@14250cfec0ec\Editor\Data\Nodes\Artistic\Mask\ChannelMaskNode.cs(16,6): error CS0616: 'TitleAttribute' is not an attribute class

Library\PackageCache\com.unity.shadergraph@14250cfec0ec\Editor\Drawing\Inspector\PropertyDrawers\MatrixPropertyDrawer.cs(362,91): error CS0246: The type or namespace name 'InspectableAttribute' could not be found (are you missing a using directive or an assembly reference?)

Library\PackageCache\com.unity.shadergraph@14250cfec0ec\Editor\Data\Nodes\Math\Wave\SawtoothWaveNode.cs(5,6): error CS0616: 'TitleAttribute' is not an attribute class

Library\PackageCache\com.unity.shadergraph@14250cfec0ec\Editor\Data\Nodes\Input\Basic\Vector4Node.cs(9,6): error CS0616: 'TitleAttribute' is not an attribute class

Library\PackageCache\com.unity.shadergraph@14250cfec0ec\Editor\Data\Nodes\Math\Trigonometry\ArctangentNode.cs(5,6): error CS0616: 'TitleAttribute' is not an attribute class

Library\PackageCache\com.unity.shadergraph@14250cfec0ec\Editor\Data\Nodes\Input\Scene\SceneDepthDifferenceNode.cs(13,6): error CS0616: 'TitleAttribute' is not an attribute class

Library\PackageCache\com.unity.shadergraph@14250cfec0ec\Editor\Data\Nodes\LegacyUnknownTypeNode.cs(16,6): error CS0246: The type or namespace name 'NeverAllowedByTargetAttribute' could not be found (are you missing a using directive or an assembly reference?)

Library\PackageCache\com.unity.shadergraph@14250cfec0ec\Editor\Data\Nodes\LegacyUnknownTypeNode.cs(16,6): error CS0246: The type or namespace name 'NeverAllowedByTarget' could not be found (are you missing a using directive or an assembly reference?)

Library\PackageCache\com.unity.shadergraph@14250cfec0ec\Editor\Data\Nodes\Math\Wave\SquareWaveNode.cs(5,6): error CS0616: 'TitleAttribute' is not an attribute class

Library\PackageCache\com.unity.shadergraph@14250cfec0ec\Editor\Data\Nodes\Math\Advanced\AbsoluteNode.cs(5,6): error CS0616: 'TitleAttribute' is not an attribute class

Library\PackageCache\com.unity.shadergraph@14250cfec0ec\Editor\Data\Nodes\Procedural\Noise\SimpleNoiseNode.cs(9,6): error CS0616: 'TitleAttribute' is not an attribute class

Library\PackageCache\com.unity.shadergraph@14250cfec0ec\Editor\Data\Nodes\UV\RotateNode.cs(14,6): error CS0616: 'TitleAttribute' is not an attribute class

Library\PackageCache\com.unity.shadergraph@14250cfec0ec\Editor\Drawing\Inspector\PropertyDrawers\PositionNodePropertyDrawer.cs(9,6): error CS0246: The type or namespace name 'SGPropertyDrawerAttribute' could not be found (are you missing a using directive or an assembly reference?)

Library\PackageCache\com.unity.shadergraph@14250cfec0ec\Editor\Drawing\Inspector\PropertyDrawers\PositionNodePropertyDrawer.cs(9,6): error CS0246: The type or namespace name 'SGPropertyDrawer' could not be found (are you missing a using directive or an assembly reference?)

Library\PackageCache\com.unity.shadergraph@14250cfec0ec\Editor\Data\Nodes\Artistic\Mask\ColorMaskNode.cs(6,6): error CS0616: 'TitleAttribute' is not an attribute class

Library\PackageCache\com.unity.shadergraph@14250cfec0ec\Editor\Data\Nodes\Input\CustomInterpolatorNode.cs(12,6): error CS0616: 'TitleAttribute' is not an attribute class

Library\PackageCache\com.unity.shadergraph@14250cfec0ec\Editor\Data\Nodes\Math\Wave\TriangleWaveNode.cs(5,6): error CS0616: 'TitleAttribute' is not an attribute class

Library\PackageCache\com.unity.shadergraph@14250cfec0ec\Editor\Data\Nodes\Artistic\Normal\NormalBlendNode.cs(15,6): error CS0616: 'TitleAttribute' is not an attribute class

Library\PackageCache\com.unity.shadergraph@14250cfec0ec\Editor\Data\Nodes\Math\Advanced\ExponentialNode.cs(14,6): error CS0616: 'TitleAttribute' is not an attribute class

Library\PackageCache\com.unity.shadergraph@14250cfec0ec\Editor\Drawing\Inspector\PropertyDrawers\SampleTexture2DArrayNodePropertyDrawer.cs(13,6): error CS0246: The type or namespace name 'SGPropertyDrawerAttribute' could not be found (are you missing a using directive or an assembly reference?)

Library\PackageCache\com.unity.shadergraph@14250cfec0ec\Editor\Drawing\Inspector\PropertyDrawers\SampleTexture2DArrayNodePropertyDrawer.cs(13,6): error CS0246: The type or namespace name 'SGPropertyDrawer' could not be found (are you missing a using directive or an assembly reference?)

Library\PackageCache\com.unity.shadergraph@14250cfec0ec\Editor\Data\Nodes\MeshDeformation\ComputeDeformNode.cs(7,6): error CS0616: 'TitleAttribute' is not an attribute class

Library\PackageCache\com.unity.shadergraph@14250cfec0ec\Editor\Drawing\Inspector\PropertyDrawers\FloatPropertyDrawer.cs(39,91): error CS0246: The type or namespace name 'InspectableAttribute' could not be found (are you missing a using directive or an assembly reference?)

Library\PackageCache\com.unity.shadergraph@14250cfec0ec\Editor\Data\Nodes\Input\Geometry\NormalVectorNode.cs(8,6): error CS0616: 'TitleAttribute' is not an attribute class

Library\PackageCache\com.unity.shadergraph@14250cfec0ec\Editor\Data\Nodes\Input\Geometry\BitangentVectorNode.cs(7,6): error CS0616: 'TitleAttribute' is not an attribute class

Library\PackageCache\com.unity.shadergraph@14250cfec0ec\Editor\Data\Nodes\Procedural\Noise\VoronoiNode.cs(10,6): error CS0616: 'TitleAttribute' is not an attribute class

Library\PackageCache\com.unity.shadergraph@14250cfec0ec\Editor\Drawing\Inspector\PropertyDrawers\SampleTexture2DNodePropertyDrawer.cs(13,6): error CS0246: The type or namespace name 'SGPropertyDrawerAttribute' could not be found (are you missing a using directive or an assembly reference?)

Library\PackageCache\com.unity.shadergraph@14250cfec0ec\Editor\Drawing\Inspector\PropertyDrawers\SampleTexture2DNodePropertyDrawer.cs(13,6): error CS0246: The type or namespace name 'SGPropertyDrawer' could not be found (are you missing a using directive or an assembly reference?)

Library\PackageCache\com.unity.shadergraph@14250cfec0ec\Editor\Data\Nodes\UV\SpherizeNode.cs(6,6): error CS0616: 'TitleAttribute' is not an attribute class

Library\PackageCache\com.unity.shadergraph@14250cfec0ec\Editor\Data\Nodes\Math\Advanced\LengthNode.cs(5,6): error CS0616: 'TitleAttribute' is not an attribute class

Library\PackageCache\com.unity.shadergraph@14250cfec0ec\Editor\Data\Nodes\Input\Geometry\PositionNode.cs(13,6): error CS0616: 'TitleAttribute' is not an attribute class

Library\PackageCache\com.unity.shadergraph@14250cfec0ec\Editor\Data\Nodes\Input\Geometry\InstanceIDNode.cs(5,6): error CS0616: 'TitleAttribute' is not an attribute class

Library\PackageCache\com.unity.shadergraph@14250cfec0ec\Editor\Drawing\Inspector\PropertyDrawers\GradientPropertyDrawer.cs(10,6): error CS0246: The type or namespace name 'SGPropertyDrawerAttribute' could not be found (are you missing a using directive or an assembly reference?)

Library\PackageCache\com.unity.shadergraph@14250cfec0ec\Editor\Drawing\Inspector\PropertyDrawers\GradientPropertyDrawer.cs(10,6): error CS0246: The type or namespace name 'SGPropertyDrawer' could not be found (are you missing a using directive or an assembly reference?)

Library\PackageCache\com.unity.shadergraph@14250cfec0ec\Editor\Data\Nodes\Input\Scene\SceneDepthNode.cs(15,6): error CS0616: 'TitleAttribute' is not an attribute class

Library\PackageCache\com.unity.shadergraph@14250cfec0ec\Editor\Data\Nodes\Artistic\Normal\NormalFromHeightNode.cs(16,6): error CS0616: 'TitleAttribute' is not an attribute class

Library\PackageCache\com.unity.shadergraph@14250cfec0ec\Editor\Data\Nodes\MeshDeformation\LinearBlendSkinningNode.cs(7,6): error CS0616: 'TitleAttribute' is not an attribute class

Library\PackageCache\com.unity.shadergraph@14250cfec0ec\Editor\Data\Nodes\Math\Advanced\LogNode.cs(15,6): error CS0616: 'TitleAttribute' is not an attribute class

Library\PackageCache\com.unity.shadergraph@14250cfec0ec\Editor\Drawing\Inspector\PropertyDrawers\SampleTexture3DNodePropertyDrawer.cs(13,6): error CS0246: The type or namespace name 'SGPropertyDrawerAttribute' could not be found (are you missing a using directive or an assembly reference?)

Library\PackageCache\com.unity.shadergraph@14250cfec0ec\Editor\Drawing\Inspector\PropertyDrawers\SampleTexture3DNodePropertyDrawer.cs(13,6): error CS0246: The type or namespace name 'SGPropertyDrawer' could not be found (are you missing a using directive or an assembly reference?)

Library\PackageCache\com.unity.shadergraph@14250cfec0ec\Editor\Data\Nodes\Math\Advanced\ReciprocalNode.cs(14,6): error CS0616: 'TitleAttribute' is not an attribute class

Library\PackageCache\com.unity.shadergraph@14250cfec0ec\Editor\Drawing\Inspector\PropertyDrawers\GradientPropertyDrawer.cs(40,91): error CS0246: The type or namespace name 'InspectableAttribute' could not be found (are you missing a using directive or an assembly reference?)

Library\PackageCache\com.unity.shadergraph@14250cfec0ec\Editor\Data\Nodes\UV\TilingAndOffsetNode.cs(6,6): error CS0616: 'TitleAttribute' is not an attribute class

Library\PackageCache\com.unity.shadergraph@14250cfec0ec\Editor\Data\Nodes\Input\Geometry\ScreenPositionNode.cs(7,6): error CS0616: 'TitleAttribute' is not an attribute class

Library\PackageCache\com.unity.shadergraph@14250cfec0ec\Editor\Data\Nodes\Procedural\Shape\EllipseNode.cs(6,6): error CS0616: 'TitleAttribute' is not an attribute class

Library\PackageCache\com.unity.shadergraph@14250cfec0ec\Editor\Data\Nodes\Utility\Logic\AnyNode.cs(6,6): error CS0616: 'TitleAttribute' is not an attribute class

Library\PackageCache\com.unity.shadergraph@14250cfec0ec\Editor\Drawing\Inspector\PropertyDrawers\SampleVirtualTextureNodePropertyDrawer.cs(17,6): error CS0246: The type or namespace name 'SGPropertyDrawerAttribute' could not be found (are you missing a using directive or an assembly reference?)

Library\PackageCache\com.unity.shadergraph@14250cfec0ec\Editor\Drawing\Inspector\PropertyDrawers\SampleVirtualTextureNodePropertyDrawer.cs(17,6): error CS0246: The type or namespace name 'SGPropertyDrawer' could not be found (are you missing a using directive or an assembly reference?)

Library\PackageCache\com.unity.shadergraph@14250cfec0ec\Editor\Data\Nodes\UV\TriplanarNode.cs(9,6): error CS0616: 'TitleAttribute' is not an attribute class

Library\PackageCache\com.unity.shadergraph@14250cfec0ec\Editor\Data\Nodes\Math\Advanced\ReciprocalSquareRootNode.cs(5,6): error CS0616: 'TitleAttribute' is not an attribute class

Library\PackageCache\com.unity.shadergraph@14250cfec0ec\Editor\Data\Nodes\Input\Scene\ScreenNode.cs(6,6): error CS0616: 'TitleAttribute' is not an attribute class

Library\PackageCache\com.unity.shadergraph@14250cfec0ec\Editor\Data\Nodes\Math\Advanced\ModuloNode.cs(5,6): error CS0616: 'TitleAttribute' is not an attribute class

Library\PackageCache\com.unity.shadergraph@14250cfec0ec\Editor\Drawing\Inspector\PropertyDrawers\SampleVirtualTextureNodePropertyDrawer.cs(20,64): error CS0246: The type or namespace name 'InspectableAttribute' could not be found (are you missing a using directive or an assembly reference?)

Library\PackageCache\com.unity.shadergraph@14250cfec0ec\Editor\Data\Nodes\NodeClassCache.cs(55,46): error CS0246: The type or namespace name 'ContextFilterableAttribute' could not be found (are you missing a using directive or an assembly reference?)

Library\PackageCache\com.unity.shadergraph@14250cfec0ec\Editor\Data\Nodes\Utility\Logic\BranchNode.cs(6,6): error CS0616: 'TitleAttribute' is not an attribute class

Library\PackageCache\com.unity.shadergraph@14250cfec0ec\Editor\Data\Nodes\Math\Basic\AddNode.cs(5,6): error CS0616: 'TitleAttribute' is not an attribute class

Library\PackageCache\com.unity.shadergraph@14250cfec0ec\Editor\Data\Nodes\Input\Texture\CalculateLevelOfDetailTexture2DNode.cs(9,6): error CS0616: 'TitleAttribute' is not an attribute class

Library\PackageCache\com.unity.shadergraph@14250cfec0ec\Editor\Data\Nodes\NodeClassCache.cs(112,35): error CS0246: The type or namespace name 'ContextFilterableAttribute' could not be found (are you missing a using directive or an assembly reference?)

Library\PackageCache\com.unity.shadergraph@14250cfec0ec\Editor\Drawing\Inspector\PropertyDrawers\SampleVirtualTextureNodePropertyDrawer.cs(137,13): error CS0246: The type or namespace name 'InspectableAttribute' could not be found (are you missing a using directive or an assembly reference?)

Library\PackageCache\com.unity.shadergraph@14250cfec0ec\Editor\Data\Nodes\NodeClassCache.cs(54,46): error CS0246: The type or namespace name 'ContextFilterableAttribute' could not be found (are you missing a using directive or an assembly reference?)

Library\PackageCache\com.unity.shadergraph@14250cfec0ec\Editor\Data\Nodes\Math\Advanced\NegateNode.cs(5,6): error CS0616: 'TitleAttribute' is not an attribute class

Library\PackageCache\com.unity.shadergraph@14250cfec0ec\Editor\Data\Nodes\Utility\Logic\BranchOnInputConnection.cs(9,6): error CS0616: 'TitleAttribute' is not an attribute class

Library\PackageCache\com.unity.shadergraph@14250cfec0ec\Editor\Drawing\Inspector\PropertyDrawers\ShaderInputPropertyDrawer.cs(152,13): error CS0246: The type or namespace name 'InspectableAttribute' could not be found (are you missing a using directive or an assembly reference?)

Library\PackageCache\com.unity.shadergraph@14250cfec0ec\Editor\Data\Nodes\NodeClassCache.cs(129,76): error CS0246: The type or namespace name 'ContextFilterableAttribute' could not be found (are you missing a using directive or an assembly reference?)

Library\PackageCache\com.unity.shadergraph@14250cfec0ec\Editor\Data\Nodes\Math\Advanced\NormalizeNode.cs(5,6): error CS0616: 'TitleAttribute' is not an attribute class

Library\PackageCache\com.unity.shadergraph@14250cfec0ec\Editor\Drawing\Inspector\PropertyDrawers\SamplerStateNodePropertyDrawer.cs(9,6): error CS0246: The type or namespace name 'SGPropertyDrawerAttribute' could not be found (are you missing a using directive or an assembly reference?)

Library\PackageCache\com.unity.shadergraph@14250cfec0ec\Editor\Drawing\Inspector\PropertyDrawers\SamplerStateNodePropertyDrawer.cs(9,6): error CS0246: The type or namespace name 'SGPropertyDrawer' could not be found (are you missing a using directive or an assembly reference?)

Library\PackageCache\com.unity.shadergraph@14250cfec0ec\Editor\Data\Nodes\UV\TwirlNode.cs(6,6): error CS0616: 'TitleAttribute' is not an attribute class

Library\PackageCache\com.unity.shadergraph@14250cfec0ec\Editor\Data\Nodes\Procedural\CheckerboardNode.cs(6,6): error CS0616: 'TitleAttribute' is not an attribute class

Library\PackageCache\com.unity.shadergraph@14250cfec0ec\Editor\Data\Nodes\Math\Advanced\PosterizeNode.cs(5,6): error CS0616: 'TitleAttribute' is not an attribute class

Library\PackageCache\com.unity.shadergraph@14250cfec0ec\Editor\Drawing\Inspector\PropertyDrawers\Texture2DPropertyDrawer.cs(10,6): error CS0246: The type or namespace name 'SGPropertyDrawerAttribute' could not be found (are you missing a using directive or an assembly reference?)

Library\PackageCache\com.unity.shadergraph@14250cfec0ec\Editor\Drawing\Inspector\PropertyDrawers\Texture2DPropertyDrawer.cs(10,6): error CS0246: The type or namespace name 'SGPropertyDrawer' could not be found (are you missing a using directive or an assembly reference?)

Library\PackageCache\com.unity.shadergraph@14250cfec0ec\Editor\Drawing\Inspector\PropertyDrawers\TextPropertyDrawer.cs(10,6): error CS0246: The type or namespace name 'SGPropertyDrawerAttribute' could not be found (are you missing a using directive or an assembly reference?)

Library\PackageCache\com.unity.shadergraph@14250cfec0ec\Editor\Drawing\Inspector\PropertyDrawers\TextPropertyDrawer.cs(10,6): error CS0246: The type or namespace name 'SGPropertyDrawer' could not be found (are you missing a using directive or an assembly reference?)

Library\PackageCache\com.unity.shadergraph@14250cfec0ec\Editor\Drawing\Inspector\PropertyDrawers\Texture2DPropertyDrawer.cs(39,91): error CS0246: The type or namespace name 'InspectableAttribute' could not be found (are you missing a using directive or an assembly reference?)

Library\PackageCache\com.unity.shadergraph@14250cfec0ec\Editor\Drawing\Inspector\PropertyDrawers\TextPropertyDrawer.cs(46,91): error CS0246: The type or namespace name 'InspectableAttribute' could not be found (are you missing a using directive or an assembly reference?)

Library\PackageCache\com.unity.shadergraph@14250cfec0ec\Editor\Data\Nodes\Utility\CustomFunctionNode.cs(15,6): error CS0616: 'TitleAttribute' is not an attribute class

Library\PackageCache\com.unity.shadergraph@14250cfec0ec\Editor\Data\Nodes\Procedural\Noise\GradientNoiseNode.cs(9,6): error CS0616: 'TitleAttribute' is not an attribute class

Library\PackageCache\com.unity.shadergraph@14250cfec0ec\Editor\Drawing\Inspector\PropertyDrawers\Texture3DPropertyDrawer.cs(10,6): error CS0246: The type or namespace name 'SGPropertyDrawerAttribute' could not be found (are you missing a using directive or an assembly reference?)

Library\PackageCache\com.unity.shadergraph@14250cfec0ec\Editor\Drawing\Inspector\PropertyDrawers\Texture3DPropertyDrawer.cs(10,6): error CS0246: The type or namespace name 'SGPropertyDrawer' could not be found (are you missing a using directive or an assembly reference?)

Library\PackageCache\com.unity.shadergraph@14250cfec0ec\Editor\Drawing\Inspector\PropertyDrawers\ToggleDataPropertyDrawer.cs(11,6): error CS0246: The type or namespace name 'SGPropertyDrawerAttribute' could not be found (are you missing a using directive or an assembly reference?)

Library\PackageCache\com.unity.shadergraph@14250cfec0ec\Editor\Drawing\Inspector\PropertyDrawers\ToggleDataPropertyDrawer.cs(11,6): error CS0246: The type or namespace name 'SGPropertyDrawer' could not be found (are you missing a using directive or an assembly reference?)

Library\PackageCache\com.unity.shadergraph@14250cfec0ec\Editor\Drawing\Inspector\PropertyDrawers\Texture3DPropertyDrawer.cs(39,91): error CS0246: The type or namespace name 'InspectableAttribute' could not be found (are you missing a using directive or an assembly reference?)

Library\PackageCache\com.unity.shadergraph@14250cfec0ec\Editor\Drawing\Inspector\PropertyDrawers\Texture2DArrayPropertyDrawer.cs(10,6): error CS0246: The type or namespace name 'SGPropertyDrawerAttribute' could not be found (are you missing a using directive or an assembly reference?)

Library\PackageCache\com.unity.shadergraph@14250cfec0ec\Editor\Drawing\Inspector\PropertyDrawers\Texture2DArrayPropertyDrawer.cs(10,6): error CS0246: The type or namespace name 'SGPropertyDrawer' could not be found (are you missing a using directive or an assembly reference?)

Library\PackageCache\com.unity.shadergraph@14250cfec0ec\Editor\Drawing\Inspector\PropertyDrawers\TriplanarNodePropertyDrawer.cs(10,6): error CS0246: The type or namespace name 'SGPropertyDrawerAttribute' could not be found (are you missing a using directive or an assembly reference?)

Library\PackageCache\com.unity.shadergraph@14250cfec0ec\Editor\Drawing\Inspector\PropertyDrawers\TriplanarNodePropertyDrawer.cs(10,6): error CS0246: The type or namespace name 'SGPropertyDrawer' could not be found (are you missing a using directive or an assembly reference?)

Library\PackageCache\com.unity.shadergraph@14250cfec0ec\Editor\Drawing\Inspector\PropertyDrawers\Vector2PropertyDrawer.cs(11,6): error CS0246: The type or namespace name 'SGPropertyDrawerAttribute' could not be found (are you missing a using directive or an assembly reference?)

Library\PackageCache\com.unity.shadergraph@14250cfec0ec\Editor\Drawing\Inspector\PropertyDrawers\Vector2PropertyDrawer.cs(11,6): error CS0246: The type or namespace name 'SGPropertyDrawer' could not be found (are you missing a using directive or an assembly reference?)

Library\PackageCache\com.unity.shadergraph@14250cfec0ec\Editor\Drawing\Inspector\PropertyDrawers\Vector3PropertyDrawer.cs(12,6): error CS0246: The type or namespace name 'SGPropertyDrawerAttribute' could not be found (are you missing a using directive or an assembly reference?)

Library\PackageCache\com.unity.shadergraph@14250cfec0ec\Editor\Drawing\Inspector\PropertyDrawers\Vector3PropertyDrawer.cs(12,6): error CS0246: The type or namespace name 'SGPropertyDrawer' could not be found (are you missing a using directive or an assembly reference?)

Library\PackageCache\com.unity.shadergraph@14250cfec0ec\Editor\Drawing\Inspector\PropertyDrawers\ToggleDataPropertyDrawer.cs(48,13): error CS0246: The type or namespace name 'InspectableAttribute' could not be found (are you missing a using directive or an assembly reference?)

Library\PackageCache\com.unity.shadergraph@14250cfec0ec\Editor\Drawing\Inspector\PropertyDrawers\Vector4PropertyDrawer.cs(11,6): error CS0246: The type or namespace name 'SGPropertyDrawerAttribute' could not be found (are you missing a using directive or an assembly reference?)

Library\PackageCache\com.unity.shadergraph@14250cfec0ec\Editor\Drawing\Inspector\PropertyDrawers\Vector4PropertyDrawer.cs(11,6): error CS0246: The type or namespace name 'SGPropertyDrawer' could not be found (are you missing a using directive or an assembly reference?)

Library\PackageCache\com.unity.shadergraph@14250cfec0ec\Editor\Drawing\Inspector\PropertyDrawers\Texture2DArrayPropertyDrawer.cs(39,91): error CS0246: The type or namespace name 'InspectableAttribute' could not be found (are you missing a using directive or an assembly reference?)

Library\PackageCache\com.unity.shadergraph@14250cfec0ec\Editor\Drawing\Inspector\PropertyDrawers\Vector2PropertyDrawer.cs(94,91): error CS0246: The type or namespace name 'InspectableAttribute' could not be found (are you missing a using directive or an assembly reference?)

Library\PackageCache\com.unity.shadergraph@14250cfec0ec\Editor\Drawing\Inspector\PropertyDrawers\Vector3PropertyDrawer.cs(95,91): error CS0246: The type or namespace name 'InspectableAttribute' could not be found (are you missing a using directive or an assembly reference?)

Library\PackageCache\com.unity.shadergraph@14250cfec0ec\Editor\Drawing\Inspector\PropertyDrawers\Vector4PropertyDrawer.cs(94,91): error CS0246: The type or namespace name 'InspectableAttribute' could not be found (are you missing a using directive or an assembly reference?)

Library\PackageCache\com.unity.shadergraph@14250cfec0ec\Editor\Drawing\Inspector\PropertyDrawers\TransformNodePropertyDrawer.cs(10,6): error CS0246: The type or namespace name 'SGPropertyDrawerAttribute' could not be found (are you missing a using directive or an assembly reference?)

Library\PackageCache\com.unity.shadergraph@14250cfec0ec\Editor\Drawing\Inspector\PropertyDrawers\TransformNodePropertyDrawer.cs(10,6): error CS0246: The type or namespace name 'SGPropertyDrawer' could not be found (are you missing a using directive or an assembly reference?)

Library\PackageCache\com.unity.shadergraph@14250cfec0ec\Editor\Data\Nodes\Utility\DropdownNode.cs(12,6): error CS0616: 'TitleAttribute' is not an attribute class

Library\PackageCache\com.unity.shadergraph@14250cfec0ec\Editor\Drawing\Inspector\PropertyDrawers\SubGraphOutputNodePropertyDrawer.cs(12,6): error CS0246: The type or namespace name 'SGPropertyDrawerAttribute' could not be found (are you missing a using directive or an assembly reference?)

Library\PackageCache\com.unity.shadergraph@14250cfec0ec\Editor\Drawing\Inspector\PropertyDrawers\SubGraphOutputNodePropertyDrawer.cs(12,6): error CS0246: The type or namespace name 'SGPropertyDrawer' could not be found (are you missing a using directive or an assembly reference?)

Library\PackageCache\com.unity.shadergraph@14250cfec0ec\Editor\Data\Nodes\Utility\KeywordNode.cs(13,6): error CS0616: 'TitleAttribute' is not an attribute class

Library\PackageCache\com.unity.shadergraph@14250cfec0ec\Editor\Drawing\Inspector\PropertyDrawers\SubGraphOutputNodePropertyDrawer.cs(24,58): error CS0246: The type or namespace name 'InspectableAttribute' could not be found (are you missing a using directive or an assembly reference?)

Library\PackageCache\com.unity.shadergraph@14250cfec0ec\Editor\Drawing\Inspector\PropertyDrawers\SubGraphOutputNodePropertyDrawer.cs(44,13): error CS0246: The type or namespace name 'InspectableAttribute' could not be found (are you missing a using directive or an assembly reference?)

Library\PackageCache\com.unity.shadergraph@14250cfec0ec\Editor\Data\Nodes\Utility\Logic\AllNode.cs(6,6): error CS0616: 'TitleAttribute' is not an attribute class

Library\PackageCache\com.unity.shadergraph@14250cfec0ec\Editor\Serialization\MultiJsonInternal.cs(370,10): error CS0246: The type or namespace name 'NeverAllowedByTargetAttribute' could not be found (are you missing a using directive or an assembly reference?)

Library\PackageCache\com.unity.shadergraph@14250cfec0ec\Editor\Serialization\MultiJsonInternal.cs(370,10): error CS0246: The type or namespace name 'NeverAllowedByTarget' could not be found (are you missing a using directive or an assembly reference?)

Library\PackageCache\com.unity.shadergraph@14250cfec0ec\Editor\Data\Nodes\Utility\Logic\AndNode.cs(6,6): error CS0616: 'TitleAttribute' is not an attribute class
*** Tundra build failed (0.65 seconds), 2 items updated, 1047 evaluated
## Script Compilation Error for: Csc Library/Bee/artifacts/1900b0aE.dag/Unity.ShaderGraph.Editor.dll (+2 others)
## CmdLine: "C:\Program Files\Unity 6000.0.80f1\Editor\Data\NetCoreRuntime\dotnet.exe" exec "C:/Program Files/Unity 6000.0.80f1/Editor/Data/DotNetSdkRoslyn/csc.dll" /nostdlib /noconfig /shared "@Library/Bee/artifacts/1900b0aE.dag/Unity.ShaderGraph.Editor.rsp" "@Library/Bee/artifacts/1900b0aE.dag/Unity.ShaderGraph.Editor.rsp2"
## Output:
Library\PackageCache\com.unity.shadergraph@14250cfec0ec\Editor\Drawing\Inspector\PropertyDrawers\ShaderInputPropertyDrawer.cs(21,6): error CS0246: The type or namespace name 'SGPropertyDrawerAttribute' could not be found (are you missing a using directive or an assembly reference?)
Library\PackageCache\com.unity.shadergraph@14250cfec0ec\Editor\Drawing\Inspector\PropertyDrawers\ShaderInputPropertyDrawer.cs(21,6): error CS0246: The type or namespace name 'SGPropertyDrawer' could not be found (are you missing a using directive or an assembly reference?)
Library\PackageCache\com.unity.shadergraph@14250cfec0ec\Editor\Data\Nodes\TitleAttribute.cs(7,28): error CS0246: The type or namespace name 'ContextFilterableAttribute' could not be found (are you missing a using directive or an assembly reference?)
Library\PackageCache\com.unity.shadergraph@14250cfec0ec\Editor\Data\Interfaces\IPropertyDrawer.cs(13,84): error CS0246: The type or namespace name 'InspectableAttribute' could not be found (are you missing a using directive or an assembly reference?)
Library\PackageCache\com.unity.shadergraph@14250cfec0ec\Editor\Data\Nodes\TitleAttribute.cs(6,6): error CS0641: Attribute 'AttributeUsage' is only valid on classes derived from System.Attribute
Library\PackageCache\com.unity.shadergraph@14250cfec0ec\Editor\Generation\Targets\CustomRenderTexture\CustomTextureSelf.cs(8,6): error CS0616: 'TitleAttribute' is not an attribute class
Library\PackageCache\com.unity.shadergraph@14250cfec0ec\Editor\Generation\Targets\CustomRenderTexture\CustomTextureSelf.cs(9,6): error CS0246: The type or namespace name 'SubTargetFilterAttribute' could not be found (are you missing a using directive or an assembly reference?)
Library\PackageCache\com.unity.shadergraph@14250cfec0ec\Editor\Generation\Targets\CustomRenderTexture\CustomTextureSelf.cs(9,6): error CS0246: The type or namespace name 'SubTargetFilter' could not be found (are you missing a using directive or an assembly reference?)
Library\PackageCache\com.unity.shadergraph@14250cfec0ec\Editor\Generation\Targets\CustomRenderTexture\CustomTextureSize.cs(8,6): error CS0616: 'TitleAttribute' is not an attribute class
Library\PackageCache\com.unity.shadergraph@14250cfec0ec\Editor\Generation\Targets\CustomRenderTexture\CustomTextureSize.cs(9,6): error CS0246: The type or namespace name 'SubTargetFilterAttribute' could not be found (are you missing a using directive or an assembly reference?)
Library\PackageCache\com.unity.shadergraph@14250cfec0ec\Editor\Generation\Targets\CustomRenderTexture\CustomTextureSize.cs(9,6): error CS0246: The type or namespace name 'SubTargetFilter' could not be found (are you missing a using directive or an assembly reference?)
Library\PackageCache\com.unity.shadergraph@14250cfec0ec\Editor\Generation\Targets\CustomRenderTexture\CustomTextureSlice.cs(8,6): error CS0616: 'TitleAttribute' is not an attribute class
Library\PackageCache\com.unity.shadergraph@14250cfec0ec\Editor\Generation\Targets\CustomRenderTexture\CustomTextureSlice.cs(9,6): error CS0246: The type or namespace name 'SubTargetFilterAttribute' could not be found (are you missing a using directive or an assembly reference?)
Library\PackageCache\com.unity.shadergraph@14250cfec0ec\Editor\Generation\Targets\CustomRenderTexture\CustomTextureSlice.cs(9,6): error CS0246: The type or namespace name 'SubTargetFilter' could not be found (are you missing a using directive or an assembly reference?)
Library\PackageCache\com.unity.shadergraph@14250cfec0ec\Editor\Drawing\Blackboard\SGBlackboardField.cs(222,10): error CS0246: The type or namespace name 'InspectableAttribute' could not be found (are you missing a using directive or an assembly reference?)
Library\PackageCache\com.unity.shadergraph@14250cfec0ec\Editor\Drawing\Blackboard\SGBlackboardField.cs(222,10): error CS0246: The type or namespace name 'Inspectable' could not be found (are you missing a using directive or an assembly reference?)
Library\PackageCache\com.unity.shadergraph@14250cfec0ec\Editor\Data\Nodes\Artistic\Normal\NormalFromTextureNode.cs(9,6): error CS0616: 'TitleAttribute' is not an attribute class
Library\PackageCache\com.unity.shadergraph@14250cfec0ec\Editor\Data\Nodes\Input\Geometry\TangentVectorNode.cs(7,6): error CS0616: 'TitleAttribute' is not an attribute class
Library\PackageCache\com.unity.shadergraph@14250cfec0ec\Editor\Data\Nodes\Input\Texture\CubemapAssetNode.cs(9,6): error CS0616: 'TitleAttribute' is not an attribute class
Library\PackageCache\com.unity.shadergraph@14250cfec0ec\Editor\Data\Nodes\Input\Geometry\UVNode.cs(8,6): error CS0616: 'TitleAttribute' is not an attribute class
Library\PackageCache\com.unity.shadergraph@14250cfec0ec\Editor\Data\Nodes\Artistic\Normal\NormalReconstructZNode.cs(6,6): error CS0616: 'TitleAttribute' is not an attribute class
Library\PackageCache\com.unity.shadergraph@14250cfec0ec\Editor\Data\Nodes\Input\Geometry\VertexColorNode.cs(6,6): error CS0616: 'TitleAttribute' is not an attribute class
Library\PackageCache\com.unity.shadergraph@14250cfec0ec\Editor\Data\Nodes\Input\Texture\GatherTexture2DNode.cs(8,6): error CS0616: 'TitleAttribute' is not an attribute class
Library\PackageCache\com.unity.shadergraph@14250cfec0ec\Editor\Data\Nodes\Input\Geometry\VertexIDNode.cs(5,6): error CS0616: 'TitleAttribute' is not an attribute class
Library\PackageCache\com.unity.shadergraph@14250cfec0ec\Editor\Data\Nodes\Input\Geometry\ViewDirectionNode.cs(9,6): error CS0616: 'TitleAttribute' is not an attribute class
Library\PackageCache\com.unity.shadergraph@14250cfec0ec\Editor\Data\Nodes\Artistic\Normal\NormalStrengthNode.cs(6,6): error CS0616: 'TitleAttribute' is not an attribute class
Library\PackageCache\com.unity.shadergraph@14250cfec0ec\Editor\Data\Nodes\Input\Texture\SampleCubemapNode.cs(9,6): error CS0616: 'TitleAttribute' is not an attribute class
Library\PackageCache\com.unity.shadergraph@14250cfec0ec\Editor\Data\Nodes\Input\Geometry\ViewVectorNode.cs(14,6): error CS0616: 'TitleAttribute' is not an attribute class
Library\PackageCache\com.unity.shadergraph@14250cfec0ec\Editor\Data\Nodes\Artistic\Normal\NormalUnpackNode.cs(8,6): error CS0616: 'TitleAttribute' is not an attribute class
Library\PackageCache\com.unity.shadergraph@14250cfec0ec\Editor\Data\Nodes\Artistic\Adjustment\ChannelMixerNode.cs(10,6): error CS0616: 'TitleAttribute' is not an attribute class
Library\PackageCache\com.unity.shadergraph@14250cfec0ec\Editor\Data\Nodes\Artistic\Utility\ColorspaceConversion.cs(41,6): error CS0616: 'TitleAttribute' is not an attribute class
Library\PackageCache\com.unity.shadergraph@14250cfec0ec\Editor\Data\Nodes\Math\Basic\DivideNode.cs(5,6): error CS0616: 'TitleAttribute' is not an attribute class
Library\PackageCache\com.unity.shadergraph@14250cfec0ec\Editor\Data\Nodes\Input\Gradient\BlackbodyNode.cs(6,6): error CS0616: 'TitleAttribute' is not an attribute class
Library\PackageCache\com.unity.shadergraph@14250cfec0ec\Editor\Data\Nodes\Math\Basic\MultiplyNode.cs(12,6): error CS0616: 'TitleAttribute' is not an attribute class
Library\PackageCache\com.unity.shadergraph@14250cfec0ec\Editor\Data\Nodes\Input\Gradient\GradientNode.cs(11,6): error CS0616: 'TitleAttribute' is not an attribute class
Library\PackageCache\com.unity.shadergraph@14250cfec0ec\Editor\Data\Nodes\Artistic\Adjustment\ContrastNode.cs(6,6): error CS0616: 'TitleAttribute' is not an attribute class
Library\PackageCache\com.unity.shadergraph@14250cfec0ec\Editor\Data\Nodes\Math\Basic\PowerNode.cs(5,6): error CS0616: 'TitleAttribute' is not an attribute class
Library\PackageCache\com.unity.shadergraph@14250cfec0ec\Editor\Data\Nodes\Artistic\Adjustment\HueNode.cs(14,6): error CS0616: 'TitleAttribute' is not an attribute class
Library\PackageCache\com.unity.shadergraph@14250cfec0ec\Editor\Data\Nodes\Math\Basic\SquareRootNode.cs(5,6): error CS0616: 'TitleAttribute' is not an attribute class
Library\PackageCache\com.unity.shadergraph@14250cfec0ec\Editor\Data\Nodes\Input\Gradient\SampleGradientNode.cs(6,6): error CS0616: 'TitleAttribute' is not an attribute class
Library\PackageCache\com.unity.shadergraph@14250cfec0ec\Editor\Data\Nodes\Math\Basic\SubtractNode.cs(5,6): error CS0616: 'TitleAttribute' is not an attribute class
Library\PackageCache\com.unity.shadergraph@14250cfec0ec\Editor\Data\Nodes\Artistic\Adjustment\InvertColorsNode.cs(10,6): error CS0616: 'TitleAttribute' is not an attribute class
Library\PackageCache\com.unity.shadergraph@14250cfec0ec\Editor\Data\Nodes\Math\Derivative\DDXNode.cs(6,6): error CS0616: 'TitleAttribute' is not an attribute class
Library\PackageCache\com.unity.shadergraph@14250cfec0ec\Editor\Data\Nodes\Input\Lighting\AmbientNode.cs(7,6): error CS0616: 'TitleAttribute' is not an attribute class
Library\PackageCache\com.unity.shadergraph@14250cfec0ec\Editor\Data\Nodes\Math\Derivative\DDXYNode.cs(6,6): error CS0616: 'TitleAttribute' is not an attribute class
Library\PackageCache\com.unity.shadergraph@14250cfec0ec\Editor\Data\Nodes\Input\Lighting\BakedGINode.cs(10,6): error CS0616: 'TitleAttribute' is not an attribute class
Library\PackageCache\com.unity.shadergraph@14250cfec0ec\Editor\Data\Nodes\Input\Texture\SampleRawCubemapNode.cs(8,6): error CS0616: 'TitleAttribute' is not an attribute class
Library\PackageCache\com.unity.shadergraph@14250cfec0ec\Editor\Data\Nodes\Math\Derivative\DDYNode.cs(6,6): error CS0616: 'TitleAttribute' is not an attribute class
Library\PackageCache\com.unity.shadergraph@14250cfec0ec\Editor\Data\Nodes\Math\Interpolation\InverseLerpNode.cs(5,6): error CS0616: 'TitleAttribute' is not an attribute class
Library\PackageCache\com.unity.shadergraph@14250cfec0ec\Editor\Data\Nodes\Channel\CombineNode.cs(7,6): error CS0616: 'TitleAttribute' is not an attribute class
Library\PackageCache\com.unity.shadergraph@14250cfec0ec\Editor\Data\Nodes\Input\Texture\SampleTexture2DArrayNode.cs(9,6): error CS0616: 'TitleAttribute' is not an attribute class
Library\PackageCache\com.unity.shadergraph@14250cfec0ec\Editor\Data\Nodes\Artistic\Adjustment\ReplaceColorNode.cs(6,6): error CS0616: 'TitleAttribute' is not an attribute class
Library\PackageCache\com.unity.shadergraph@14250cfec0ec\Editor\Data\Nodes\Math\Trigonometry\CosineNode.cs(5,6): error CS0616: 'TitleAttribute' is not an attribute class
Library\PackageCache\com.unity.shadergraph@14250cfec0ec\Editor\Data\Nodes\Math\Interpolation\LerpNode.cs(5,6): error CS0616: 'TitleAttribute' is not an attribute class
Library\PackageCache\com.unity.shadergraph@14250cfec0ec\Editor\Data\Nodes\Math\Trigonometry\DegreesToRadiansNode.cs(5,6): error CS0616: 'TitleAttribute' is not an attribute class
Library\PackageCache\com.unity.shadergraph@14250cfec0ec\Editor\Data\Nodes\Procedural\Shape\PolygonNode.cs(6,6): error CS0616: 'TitleAttribute' is not an attribute class
Library\PackageCache\com.unity.shadergraph@14250cfec0ec\Editor\Data\Nodes\Math\Interpolation\SmoothstepNode.cs(5,6): error CS0616: 'TitleAttribute' is not an attribute class
Library\PackageCache\com.unity.shadergraph@14250cfec0ec\Editor\Data\Nodes\Artistic\Adjustment\SaturationNode.cs(6,6): error CS0616: 'TitleAttribute' is not an attribute class
Library\PackageCache\com.unity.shadergraph@14250cfec0ec\Editor\Data\Nodes\Input\Lighting\MainLightDirectionNode.cs(6,6): error CS0616: 'TitleAttribute' is not an attribute class
Library\PackageCache\com.unity.shadergraph@14250cfec0ec\Editor\Data\Nodes\Input\Texture\SampleTexture2DLODNode.cs(9,6): error CS0616: 'TitleAttribute' is not an attribute class
Library\PackageCache\com.unity.shadergraph@14250cfec0ec\Editor\Data\Nodes\Math\Trigonometry\HyperbolicCosineNode.cs(5,6): error CS0616: 'TitleAttribute' is not an attribute class
Library\PackageCache\com.unity.shadergraph@14250cfec0ec\Editor\Data\Nodes\Channel\FlipNode.cs(10,6): error CS0616: 'TitleAttribute' is not an attribute class
Library\PackageCache\com.unity.shadergraph@14250cfec0ec\Editor\Data\Nodes\Utility\Logic\ComparisonNode.cs(18,6): error CS0616: 'TitleAttribute' is not an attribute class
Library\PackageCache\com.unity.shadergraph@14250cfec0ec\Editor\Data\Util\KeywordUtil.cs(13,10): error CS0616: 'BuiltinKeyword' is not an attribute class
Library\PackageCache\com.unity.shadergraph@14250cfec0ec\Editor\Data\Nodes\Input\Lighting\ReflectionProbeNode.cs(6,6): error CS0616: 'TitleAttribute' is not an attribute class
Library\PackageCache\com.unity.shadergraph@14250cfec0ec\Editor\Data\Nodes\Artistic\Adjustment\WhiteBalanceNode.cs(6,6): error CS0616: 'TitleAttribute' is not an attribute class
Library\PackageCache\com.unity.shadergraph@14250cfec0ec\Editor\Data\Nodes\Math\Trigonometry\HyperbolicSineNode.cs(5,6): error CS0616: 'TitleAttribute' is not an attribute class
Library\PackageCache\com.unity.shadergraph@14250cfec0ec\Editor\Data\Nodes\Math\Matrix\MatrixConstructionNode.cs(8,6): error CS0616: 'TitleAttribute' is not an attribute class
Library\PackageCache\com.unity.shadergraph@14250cfec0ec\Editor\Data\Nodes\Procedural\Shape\RectangleNode.cs(14,6): error CS0616: 'TitleAttribute' is not an attribute class
Library\PackageCache\com.unity.shadergraph@14250cfec0ec\Editor\Data\Nodes\Math\Trigonometry\HyperbolicTangentNode.cs(5,6): error CS0616: 'TitleAttribute' is not an attribute class
Library\PackageCache\com.unity.shadergraph@14250cfec0ec\Editor\Data\Nodes\Input\Matrix\Matrix2Node.cs(9,6): error CS0616: 'TitleAttribute' is not an attribute class
Library\PackageCache\com.unity.shadergraph@14250cfec0ec\Editor\Data\Nodes\Input\Texture\SampleTexture2DNode.cs(16,6): error CS0616: 'TitleAttribute' is not an attribute class
Library\PackageCache\com.unity.shadergraph@14250cfec0ec\Editor\Data\Nodes\Artistic\Blend\BlendNode.cs(8,6): error CS0616: 'TitleAttribute' is not an attribute class
Library\PackageCache\com.unity.shadergraph@14250cfec0ec\Editor\Data\Nodes\Math\Matrix\MatrixDeterminantNode.cs(6,6): error CS0616: 'TitleAttribute' is not an attribute class
Library\PackageCache\com.unity.shadergraph@14250cfec0ec\Editor\Data\Nodes\Math\Trigonometry\RadiansToDegreesNode.cs(5,6): error CS0616: 'TitleAttribute' is not an attribute class
Library\PackageCache\com.unity.shadergraph@14250cfec0ec\Editor\Data\Nodes\Channel\SplitNode.cs(8,6): error CS0616: 'TitleAttribute' is not an attribute class
Library\PackageCache\com.unity.shadergraph@14250cfec0ec\Editor\Data\Nodes\Math\Trigonometry\SineNode.cs(5,6): error CS0616: 'TitleAttribute' is not an attribute class
Library\PackageCache\com.unity.shadergraph@14250cfec0ec\Editor\Data\Nodes\Procedural\Shape\RoundedPolygonNode.cs(6,6): error CS0616: 'TitleAttribute' is not an attribute class
Library\PackageCache\com.unity.shadergraph@14250cfec0ec\Editor\Data\Nodes\Math\Matrix\MatrixSplitNode.cs(18,6): error CS0616: 'TitleAttribute' is not an attribute class
Library\PackageCache\com.unity.shadergraph@14250cfec0ec\Editor\Data\Nodes\Channel\SwizzleNode.cs(10,6): error CS0616: 'TitleAttribute' is not an attribute class
Library\PackageCache\com.unity.shadergraph@14250cfec0ec\Editor\Data\Nodes\Math\Trigonometry\TangentNode.cs(5,6): error CS0616: 'TitleAttribute' is not an attribute class
Library\PackageCache\com.unity.shadergraph@14250cfec0ec\Editor\Data\Nodes\Input\Matrix\Matrix3Node.cs(9,6): error CS0616: 'TitleAttribute' is not an attribute class
Library\PackageCache\com.unity.shadergraph@14250cfec0ec\Editor\Data\Nodes\Utility\Logic\IsFrontFaceNode.cs(6,6): error CS0616: 'TitleAttribute' is not an attribute class
Library\PackageCache\com.unity.shadergraph@14250cfec0ec\Editor\Data\Nodes\Math\Vector\CrossProductNode.cs(6,6): error CS0616: 'TitleAttribute' is not an attribute class
Library\PackageCache\com.unity.shadergraph@14250cfec0ec\Editor\Data\Nodes\Input\Texture\SampleTexture3DNode.cs(8,6): error CS0616: 'TitleAttribute' is not an attribute class
Library\PackageCache\com.unity.shadergraph@14250cfec0ec\Editor\Drawing\Views\PropertyNodeView.cs(81,10): error CS0246: The type or namespace name 'InspectableAttribute' could not be found (are you missing a using directive or an assembly reference?)
Library\PackageCache\com.unity.shadergraph@14250cfec0ec\Editor\Drawing\Views\PropertyNodeView.cs(81,10): error CS0246: The type or namespace name 'Inspectable' could not be found (are you missing a using directive or an assembly reference?)
Library\PackageCache\com.unity.shadergraph@14250cfec0ec\Editor\Data\Nodes\Procedural\Shape\RoundedRectangleNode.cs(6,6): error CS0616: 'TitleAttribute' is not an attribute class
Library\PackageCache\com.unity.shadergraph@14250cfec0ec\Editor\Data\Nodes\Math\Matrix\MatrixTransposeNode.cs(6,6): error CS0616: 'TitleAttribute' is not an attribute class
Library\PackageCache\com.unity.shadergraph@14250cfec0ec\Editor\Data\Nodes\Utility\Logic\IsInfiniteNode.cs(6,6): error CS0616: 'TitleAttribute' is not an attribute class
Library\PackageCache\com.unity.shadergraph@14250cfec0ec\Editor\Data\Nodes\Math\Vector\DistanceNode.cs(5,6): error CS0616: 'TitleAttribute' is not an attribute class
Library\PackageCache\com.unity.shadergraph@14250cfec0ec\Editor\Data\Nodes\Math\Range\ClampNode.cs(5,6): error CS0616: 'TitleAttribute' is not an attribute class
Library\PackageCache\com.unity.shadergraph@14250cfec0ec\Editor\Data\Nodes\Utility\Logic\IsNanNode.cs(6,6): error CS0616: 'TitleAttribute' is not an attribute class
Library\PackageCache\com.unity.shadergraph@14250cfec0ec\Editor\Data\Nodes\Input\Matrix\Matrix4Node.cs(9,6): error CS0616: 'TitleAttribute' is not an attribute class
Library\PackageCache\com.unity.shadergraph@14250cfec0ec\Editor\Data\Nodes\Math\Vector\DotProductNode.cs(6,6): error CS0616: 'TitleAttribute' is not an attribute class
Library\PackageCache\com.unity.shadergraph@14250cfec0ec\Editor\Data\Nodes\Input\Texture\SampleVirtualTextureNode.cs(16,6): error CS0616: 'TitleAttribute' is not an attribute class
Library\PackageCache\com.unity.shadergraph@14250cfec0ec\Editor\Data\Nodes\Utility\Logic\NandNode.cs(6,6): error CS0616: 'TitleAttribute' is not an attribute class
Library\PackageCache\com.unity.shadergraph@14250cfec0ec\Editor\Data\Nodes\Math\Range\FractionNode.cs(5,6): error CS0616: 'TitleAttribute' is not an attribute class
Library\PackageCache\com.unity.shadergraph@14250cfec0ec\Editor\Drawing\Views\MaterialGraphView.cs(93,10): error CS0246: The type or namespace name 'InspectableAttribute' could not be found (are you missing a using directive or an assembly reference?)
Library\PackageCache\com.unity.shadergraph@14250cfec0ec\Editor\Drawing\Views\MaterialGraphView.cs(93,10): error CS0246: The type or namespace name 'Inspectable' could not be found (are you missing a using directive or an assembly reference?)
Library\PackageCache\com.unity.shadergraph@14250cfec0ec\Editor\Data\Nodes\Math\Vector\FresnelEffectNode.cs(6,6): error CS0616: 'TitleAttribute' is not an attribute class
Library\PackageCache\com.unity.shadergraph@14250cfec0ec\Editor\Drawing\Inspector\PropertyDrawers\BoolPropertyDrawer.cs(10,6): error CS0246: The type or namespace name 'SGPropertyDrawerAttribute' could not be found (are you missing a using directive or an assembly reference?)
Library\PackageCache\com.unity.shadergraph@14250cfec0ec\Editor\Drawing\Inspector\PropertyDrawers\BoolPropertyDrawer.cs(10,6): error CS0246: The type or namespace name 'SGPropertyDrawer' could not be found (are you missing a using directive or an assembly reference?)
Library\PackageCache\com.unity.shadergraph@14250cfec0ec\Editor\Data\Nodes\Math\Range\MaximumNode.cs(5,6): error CS0616: 'TitleAttribute' is not an attribute class
Library\PackageCache\com.unity.shadergraph@14250cfec0ec\Editor\Drawing\Inspector\PropertyDrawers\AbstractMaterialNodePropertyDrawer.cs(20,6): error CS0246: The type or namespace name 'SGPropertyDrawerAttribute' could not be found (are you missing a using directive or an assembly reference?)
Library\PackageCache\com.unity.shadergraph@14250cfec0ec\Editor\Drawing\Inspector\PropertyDrawers\AbstractMaterialNodePropertyDrawer.cs(20,6): error CS0246: The type or namespace name 'SGPropertyDrawer' could not be found (are you missing a using directive or an assembly reference?)
Library\PackageCache\com.unity.shadergraph@14250cfec0ec\Editor\Data\Nodes\Utility\Logic\NotNode.cs(6,6): error CS0616: 'TitleAttribute' is not an attribute class
Library\PackageCache\com.unity.shadergraph@14250cfec0ec\Editor\Drawing\Inspector\PropertyDrawers\BoolPropertyDrawer.cs(45,13): error CS0246: The type or namespace name 'InspectableAttribute' could not be found (are you missing a using directive or an assembly reference?)
Library\PackageCache\com.unity.shadergraph@14250cfec0ec\Editor\Data\Nodes\Math\Vector\ProjectionNode.cs(5,6): error CS0616: 'TitleAttribute' is not an attribute class
Library\PackageCache\com.unity.shadergraph@14250cfec0ec\Editor\Data\Nodes\Math\Range\MinimumNode.cs(5,6): error CS0616: 'TitleAttribute' is not an attribute class
Library\PackageCache\com.unity.shadergraph@14250cfec0ec\Editor\Data\Nodes\Utility\Logic\OrNode.cs(6,6): error CS0616: 'TitleAttribute' is not an attribute class
Library\PackageCache\com.unity.shadergraph@14250cfec0ec\Editor\Drawing\Inspector\PropertyDrawers\AbstractMaterialNodePropertyDrawer.cs(38,60): error CS0246: The type or namespace name 'InspectableAttribute' could not be found (are you missing a using directive or an assembly reference?)
Library\PackageCache\com.unity.shadergraph@14250cfec0ec\Editor\Data\Nodes\Input\Matrix\TransformationMatrixNode.cs(34,6): error CS0616: 'TitleAttribute' is not an attribute class
Library\PackageCache\com.unity.shadergraph@14250cfec0ec\Editor\Drawing\Inspector\PropertyDrawers\ColorPropertyDrawer.cs(10,6): error CS0246: The type or namespace name 'SGPropertyDrawerAttribute' could not be found (are you missing a using directive or an assembly reference?)
Library\PackageCache\com.unity.shadergraph@14250cfec0ec\Editor\Drawing\Inspector\PropertyDrawers\ColorPropertyDrawer.cs(10,6): error CS0246: The type or namespace name 'SGPropertyDrawer' could not be found (are you missing a using directive or an assembly reference?)
Library\PackageCache\com.unity.shadergraph@14250cfec0ec\Editor\Drawing\Inspector\PropertyDrawers\AbstractMaterialNodePropertyDrawer.cs(96,91): error CS0246: The type or namespace name 'InspectableAttribute' could not be found (are you missing a using directive or an assembly reference?)
Library\PackageCache\com.unity.shadergraph@14250cfec0ec\Editor\Data\Nodes\Math\Vector\ReflectionNode.cs(6,6): error CS0616: 'TitleAttribute' is not an attribute class
Library\PackageCache\com.unity.shadergraph@14250cfec0ec\Editor\Data\Nodes\Math\Range\OneMinusNode.cs(5,6): error CS0616: 'TitleAttribute' is not an attribute class
Library\PackageCache\com.unity.shadergraph@14250cfec0ec\Editor\Data\Nodes\Input\Basic\BooleanNode.cs(9,6): error CS0616: 'TitleAttribute' is not an attribute class
Library\PackageCache\com.unity.shadergraph@14250cfec0ec\Editor\Drawing\Inspector\PropertyDrawers\ColorPropertyDrawer.cs(38,91): error CS0246: The type or namespace name 'InspectableAttribute' could not be found (are you missing a using directive or an assembly reference?)
Library\PackageCache\com.unity.shadergraph@14250cfec0ec\Editor\Data\Nodes\Utility\PreviewNode.cs(6,6): error CS0616: 'TitleAttribute' is not an attribute class
Library\PackageCache\com.unity.shadergraph@14250cfec0ec\Editor\Drawing\Inspector\PropertyDrawers\CubemapPropertyDrawer.cs(10,6): error CS0246: The type or namespace name 'SGPropertyDrawerAttribute' could not be found (are you missing a using directive or an assembly reference?)
Library\PackageCache\com.unity.shadergraph@14250cfec0ec\Editor\Drawing\Inspector\PropertyDrawers\CubemapPropertyDrawer.cs(10,6): error CS0246: The type or namespace name 'SGPropertyDrawer' could not be found (are you missing a using directive or an assembly reference?)
Library\PackageCache\com.unity.shadergraph@14250cfec0ec\Editor\Data\Nodes\Math\Range\RandomRangeNode.cs(6,6): error CS0616: 'TitleAttribute' is not an attribute class
Library\PackageCache\com.unity.shadergraph@14250cfec0ec\Editor\Data\Nodes\Math\Vector\RefractNode.cs(18,6): error CS0616: 'TitleAttribute' is not an attribute class
Library\PackageCache\com.unity.shadergraph@14250cfec0ec\Editor\Data\Nodes\Input\PBR\DielectricSpecularNode.cs(21,6): error CS0616: 'TitleAttribute' is not an attribute class
Library\PackageCache\com.unity.shadergraph@14250cfec0ec\Editor\Drawing\Inspector\PropertyDrawers\CubemapPropertyDrawer.cs(39,91): error CS0246: The type or namespace name 'InspectableAttribute' could not be found (are you missing a using directive or an assembly reference?)
Library\PackageCache\com.unity.shadergraph@14250cfec0ec\Editor\Drawing\Inspector\PropertyDrawers\DropdownPropertyDrawer.cs(12,6): error CS0246: The type or namespace name 'SGPropertyDrawerAttribute' could not be found (are you missing a using directive or an assembly reference?)
Library\PackageCache\com.unity.shadergraph@14250cfec0ec\Editor\Drawing\Inspector\PropertyDrawers\DropdownPropertyDrawer.cs(12,6): error CS0246: The type or namespace name 'SGPropertyDrawer' could not be found (are you missing a using directive or an assembly reference?)
Library\PackageCache\com.unity.shadergraph@14250cfec0ec\Editor\Data\Nodes\Input\Basic\ColorNode.cs(19,6): error CS0616: 'TitleAttribute' is not an attribute class
Library\PackageCache\com.unity.shadergraph@14250cfec0ec\Editor\Drawing\Inspector\PropertyDrawers\DropdownPropertyDrawer.cs(39,91): error CS0246: The type or namespace name 'InspectableAttribute' could not be found (are you missing a using directive or an assembly reference?)
Library\PackageCache\com.unity.shadergraph@14250cfec0ec\Editor\Data\Nodes\Input\Texture\SamplerStateNode.cs(9,6): error CS0616: 'TitleAttribute' is not an attribute class
Library\PackageCache\com.unity.shadergraph@14250cfec0ec\Editor\Data\Nodes\Math\Range\RemapNode.cs(6,6): error CS0616: 'TitleAttribute' is not an attribute class
Library\PackageCache\com.unity.shadergraph@14250cfec0ec\Editor\Data\Nodes\Math\Vector\RejectionNode.cs(5,6): error CS0616: 'TitleAttribute' is not an attribute class
Library\PackageCache\com.unity.shadergraph@14250cfec0ec\Editor\Drawing\Inspector\PropertyDrawers\CustomFunctionNodePropertyDrawer.cs(12,6): error CS0246: The type or namespace name 'SGPropertyDrawerAttribute' could not be found (are you missing a using directive or an assembly reference?)
Library\PackageCache\com.unity.shadergraph@14250cfec0ec\Editor\Drawing\Inspector\PropertyDrawers\CustomFunctionNodePropertyDrawer.cs(12,6): error CS0246: The type or namespace name 'SGPropertyDrawer' could not be found (are you missing a using directive or an assembly reference?)
Library\PackageCache\com.unity.shadergraph@14250cfec0ec\Editor\Drawing\Inspector\PropertyDrawers\EnumPropertyDrawer.cs(10,6): error CS0246: The type or namespace name 'SGPropertyDrawerAttribute' could not be found (are you missing a using directive or an assembly reference?)
Library\PackageCache\com.unity.shadergraph@14250cfec0ec\Editor\Drawing\Inspector\PropertyDrawers\EnumPropertyDrawer.cs(10,6): error CS0246: The type or namespace name 'SGPropertyDrawer' could not be found (are you missing a using directive or an assembly reference?)
Library\PackageCache\com.unity.shadergraph@14250cfec0ec\Editor\Data\Nodes\Input\PBR\MetalReflectanceNode.cs(23,6): error CS0616: 'TitleAttribute' is not an attribute class
Library\PackageCache\com.unity.shadergraph@14250cfec0ec\Editor\Drawing\Inspector\PropertyDrawers\CustomFunctionNodePropertyDrawer.cs(24,58): error CS0246: The type or namespace name 'InspectableAttribute' could not be found (are you missing a using directive or an assembly reference?)
Library\PackageCache\com.unity.shadergraph@14250cfec0ec\Editor\Data\Nodes\Math\Vector\RotateAboutAxisNode.cs(8,6): error CS0616: 'TitleAttribute' is not an attribute class
Library\PackageCache\com.unity.shadergraph@14250cfec0ec\Editor\Data\Nodes\UV\FlipbookNode.cs(11,6): error CS0616: 'TitleAttribute' is not an attribute class
Library\PackageCache\com.unity.shadergraph@14250cfec0ec\Editor\Data\Nodes\Input\Basic\ConstantNode.cs(18,6): error CS0616: 'TitleAttribute' is not an attribute class
Library\PackageCache\com.unity.shadergraph@14250cfec0ec\Editor\Data\Nodes\Math\Range\SaturateNode.cs(5,6): error CS0616: 'TitleAttribute' is not an attribute class
Library\PackageCache\com.unity.shadergraph@14250cfec0ec\Editor\Drawing\Inspector\PropertyDrawers\CustomFunctionNodePropertyDrawer.cs(51,13): error CS0246: The type or namespace name 'InspectableAttribute' could not be found (are you missing a using directive or an assembly reference?)
Library\PackageCache\com.unity.shadergraph@14250cfec0ec\Editor\Drawing\Inspector\PropertyDrawers\EnumPropertyDrawer.cs(46,13): error CS0246: The type or namespace name 'InspectableAttribute' could not be found (are you missing a using directive or an assembly reference?)
Library\PackageCache\com.unity.shadergraph@14250cfec0ec\Editor\Drawing\Views\MaterialNodeView.cs(345,10): error CS0246: The type or namespace name 'InspectableAttribute' could not be found (are you missing a using directive or an assembly reference?)
Library\PackageCache\com.unity.shadergraph@14250cfec0ec\Editor\Drawing\Views\MaterialNodeView.cs(345,10): error CS0246: The type or namespace name 'Inspectable' could not be found (are you missing a using directive or an assembly reference?)
Library\PackageCache\com.unity.shadergraph@14250cfec0ec\Editor\Data\Nodes\Input\Texture\TexelSizeNode.cs(9,6): error CS0616: 'TitleAttribute' is not an attribute class
Library\PackageCache\com.unity.shadergraph@14250cfec0ec\Editor\Data\Nodes\Utility\SplitTextureTransformNode.cs(6,6): error CS0616: 'TitleAttribute' is not an attribute class
Library\PackageCache\com.unity.shadergraph@14250cfec0ec\Editor\Data\Nodes\Math\Round\CeilingNode.cs(5,6): error CS0616: 'TitleAttribute' is not an attribute class
Library\PackageCache\com.unity.shadergraph@14250cfec0ec\Editor\Data\Nodes\Input\PropertyNode.cs(13,6): error CS0616: 'TitleAttribute' is not an attribute class
Library\PackageCache\com.unity.shadergraph@14250cfec0ec\Editor\Data\Nodes\Input\Basic\IntegerNode.cs(9,6): error CS0616: 'TitleAttribute' is not an attribute class
Library\PackageCache\com.unity.shadergraph@14250cfec0ec\Editor\Drawing\Inspector\PropertyDrawers\FloatPropertyDrawer.cs(9,6): error CS0246: The type or namespace name 'SGPropertyDrawerAttribute' could not be found (are you missing a using directive or an assembly reference?)
Library\PackageCache\com.unity.shadergraph@14250cfec0ec\Editor\Drawing\Inspector\PropertyDrawers\FloatPropertyDrawer.cs(9,6): error CS0246: The type or namespace name 'SGPropertyDrawer' could not be found (are you missing a using directive or an assembly reference?)
Library\PackageCache\com.unity.shadergraph@14250cfec0ec\Editor\Data\Nodes\Math\Round\FloorNode.cs(5,6): error CS0616: 'TitleAttribute' is not an attribute class
Library\PackageCache\com.unity.shadergraph@14250cfec0ec\Editor\Data\Nodes\Input\Texture\Texture2DArrayAssetNode.cs(9,6): error CS0616: 'TitleAttribute' is not an attribute class
Library\PackageCache\com.unity.shadergraph@14250cfec0ec\Editor\Drawing\Inspector\PropertyDrawers\GraphDataPropertyDrawer.cs(16,6): error CS0246: The type or namespace name 'SGPropertyDrawerAttribute' could not be found (are you missing a using directive or an assembly reference?)
Library\PackageCache\com.unity.shadergraph@14250cfec0ec\Editor\Drawing\Inspector\PropertyDrawers\GraphDataPropertyDrawer.cs(16,6): error CS0246: The type or namespace name 'SGPropertyDrawer' could not be found (are you missing a using directive or an assembly reference?)
Library\PackageCache\com.unity.shadergraph@14250cfec0ec\Editor\Data\Nodes\Math\Vector\SphereMaskNode.cs(6,6): error CS0616: 'TitleAttribute' is not an attribute class
Library\PackageCache\com.unity.shadergraph@14250cfec0ec\Editor\Data\Nodes\Utility\SubGraphNode.cs(12,6): error CS0616: 'TitleAttribute' is not an attribute class
Library\PackageCache\com.unity.shadergraph@14250cfec0ec\Editor\Data\Nodes\UV\ParallaxMappingNode.cs(18,6): error CS0616: 'TitleAttribute' is not an attribute class
Library\PackageCache\com.unity.shadergraph@14250cfec0ec\Editor\Data\Nodes\Math\Round\RoundNode.cs(5,6): error CS0616: 'TitleAttribute' is not an attribute class
Library\PackageCache\com.unity.shadergraph@14250cfec0ec\Editor\Data\Nodes\Input\Basic\SliderNode.cs(10,6): error CS0616: 'TitleAttribute' is not an attribute class
Library\PackageCache\com.unity.shadergraph@14250cfec0ec\Editor\Data\Nodes\Input\Scene\CameraNode.cs(6,6): error CS0616: 'TitleAttribute' is not an attribute class
Library\PackageCache\com.unity.shadergraph@14250cfec0ec\Editor\Drawing\Inspector\PropertyDrawers\GraphDataPropertyDrawer.cs(270,91): error CS0246: The type or namespace name 'InspectableAttribute' could not be found (are you missing a using directive or an assembly reference?)
Library\PackageCache\com.unity.shadergraph@14250cfec0ec\Editor\Data\Nodes\Math\Round\SignNode.cs(5,6): error CS0616: 'TitleAttribute' is not an attribute class
Library\PackageCache\com.unity.shadergraph@14250cfec0ec\Editor\Data\Nodes\Input\Texture\Texture2DAssetNode.cs(9,6): error CS0616: 'TitleAttribute' is not an attribute class
Library\PackageCache\com.unity.shadergraph@14250cfec0ec\Editor\Data\Nodes\Math\Round\StepNode.cs(5,6): error CS0616: 'TitleAttribute' is not an attribute class
Library\PackageCache\com.unity.shadergraph@14250cfec0ec\Editor\Data\Nodes\UV\ParallaxOcclusionMappingNode.cs(10,6): error CS0616: 'TitleAttribute' is not an attribute class
Library\PackageCache\com.unity.shadergraph@14250cfec0ec\Editor\Data\Nodes\Input\Basic\TimeNode.cs(6,6): error CS0616: 'TitleAttribute' is not an attribute class
Library\PackageCache\com.unity.shadergraph@14250cfec0ec\Editor\Data\Nodes\Input\Scene\EyeIndexNode.cs(5,6): error CS0616: 'TitleAttribute' is not an attribute class
Library\PackageCache\com.unity.shadergraph@14250cfec0ec\Editor\Data\Nodes\Math\Vector\TransformNode.cs(35,6): error CS0616: 'TitleAttribute' is not an attribute class
Library\PackageCache\com.unity.shadergraph@14250cfec0ec\Editor\Data\Nodes\Math\Round\TruncateNode.cs(5,6): error CS0616: 'TitleAttribute' is not an attribute class
Library\PackageCache\com.unity.shadergraph@14250cfec0ec\Editor\Data\Nodes\Input\Basic\Vector1Node.cs(10,6): error CS0616: 'TitleAttribute' is not an attribute class
Library\PackageCache\com.unity.shadergraph@14250cfec0ec\Editor\Data\Nodes\Input\Scene\FogNode.cs(6,6): error CS0616: 'TitleAttribute' is not an attribute class
Library\PackageCache\com.unity.shadergraph@14250cfec0ec\Editor\Drawing\Inspector\PropertyDrawers\IntegerPropertyDrawer.cs(10,6): error CS0246: The type or namespace name 'SGPropertyDrawerAttribute' could not be found (are you missing a using directive or an assembly reference?)
Library\PackageCache\com.unity.shadergraph@14250cfec0ec\Editor\Drawing\Inspector\PropertyDrawers\IntegerPropertyDrawer.cs(10,6): error CS0246: The type or namespace name 'SGPropertyDrawer' could not be found (are you missing a using directive or an assembly reference?)
Library\PackageCache\com.unity.shadergraph@14250cfec0ec\Editor\Data\Nodes\Input\Texture\Texture3DAssetNode.cs(9,6): error CS0616: 'TitleAttribute' is not an attribute class
Library\PackageCache\com.unity.shadergraph@14250cfec0ec\Editor\Data\Nodes\Artistic\Filter\DitherNode.cs(6,6): error CS0616: 'TitleAttribute' is not an attribute class
Library\PackageCache\com.unity.shadergraph@14250cfec0ec\Editor\Data\Nodes\Math\Trigonometry\ArccosineNode.cs(5,6): error CS0616: 'TitleAttribute' is not an attribute class
Library\PackageCache\com.unity.shadergraph@14250cfec0ec\Editor\Data\Nodes\Input\Basic\Vector2Node.cs(10,6): error CS0616: 'TitleAttribute' is not an attribute class
Library\PackageCache\com.unity.shadergraph@14250cfec0ec\Editor\Drawing\Inspector\PropertyDrawers\IntegerPropertyDrawer.cs(40,91): error CS0246: The type or namespace name 'InspectableAttribute' could not be found (are you missing a using directive or an assembly reference?)
Library\PackageCache\com.unity.shadergraph@14250cfec0ec\Editor\Data\Nodes\Input\Scene\ObjectNode.cs(6,6): error CS0616: 'TitleAttribute' is not an attribute class
Library\PackageCache\com.unity.shadergraph@14250cfec0ec\Editor\Data\Nodes\Math\Wave\NoiseSineWaveNode.cs(6,6): error CS0616: 'TitleAttribute' is not an attribute class
Library\PackageCache\com.unity.shadergraph@14250cfec0ec\Editor\Data\Nodes\UV\PolarCoordinatesNode.cs(6,6): error CS0616: 'TitleAttribute' is not an attribute class
Library\PackageCache\com.unity.shadergraph@14250cfec0ec\Editor\Data\Nodes\Math\Trigonometry\ArcsineNode.cs(5,6): error CS0616: 'TitleAttribute' is not an attribute class
Library\PackageCache\com.unity.shadergraph@14250cfec0ec\Editor\Data\Nodes\Artistic\Filter\FadeTransitionNode.cs(9,6): error CS0616: 'TitleAttribute' is not an attribute class
Library\PackageCache\com.unity.shadergraph@14250cfec0ec\Editor\Drawing\Inspector\PropertyDrawers\MatrixPropertyDrawer.cs(9,6): error CS0246: The type or namespace name 'SGPropertyDrawerAttribute' could not be found (are you missing a using directive or an assembly reference?)
Library\PackageCache\com.unity.shadergraph@14250cfec0ec\Editor\Drawing\Inspector\PropertyDrawers\MatrixPropertyDrawer.cs(9,6): error CS0246: The type or namespace name 'SGPropertyDrawer' could not be found (are you missing a using directive or an assembly reference?)
Library\PackageCache\com.unity.shadergraph@14250cfec0ec\Editor\Data\Nodes\Input\Basic\Vector3Node.cs(9,6): error CS0616: 'TitleAttribute' is not an attribute class
Library\PackageCache\com.unity.shadergraph@14250cfec0ec\Editor\Data\Nodes\Input\Scene\SceneColorNode.cs(6,6): error CS0616: 'TitleAttribute' is not an attribute class
Library\PackageCache\com.unity.shadergraph@14250cfec0ec\Editor\Data\Nodes\Math\Trigonometry\Arctangent2Node.cs(5,6): error CS0616: 'TitleAttribute' is not an attribute class
Library\PackageCache\com.unity.shadergraph@14250cfec0ec\Editor\Data\Nodes\UV\RadialShearNode.cs(6,6): error CS0616: 'TitleAttribute' is not an attribute class
Library\PackageCache\com.unity.shadergraph@14250cfec0ec\Editor\Data\Nodes\Artistic\Mask\ChannelMaskNode.cs(16,6): error CS0616: 'TitleAttribute' is not an attribute class
Library\PackageCache\com.unity.shadergraph@14250cfec0ec\Editor\Drawing\Inspector\PropertyDrawers\MatrixPropertyDrawer.cs(362,91): error CS0246: The type or namespace name 'InspectableAttribute' could not be found (are you missing a using directive or an assembly reference?)
Library\PackageCache\com.unity.shadergraph@14250cfec0ec\Editor\Data\Nodes\Math\Wave\SawtoothWaveNode.cs(5,6): error CS0616: 'TitleAttribute' is not an attribute class
Library\PackageCache\com.unity.shadergraph@14250cfec0ec\Editor\Data\Nodes\Input\Basic\Vector4Node.cs(9,6): error CS0616: 'TitleAttribute' is not an attribute class
Library\PackageCache\com.unity.shadergraph@14250cfec0ec\Editor\Data\Nodes\Math\Trigonometry\ArctangentNode.cs(5,6): error CS0616: 'TitleAttribute' is not an attribute class
Library\PackageCache\com.unity.shadergraph@14250cfec0ec\Editor\Data\Nodes\Input\Scene\SceneDepthDifferenceNode.cs(13,6): error CS0616: 'TitleAttribute' is not an attribute class
Library\PackageCache\com.unity.shadergraph@14250cfec0ec\Editor\Data\Nodes\LegacyUnknownTypeNode.cs(16,6): error CS0246: The type or namespace name 'NeverAllowedByTargetAttribute' could not be found (are you missing a using directive or an assembly reference?)
Library\PackageCache\com.unity.shadergraph@14250cfec0ec\Editor\Data\Nodes\LegacyUnknownTypeNode.cs(16,6): error CS0246: The type or namespace name 'NeverAllowedByTarget' could not be found (are you missing a using directive or an assembly reference?)
Library\PackageCache\com.unity.shadergraph@14250cfec0ec\Editor\Data\Nodes\Math\Wave\SquareWaveNode.cs(5,6): error CS0616: 'TitleAttribute' is not an attribute class
Library\PackageCache\com.unity.shadergraph@14250cfec0ec\Editor\Data\Nodes\Math\Advanced\AbsoluteNode.cs(5,6): error CS0616: 'TitleAttribute' is not an attribute class
Library\PackageCache\com.unity.shadergraph@14250cfec0ec\Editor\Data\Nodes\Procedural\Noise\SimpleNoiseNode.cs(9,6): error CS0616: 'TitleAttribute' is not an attribute class
Library\PackageCache\com.unity.shadergraph@14250cfec0ec\Editor\Data\Nodes\UV\RotateNode.cs(14,6): error CS0616: 'TitleAttribute' is not an attribute class
Library\PackageCache\com.unity.shadergraph@14250cfec0ec\Editor\Drawing\Inspector\PropertyDrawers\PositionNodePropertyDrawer.cs(9,6): error CS0246: The type or namespace name 'SGPropertyDrawerAttribute' could not be found (are you missing a using directive or an assembly reference?)
Library\PackageCache\com.unity.shadergraph@14250cfec0ec\Editor\Drawing\Inspector\PropertyDrawers\PositionNodePropertyDrawer.cs(9,6): error CS0246: The type or namespace name 'SGPropertyDrawer' could not be found (are you missing a using directive or an assembly reference?)
Library\PackageCache\com.unity.shadergraph@14250cfec0ec\Editor\Data\Nodes\Artistic\Mask\ColorMaskNode.cs(6,6): error CS0616: 'TitleAttribute' is not an attribute class
Library\PackageCache\com.unity.shadergraph@14250cfec0ec\Editor\Data\Nodes\Input\CustomInterpolatorNode.cs(12,6): error CS0616: 'TitleAttribute' is not an attribute class
Library\PackageCache\com.unity.shadergraph@14250cfec0ec\Editor\Data\Nodes\Math\Wave\TriangleWaveNode.cs(5,6): error CS0616: 'TitleAttribute' is not an attribute class
Library\PackageCache\com.unity.shadergraph@14250cfec0ec\Editor\Data\Nodes\Artistic\Normal\NormalBlendNode.cs(15,6): error CS0616: 'TitleAttribute' is not an attribute class
Library\PackageCache\com.unity.shadergraph@14250cfec0ec\Editor\Data\Nodes\Math\Advanced\ExponentialNode.cs(14,6): error CS0616: 'TitleAttribute' is not an attribute class
Library\PackageCache\com.unity.shadergraph@14250cfec0ec\Editor\Drawing\Inspector\PropertyDrawers\SampleTexture2DArrayNodePropertyDrawer.cs(13,6): error CS0246: The type or namespace name 'SGPropertyDrawerAttribute' could not be found (are you missing a using directive or an assembly reference?)
Library\PackageCache\com.unity.shadergraph@14250cfec0ec\Editor\Drawing\Inspector\PropertyDrawers\SampleTexture2DArrayNodePropertyDrawer.cs(13,6): error CS0246: The type or namespace name 'SGPropertyDrawer' could not be found (are you missing a using directive or an assembly reference?)
Library\PackageCache\com.unity.shadergraph@14250cfec0ec\Editor\Data\Nodes\MeshDeformation\ComputeDeformNode.cs(7,6): error CS0616: 'TitleAttribute' is not an attribute class
Library\PackageCache\com.unity.shadergraph@14250cfec0ec\Editor\Drawing\Inspector\PropertyDrawers\FloatPropertyDrawer.cs(39,91): error CS0246: The type or namespace name 'InspectableAttribute' could not be found (are you missing a using directive or an assembly reference?)
Library\PackageCache\com.unity.shadergraph@14250cfec0ec\Editor\Data\Nodes\Input\Geometry\NormalVectorNode.cs(8,6): error CS0616: 'TitleAttribute' is not an attribute class
Library\PackageCache\com.unity.shadergraph@14250cfec0ec\Editor\Data\Nodes\Input\Geometry\BitangentVectorNode.cs(7,6): error CS0616: 'TitleAttribute' is not an attribute class
Library\PackageCache\com.unity.shadergraph@14250cfec0ec\Editor\Data\Nodes\Procedural\Noise\VoronoiNode.cs(10,6): error CS0616: 'TitleAttribute' is not an attribute class
Library\PackageCache\com.unity.shadergraph@14250cfec0ec\Editor\Drawing\Inspector\PropertyDrawers\SampleTexture2DNodePropertyDrawer.cs(13,6): error CS0246: The type or namespace name 'SGPropertyDrawerAttribute' could not be found (are you missing a using directive or an assembly reference?)
Library\PackageCache\com.unity.shadergraph@14250cfec0ec\Editor\Drawing\Inspector\PropertyDrawers\SampleTexture2DNodePropertyDrawer.cs(13,6): error CS0246: The type or namespace name 'SGPropertyDrawer' could not be found (are you missing a using directive or an assembly reference?)
Library\PackageCache\com.unity.shadergraph@14250cfec0ec\Editor\Data\Nodes\UV\SpherizeNode.cs(6,6): error CS0616: 'TitleAttribute' is not an attribute class
Library\PackageCache\com.unity.shadergraph@14250cfec0ec\Editor\Data\Nodes\Math\Advanced\LengthNode.cs(5,6): error CS0616: 'TitleAttribute' is not an attribute class
Library\PackageCache\com.unity.shadergraph@14250cfec0ec\Editor\Data\Nodes\Input\Geometry\PositionNode.cs(13,6): error CS0616: 'TitleAttribute' is not an attribute class
Library\PackageCache\com.unity.shadergraph@14250cfec0ec\Editor\Data\Nodes\Input\Geometry\InstanceIDNode.cs(5,6): error CS0616: 'TitleAttribute' is not an attribute class
Library\PackageCache\com.unity.shadergraph@14250cfec0ec\Editor\Drawing\Inspector\PropertyDrawers\GradientPropertyDrawer.cs(10,6): error CS0246: The type or namespace name 'SGPropertyDrawerAttribute' could not be found (are you missing a using directive or an assembly reference?)
Library\PackageCache\com.unity.shadergraph@14250cfec0ec\Editor\Drawing\Inspector\PropertyDrawers\GradientPropertyDrawer.cs(10,6): error CS0246: The type or namespace name 'SGPropertyDrawer' could not be found (are you missing a using directive or an assembly reference?)
Library\PackageCache\com.unity.shadergraph@14250cfec0ec\Editor\Data\Nodes\Input\Scene\SceneDepthNode.cs(15,6): error CS0616: 'TitleAttribute' is not an attribute class
Library\PackageCache\com.unity.shadergraph@14250cfec0ec\Editor\Data\Nodes\Artistic\Normal\NormalFromHeightNode.cs(16,6): error CS0616: 'TitleAttribute' is not an attribute class
Library\PackageCache\com.unity.shadergraph@14250cfec0ec\Editor\Data\Nodes\MeshDeformation\LinearBlendSkinningNode.cs(7,6): error CS0616: 'TitleAttribute' is not an attribute class
Library\PackageCache\com.unity.shadergraph@14250cfec0ec\Editor\Data\Nodes\Math\Advanced\LogNode.cs(15,6): error CS0616: 'TitleAttribute' is not an attribute class
Library\PackageCache\com.unity.shadergraph@14250cfec0ec\Editor\Drawing\Inspector\PropertyDrawers\SampleTexture3DNodePropertyDrawer.cs(13,6): error CS0246: The type or namespace name 'SGPropertyDrawerAttribute' could not be found (are you missing a using directive or an assembly reference?)
Library\PackageCache\com.unity.shadergraph@14250cfec0ec\Editor\Drawing\Inspector\PropertyDrawers\SampleTexture3DNodePropertyDrawer.cs(13,6): error CS0246: The type or namespace name 'SGPropertyDrawer' could not be found (are you missing a using directive or an assembly reference?)
Library\PackageCache\com.unity.shadergraph@14250cfec0ec\Editor\Data\Nodes\Math\Advanced\ReciprocalNode.cs(14,6): error CS0616: 'TitleAttribute' is not an attribute class
Library\PackageCache\com.unity.shadergraph@14250cfec0ec\Editor\Drawing\Inspector\PropertyDrawers\GradientPropertyDrawer.cs(40,91): error CS0246: The type or namespace name 'InspectableAttribute' could not be found (are you missing a using directive or an assembly reference?)
Library\PackageCache\com.unity.shadergraph@14250cfec0ec\Editor\Data\Nodes\UV\TilingAndOffsetNode.cs(6,6): error CS0616: 'TitleAttribute' is not an attribute class
Library\PackageCache\com.unity.shadergraph@14250cfec0ec\Editor\Data\Nodes\Input\Geometry\ScreenPositionNode.cs(7,6): error CS0616: 'TitleAttribute' is not an attribute class
Library\PackageCache\com.unity.shadergraph@14250cfec0ec\Editor\Data\Nodes\Procedural\Shape\EllipseNode.cs(6,6): error CS0616: 'TitleAttribute' is not an attribute class
Library\PackageCache\com.unity.shadergraph@14250cfec0ec\Editor\Data\Nodes\Utility\Logic\AnyNode.cs(6,6): error CS0616: 'TitleAttribute' is not an attribute class
Library\PackageCache\com.unity.shadergraph@14250cfec0ec\Editor\Drawing\Inspector\PropertyDrawers\SampleVirtualTextureNodePropertyDrawer.cs(17,6): error CS0246: The type or namespace name 'SGPropertyDrawerAttribute' could not be found (are you missing a using directive or an assembly reference?)
Library\PackageCache\com.unity.shadergraph@14250cfec0ec\Editor\Drawing\Inspector\PropertyDrawers\SampleVirtualTextureNodePropertyDrawer.cs(17,6): error CS0246: The type or namespace name 'SGPropertyDrawer' could not be found (are you missing a using directive or an assembly reference?)
Library\PackageCache\com.unity.shadergraph@14250cfec0ec\Editor\Data\Nodes\UV\TriplanarNode.cs(9,6): error CS0616: 'TitleAttribute' is not an attribute class
Library\PackageCache\com.unity.shadergraph@14250cfec0ec\Editor\Data\Nodes\Math\Advanced\ReciprocalSquareRootNode.cs(5,6): error CS0616: 'TitleAttribute' is not an attribute class
Library\PackageCache\com.unity.shadergraph@14250cfec0ec\Editor\Data\Nodes\Input\Scene\ScreenNode.cs(6,6): error CS0616: 'TitleAttribute' is not an attribute class
Library\PackageCache\com.unity.shadergraph@14250cfec0ec\Editor\Data\Nodes\Math\Advanced\ModuloNode.cs(5,6): error CS0616: 'TitleAttribute' is not an attribute class
Library\PackageCache\com.unity.shadergraph@14250cfec0ec\Editor\Drawing\Inspector\PropertyDrawers\SampleVirtualTextureNodePropertyDrawer.cs(20,64): error CS0246: The type or namespace name 'InspectableAttribute' could not be found (are you missing a using directive or an assembly reference?)
Library\PackageCache\com.unity.shadergraph@14250cfec0ec\Editor\Data\Nodes\NodeClassCache.cs(55,46): error CS0246: The type or namespace name 'ContextFilterableAttribute' could not be found (are you missing a using directive or an assembly reference?)
Library\PackageCache\com.unity.shadergraph@14250cfec0ec\Editor\Data\Nodes\Utility\Logic\BranchNode.cs(6,6): error CS0616: 'TitleAttribute' is not an attribute class
Library\PackageCache\com.unity.shadergraph@14250cfec0ec\Editor\Data\Nodes\Math\Basic\AddNode.cs(5,6): error CS0616: 'TitleAttribute' is not an attribute class
Library\PackageCache\com.unity.shadergraph@14250cfec0ec\Editor\Data\Nodes\Input\Texture\CalculateLevelOfDetailTexture2DNode.cs(9,6): error CS0616: 'TitleAttribute' is not an attribute class
Library\PackageCache\com.unity.shadergraph@14250cfec0ec\Editor\Data\Nodes\NodeClassCache.cs(112,35): error CS0246: The type or namespace name 'ContextFilterableAttribute' could not be found (are you missing a using directive or an assembly reference?)
Library\PackageCache\com.unity.shadergraph@14250cfec0ec\Editor\Drawing\Inspector\PropertyDrawers\SampleVirtualTextureNodePropertyDrawer.cs(137,13): error CS0246: The type or namespace name 'InspectableAttribute' could not be found (are you missing a using directive or an assembly reference?)
Library\PackageCache\com.unity.shadergraph@14250cfec0ec\Editor\Data\Nodes\NodeClassCache.cs(54,46): error CS0246: The type or namespace name 'ContextFilterableAttribute' could not be found (are you missing a using directive or an assembly reference?)
Library\PackageCache\com.unity.shadergraph@14250cfec0ec\Editor\Data\Nodes\Math\Advanced\NegateNode.cs(5,6): error CS0616: 'TitleAttribute' is not an attribute class
Library\PackageCache\com.unity.shadergraph@14250cfec0ec\Editor\Data\Nodes\Utility\Logic\BranchOnInputConnection.cs(9,6): error CS0616: 'TitleAttribute' is not an attribute class
Library\PackageCache\com.unity.shadergraph@14250cfec0ec\Editor\Drawing\Inspector\PropertyDrawers\ShaderInputPropertyDrawer.cs(152,13): error CS0246: The type or namespace name 'InspectableAttribute' could not be found (are you missing a using directive or an assembly reference?)
Library\PackageCache\com.unity.shadergraph@14250cfec0ec\Editor\Data\Nodes\NodeClassCache.cs(129,76): error CS0246: The type or namespace name 'ContextFilterableAttribute' could not be found (are you missing a using directive or an assembly reference?)
Library\PackageCache\com.unity.shadergraph@14250cfec0ec\Editor\Data\Nodes\Math\Advanced\NormalizeNode.cs(5,6): error CS0616: 'TitleAttribute' is not an attribute class
Library\PackageCache\com.unity.shadergraph@14250cfec0ec\Editor\Drawing\Inspector\PropertyDrawers\SamplerStateNodePropertyDrawer.cs(9,6): error CS0246: The type or namespace name 'SGPropertyDrawerAttribute' could not be found (are you missing a using directive or an assembly reference?)
Library\PackageCache\com.unity.shadergraph@14250cfec0ec\Editor\Drawing\Inspector\PropertyDrawers\SamplerStateNodePropertyDrawer.cs(9,6): error CS0246: The type or namespace name 'SGPropertyDrawer' could not be found (are you missing a using directive or an assembly reference?)
Library\PackageCache\com.unity.shadergraph@14250cfec0ec\Editor\Data\Nodes\UV\TwirlNode.cs(6,6): error CS0616: 'TitleAttribute' is not an attribute class
Library\PackageCache\com.unity.shadergraph@14250cfec0ec\Editor\Data\Nodes\Procedural\CheckerboardNode.cs(6,6): error CS0616: 'TitleAttribute' is not an attribute class
Library\PackageCache\com.unity.shadergraph@14250cfec0ec\Editor\Data\Nodes\Math\Advanced\PosterizeNode.cs(5,6): error CS0616: 'TitleAttribute' is not an attribute class
Library\PackageCache\com.unity.shadergraph@14250cfec0ec\Editor\Drawing\Inspector\PropertyDrawers\Texture2DPropertyDrawer.cs(10,6): error CS0246: The type or namespace name 'SGPropertyDrawerAttribute' could not be found (are you missing a using directive or an assembly reference?)
Library\PackageCache\com.unity.shadergraph@14250cfec0ec\Editor\Drawing\Inspector\PropertyDrawers\Texture2DPropertyDrawer.cs(10,6): error CS0246: The type or namespace name 'SGPropertyDrawer' could not be found (are you missing a using directive or an assembly reference?)
Library\PackageCache\com.unity.shadergraph@14250cfec0ec\Editor\Drawing\Inspector\PropertyDrawers\TextPropertyDrawer.cs(10,6): error CS0246: The type or namespace name 'SGPropertyDrawerAttribute' could not be found (are you missing a using directive or an assembly reference?)
Library\PackageCache\com.unity.shadergraph@14250cfec0ec\Editor\Drawing\Inspector\PropertyDrawers\TextPropertyDrawer.cs(10,6): error CS0246: The type or namespace name 'SGPropertyDrawer' could not be found (are you missing a using directive or an assembly reference?)
Library\PackageCache\com.unity.shadergraph@14250cfec0ec\Editor\Drawing\Inspector\PropertyDrawers\Texture2DPropertyDrawer.cs(39,91): error CS0246: The type or namespace name 'InspectableAttribute' could not be found (are you missing a using directive or an assembly reference?)
Library\PackageCache\com.unity.shadergraph@14250cfec0ec\Editor\Drawing\Inspector\PropertyDrawers\TextPropertyDrawer.cs(46,91): error CS0246: The type or namespace name 'InspectableAttribute' could not be found (are you missing a using directive or an assembly reference?)
Library\PackageCache\com.unity.shadergraph@14250cfec0ec\Editor\Data\Nodes\Utility\CustomFunctionNode.cs(15,6): error CS0616: 'TitleAttribute' is not an attribute class
Library\PackageCache\com.unity.shadergraph@14250cfec0ec\Editor\Data\Nodes\Procedural\Noise\GradientNoiseNode.cs(9,6): error CS0616: 'TitleAttribute' is not an attribute class
Library\PackageCache\com.unity.shadergraph@14250cfec0ec\Editor\Drawing\Inspector\PropertyDrawers\Texture3DPropertyDrawer.cs(10,6): error CS0246: The type or namespace name 'SGPropertyDrawerAttribute' could not be found (are you missing a using directive or an assembly reference?)
Library\PackageCache\com.unity.shadergraph@14250cfec0ec\Editor\Drawing\Inspector\PropertyDrawers\Texture3DPropertyDrawer.cs(10,6): error CS0246: The type or namespace name 'SGPropertyDrawer' could not be found (are you missing a using directive or an assembly reference?)
Library\PackageCache\com.unity.shadergraph@14250cfec0ec\Editor\Drawing\Inspector\PropertyDrawers\ToggleDataPropertyDrawer.cs(11,6): error CS0246: The type or namespace name 'SGPropertyDrawerAttribute' could not be found (are you missing a using directive or an assembly reference?)
Library\PackageCache\com.unity.shadergraph@14250cfec0ec\Editor\Drawing\Inspector\PropertyDrawers\ToggleDataPropertyDrawer.cs(11,6): error CS0246: The type or namespace name 'SGPropertyDrawer' could not be found (are you missing a using directive or an assembly reference?)
Library\PackageCache\com.unity.shadergraph@14250cfec0ec\Editor\Drawing\Inspector\PropertyDrawers\Texture3DPropertyDrawer.cs(39,91): error CS0246: The type or namespace name 'InspectableAttribute' could not be found (are you missing a using directive or an assembly reference?)
Library\PackageCache\com.unity.shadergraph@14250cfec0ec\Editor\Drawing\Inspector\PropertyDrawers\Texture2DArrayPropertyDrawer.cs(10,6): error CS0246: The type or namespace name 'SGPropertyDrawerAttribute' could not be found (are you missing a using directive or an assembly reference?)
Library\PackageCache\com.unity.shadergraph@14250cfec0ec\Editor\Drawing\Inspector\PropertyDrawers\Texture2DArrayPropertyDrawer.cs(10,6): error CS0246: The type or namespace name 'SGPropertyDrawer' could not be found (are you missing a using directive or an assembly reference?)
Library\PackageCache\com.unity.shadergraph@14250cfec0ec\Editor\Drawing\Inspector\PropertyDrawers\TriplanarNodePropertyDrawer.cs(10,6): error CS0246: The type or namespace name 'SGPropertyDrawerAttribute' could not be found (are you missing a using directive or an assembly reference?)
Library\PackageCache\com.unity.shadergraph@14250cfec0ec\Editor\Drawing\Inspector\PropertyDrawers\TriplanarNodePropertyDrawer.cs(10,6): error CS0246: The type or namespace name 'SGPropertyDrawer' could not be found (are you missing a using directive or an assembly reference?)
Library\PackageCache\com.unity.shadergraph@14250cfec0ec\Editor\Drawing\Inspector\PropertyDrawers\Vector2PropertyDrawer.cs(11,6): error CS0246: The type or namespace name 'SGPropertyDrawerAttribute' could not be found (are you missing a using directive or an assembly reference?)
Library\PackageCache\com.unity.shadergraph@14250cfec0ec\Editor\Drawing\Inspector\PropertyDrawers\Vector2PropertyDrawer.cs(11,6): error CS0246: The type or namespace name 'SGPropertyDrawer' could not be found (are you missing a using directive or an assembly reference?)
Library\PackageCache\com.unity.shadergraph@14250cfec0ec\Editor\Drawing\Inspector\PropertyDrawers\Vector3PropertyDrawer.cs(12,6): error CS0246: The type or namespace name 'SGPropertyDrawerAttribute' could not be found (are you missing a using directive or an assembly reference?)
Library\PackageCache\com.unity.shadergraph@14250cfec0ec\Editor\Drawing\Inspector\PropertyDrawers\Vector3PropertyDrawer.cs(12,6): error CS0246: The type or namespace name 'SGPropertyDrawer' could not be found (are you missing a using directive or an assembly reference?)
Library\PackageCache\com.unity.shadergraph@14250cfec0ec\Editor\Drawing\Inspector\PropertyDrawers\ToggleDataPropertyDrawer.cs(48,13): error CS0246: The type or namespace name 'InspectableAttribute' could not be found (are you missing a using directive or an assembly reference?)
Library\PackageCache\com.unity.shadergraph@14250cfec0ec\Editor\Drawing\Inspector\PropertyDrawers\Vector4PropertyDrawer.cs(11,6): error CS0246: The type or namespace name 'SGPropertyDrawerAttribute' could not be found (are you missing a using directive or an assembly reference?)
Library\PackageCache\com.unity.shadergraph@14250cfec0ec\Editor\Drawing\Inspector\PropertyDrawers\Vector4PropertyDrawer.cs(11,6): error CS0246: The type or namespace name 'SGPropertyDrawer' could not be found (are you missing a using directive or an assembly reference?)
Library\PackageCache\com.unity.shadergraph@14250cfec0ec\Editor\Drawing\Inspector\PropertyDrawers\Texture2DArrayPropertyDrawer.cs(39,91): error CS0246: The type or namespace name 'InspectableAttribute' could not be found (are you missing a using directive or an assembly reference?)
Library\PackageCache\com.unity.shadergraph@14250cfec0ec\Editor\Drawing\Inspector\PropertyDrawers\Vector2PropertyDrawer.cs(94,91): error CS0246: The type or namespace name 'InspectableAttribute' could not be found (are you missing a using directive or an assembly reference?)
Library\PackageCache\com.unity.shadergraph@14250cfec0ec\Editor\Drawing\Inspector\PropertyDrawers\Vector3PropertyDrawer.cs(95,91): error CS0246: The type or namespace name 'InspectableAttribute' could not be found (are you missing a using directive or an assembly reference?)
Library\PackageCache\com.unity.shadergraph@14250cfec0ec\Editor\Drawing\Inspector\PropertyDrawers\Vector4PropertyDrawer.cs(94,91): error CS0246: The type or namespace name 'InspectableAttribute' could not be found (are you missing a using directive or an assembly reference?)
Library\PackageCache\com.unity.shadergraph@14250cfec0ec\Editor\Drawing\Inspector\PropertyDrawers\TransformNodePropertyDrawer.cs(10,6): error CS0246: The type or namespace name 'SGPropertyDrawerAttribute' could not be found (are you missing a using directive or an assembly reference?)
Library\PackageCache\com.unity.shadergraph@14250cfec0ec\Editor\Drawing\Inspector\PropertyDrawers\TransformNodePropertyDrawer.cs(10,6): error CS0246: The type or namespace name 'SGPropertyDrawer' could not be found (are you missing a using directive or an assembly reference?)
Library\PackageCache\com.unity.shadergraph@14250cfec0ec\Editor\Data\Nodes\Utility\DropdownNode.cs(12,6): error CS0616: 'TitleAttribute' is not an attribute class
Library\PackageCache\com.unity.shadergraph@14250cfec0ec\Editor\Drawing\Inspector\PropertyDrawers\SubGraphOutputNodePropertyDrawer.cs(12,6): error CS0246: The type or namespace name 'SGPropertyDrawerAttribute' could not be found (are you missing a using directive or an assembly reference?)
Library\PackageCache\com.unity.shadergraph@14250cfec0ec\Editor\Drawing\Inspector\PropertyDrawers\SubGraphOutputNodePropertyDrawer.cs(12,6): error CS0246: The type or namespace name 'SGPropertyDrawer' could not be found (are you missing a using directive or an assembly reference?)
Library\PackageCache\com.unity.shadergraph@14250cfec0ec\Editor\Data\Nodes\Utility\KeywordNode.cs(13,6): error CS0616: 'TitleAttribute' is not an attribute class
Library\PackageCache\com.unity.shadergraph@14250cfec0ec\Editor\Drawing\Inspector\PropertyDrawers\SubGraphOutputNodePropertyDrawer.cs(24,58): error CS0246: The type or namespace name 'InspectableAttribute' could not be found (are you missing a using directive or an assembly reference?)
Library\PackageCache\com.unity.shadergraph@14250cfec0ec\Editor\Drawing\Inspector\PropertyDrawers\SubGraphOutputNodePropertyDrawer.cs(44,13): error CS0246: The type or namespace name 'InspectableAttribute' could not be found (are you missing a using directive or an assembly reference?)
Library\PackageCache\com.unity.shadergraph@14250cfec0ec\Editor\Data\Nodes\Utility\Logic\AllNode.cs(6,6): error CS0616: 'TitleAttribute' is not an attribute class
Library\PackageCache\com.unity.shadergraph@14250cfec0ec\Editor\Serialization\MultiJsonInternal.cs(370,10): error CS0246: The type or namespace name 'NeverAllowedByTargetAttribute' could not be found (are you missing a using directive or an assembly reference?)
Library\PackageCache\com.unity.shadergraph@14250cfec0ec\Editor\Serialization\MultiJsonInternal.cs(370,10): error CS0246: The type or namespace name 'NeverAllowedByTarget' could not be found (are you missing a using directive or an assembly reference?)
Library\PackageCache\com.unity.shadergraph@14250cfec0ec\Editor\Data\Nodes\Utility\Logic\AndNode.cs(6,6): error CS0616: 'TitleAttribute' is not an attribute class

Library\PackageCache\com.unity.shadergraph@14250cfec0ec\Editor\Drawing\Inspector\PropertyDrawers\ShaderInputPropertyDrawer.cs(21,6): error CS0246: The type or namespace name 'SGPropertyDrawerAttribute' could not be found (are you missing a using directive or an assembly reference?)
Library\PackageCache\com.unity.shadergraph@14250cfec0ec\Editor\Drawing\Inspector\PropertyDrawers\ShaderInputPropertyDrawer.cs(21,6): error CS0246: The type or namespace name 'SGPropertyDrawer' could not be found (are you missing a using directive or an assembly reference?)
Library\PackageCache\com.unity.shadergraph@14250cfec0ec\Editor\Data\Nodes\TitleAttribute.cs(7,28): error CS0246: The type or namespace name 'ContextFilterableAttribute' could not be found (are you missing a using directive or an assembly reference?)
Library\PackageCache\com.unity.shadergraph@14250cfec0ec\Editor\Data\Interfaces\IPropertyDrawer.cs(13,84): error CS0246: The type or namespace name 'InspectableAttribute' could not be found (are you missing a using directive or an assembly reference?)
Library\PackageCache\com.unity.shadergraph@14250cfec0ec\Editor\Data\Nodes\TitleAttribute.cs(6,6): error CS0641: Attribute 'AttributeUsage' is only valid on classes derived from System.Attribute
Library\PackageCache\com.unity.shadergraph@14250cfec0ec\Editor\Generation\Targets\CustomRenderTexture\CustomTextureSelf.cs(8,6): error CS0616: 'TitleAttribute' is not an attribute class
Library\PackageCache\com.unity.shadergraph@14250cfec0ec\Editor\Generation\Targets\CustomRenderTexture\CustomTextureSelf.cs(9,6): error CS0246: The type or namespace name 'SubTargetFilterAttribute' could not be found (are you missing a using directive or an assembly reference?)
Library\PackageCache\com.unity.shadergraph@14250cfec0ec\Editor\Generation\Targets\CustomRenderTexture\CustomTextureSelf.cs(9,6): error CS0246: The type or namespace name 'SubTargetFilter' could not be found (are you missing a using directive or an assembly reference?)
Library\PackageCache\com.unity.shadergraph@14250cfec0ec\Editor\Generation\Targets\CustomRenderTexture\CustomTextureSize.cs(8,6): error CS0616: 'TitleAttribute' is not an attribute class
Library\PackageCache\com.unity.shadergraph@14250cfec0ec\Editor\Generation\Targets\CustomRenderTexture\CustomTextureSize.cs(9,6): error CS0246: The type or namespace name 'SubTargetFilterAttribute' could not be found (are you missing a using directive or an assembly reference?)
Library\PackageCache\com.unity.shadergraph@14250cfec0ec\Editor\Generation\Targets\CustomRenderTexture\CustomTextureSize.cs(9,6): error CS0246: The type or namespace name 'SubTargetFilter' could not be found (are you missing a using directive or an assembly reference?)
Library\PackageCache\com.unity.shadergraph@14250cfec0ec\Editor\Generation\Targets\CustomRenderTexture\CustomTextureSlice.cs(8,6): error CS0616: 'TitleAttribute' is not an attribute class
Library\PackageCache\com.unity.shadergraph@14250cfec0ec\Editor\Generation\Targets\CustomRenderTexture\CustomTextureSlice.cs(9,6): error CS0246: The type or namespace name 'SubTargetFilterAttribute' could not be found (are you missing a using directive or an assembly reference?)
Library\PackageCache\com.unity.shadergraph@14250cfec0ec\Editor\Generation\Targets\CustomRenderTexture\CustomTextureSlice.cs(9,6): error CS0246: The type or namespace name 'SubTargetFilter' could not be found (are you missing a using directive or an assembly reference?)
Library\PackageCache\com.unity.shadergraph@14250cfec0ec\Editor\Drawing\Blackboard\SGBlackboardField.cs(222,10): error CS0246: The type or namespace name 'InspectableAttribute' could not be found (are you missing a using directive or an assembly reference?)
Library\PackageCache\com.unity.shadergraph@14250cfec0ec\Editor\Drawing\Blackboard\SGBlackboardField.cs(222,10): error CS0246: The type or namespace name 'Inspectable' could not be found (are you missing a using directive or an assembly reference?)
Library\PackageCache\com.unity.shadergraph@14250cfec0ec\Editor\Data\Nodes\Artistic\Normal\NormalFromTextureNode.cs(9,6): error CS0616: 'TitleAttribute' is not an attribute class
Library\PackageCache\com.unity.shadergraph@14250cfec0ec\Editor\Data\Nodes\Input\Geometry\TangentVectorNode.cs(7,6): error CS0616: 'TitleAttribute' is not an attribute class
Library\PackageCache\com.unity.shadergraph@14250cfec0ec\Editor\Data\Nodes\Input\Texture\CubemapAssetNode.cs(9,6): error CS0616: 'TitleAttribute' is not an attribute class
Library\PackageCache\com.unity.shadergraph@14250cfec0ec\Editor\Data\Nodes\Input\Geometry\UVNode.cs(8,6): error CS0616: 'TitleAttribute' is not an attribute class
Library\PackageCache\com.unity.shadergraph@14250cfec0ec\Editor\Data\Nodes\Artistic\Normal\NormalReconstructZNode.cs(6,6): error CS0616: 'TitleAttribute' is not an attribute class
Library\PackageCache\com.unity.shadergraph@14250cfec0ec\Editor\Data\Nodes\Input\Geometry\VertexColorNode.cs(6,6): error CS0616: 'TitleAttribute' is not an attribute class
Library\PackageCache\com.unity.shadergraph@14250cfec0ec\Editor\Data\Nodes\Input\Texture\GatherTexture2DNode.cs(8,6): error CS0616: 'TitleAttribute' is not an attribute class
Library\PackageCache\com.unity.shadergraph@14250cfec0ec\Editor\Data\Nodes\Input\Geometry\VertexIDNode.cs(5,6): error CS0616: 'TitleAttribute' is not an attribute class
Library\PackageCache\com.unity.shadergraph@14250cfec0ec\Editor\Data\Nodes\Input\Geometry\ViewDirectionNode.cs(9,6): error CS0616: 'TitleAttribute' is not an attribute class
Library\PackageCache\com.unity.shadergraph@14250cfec0ec\Editor\Data\Nodes\Artistic\Normal\NormalStrengthNode.cs(6,6): error CS0616: 'TitleAttribute' is not an attribute class
Library\PackageCache\com.unity.shadergraph@14250cfec0ec\Editor\Data\Nodes\Input\Texture\SampleCubemapNode.cs(9,6): error CS0616: 'TitleAttribute' is not an attribute class
Library\PackageCache\com.unity.shadergraph@14250cfec0ec\Editor\Data\Nodes\Input\Geometry\ViewVectorNode.cs(14,6): error CS0616: 'TitleAttribute' is not an attribute class
Library\PackageCache\com.unity.shadergraph@14250cfec0ec\Editor\Data\Nodes\Artistic\Normal\NormalUnpackNode.cs(8,6): error CS0616: 'TitleAttribute' is not an attribute class
Library\PackageCache\com.unity.shadergraph@14250cfec0ec\Editor\Data\Nodes\Artistic\Adjustment\ChannelMixerNode.cs(10,6): error CS0616: 'TitleAttribute' is not an attribute class
Library\PackageCache\com.unity.shadergraph@14250cfec0ec\Editor\Data\Nodes\Artistic\Utility\ColorspaceConversion.cs(41,6): error CS0616: 'TitleAttribute' is not an attribute class
Library\PackageCache\com.unity.shadergraph@14250cfec0ec\Editor\Data\Nodes\Math\Basic\DivideNode.cs(5,6): error CS0616: 'TitleAttribute' is not an attribute class
Library\PackageCache\com.unity.shadergraph@14250cfec0ec\Editor\Data\Nodes\Input\Gradient\BlackbodyNode.cs(6,6): error CS0616: 'TitleAttribute' is not an attribute class
Library\PackageCache\com.unity.shadergraph@14250cfec0ec\Editor\Data\Nodes\Math\Basic\MultiplyNode.cs(12,6): error CS0616: 'TitleAttribute' is not an attribute class
Library\PackageCache\com.unity.shadergraph@14250cfec0ec\Editor\Data\Nodes\Input\Gradient\GradientNode.cs(11,6): error CS0616: 'TitleAttribute' is not an attribute class
Library\PackageCache\com.unity.shadergraph@14250cfec0ec\Editor\Data\Nodes\Artistic\Adjustment\ContrastNode.cs(6,6): error CS0616: 'TitleAttribute' is not an attribute class
Library\PackageCache\com.unity.shadergraph@14250cfec0ec\Editor\Data\Nodes\Math\Basic\PowerNode.cs(5,6): error CS0616: 'TitleAttribute' is not an attribute class
Library\PackageCache\com.unity.shadergraph@14250cfec0ec\Editor\Data\Nodes\Artistic\Adjustment\HueNode.cs(14,6): error CS0616: 'TitleAttribute' is not an attribute class
Library\PackageCache\com.unity.shadergraph@14250cfec0ec\Editor\Data\Nodes\Math\Basic\SquareRootNode.cs(5,6): error CS0616: 'TitleAttribute' is not an attribute class
Library\PackageCache\com.unity.shadergraph@14250cfec0ec\Editor\Data\Nodes\Input\Gradient\SampleGradientNode.cs(6,6): error CS0616: 'TitleAttribute' is not an attribute class
Library\PackageCache\com.unity.shadergraph@14250cfec0ec\Editor\Data\Nodes\Math\Basic\SubtractNode.cs(5,6): error CS0616: 'TitleAttribute' is not an attribute class
Library\PackageCache\com.unity.shadergraph@14250cfec0ec\Editor\Data\Nodes\Artistic\Adjustment\InvertColorsNode.cs(10,6): error CS0616: 'TitleAttribute' is not an attribute class
Library\PackageCache\com.unity.shadergraph@14250cfec0ec\Editor\Data\Nodes\Math\Derivative\DDXNode.cs(6,6): error CS0616: 'TitleAttribute' is not an attribute class
Library\PackageCache\com.unity.shadergraph@14250cfec0ec\Editor\Data\Nodes\Input\Lighting\AmbientNode.cs(7,6): error CS0616: 'TitleAttribute' is not an attribute class
Library\PackageCache\com.unity.shadergraph@14250cfec0ec\Editor\Data\Nodes\Math\Derivative\DDXYNode.cs(6,6): error CS0616: 'TitleAttribute' is not an attribute class
Library\PackageCache\com.unity.shadergraph@14250cfec0ec\Editor\Data\Nodes\Input\Lighting\BakedGINode.cs(10,6): error CS0616: 'TitleAttribute' is not an attribute class
Library\PackageCache\com.unity.shadergraph@14250cfec0ec\Editor\Data\Nodes\Input\Texture\SampleRawCubemapNode.cs(8,6): error CS0616: 'TitleAttribute' is not an attribute class
Library\PackageCache\com.unity.shadergraph@14250cfec0ec\Editor\Data\Nodes\Math\Derivative\DDYNode.cs(6,6): error CS0616: 'TitleAttribute' is not an attribute class
Library\PackageCache\com.unity.shadergraph@14250cfec0ec\Editor\Data\Nodes\Math\Interpolation\InverseLerpNode.cs(5,6): error CS0616: 'TitleAttribute' is not an attribute class
Library\PackageCache\com.unity.shadergraph@14250cfec0ec\Editor\Data\Nodes\Channel\CombineNode.cs(7,6): error CS0616: 'TitleAttribute' is not an attribute class
Library\PackageCache\com.unity.shadergraph@14250cfec0ec\Editor\Data\Nodes\Input\Texture\SampleTexture2DArrayNode.cs(9,6): error CS0616: 'TitleAttribute' is not an attribute class
Library\PackageCache\com.unity.shadergraph@14250cfec0ec\Editor\Data\Nodes\Artistic\Adjustment\ReplaceColorNode.cs(6,6): error CS0616: 'TitleAttribute' is not an attribute class
Library\PackageCache\com.unity.shadergraph@14250cfec0ec\Editor\Data\Nodes\Math\Trigonometry\CosineNode.cs(5,6): error CS0616: 'TitleAttribute' is not an attribute class
Library\PackageCache\com.unity.shadergraph@14250cfec0ec\Editor\Data\Nodes\Math\Interpolation\LerpNode.cs(5,6): error CS0616: 'TitleAttribute' is not an attribute class
Library\PackageCache\com.unity.shadergraph@14250cfec0ec\Editor\Data\Nodes\Math\Trigonometry\DegreesToRadiansNode.cs(5,6): error CS0616: 'TitleAttribute' is not an attribute class
Library\PackageCache\com.unity.shadergraph@14250cfec0ec\Editor\Data\Nodes\Procedural\Shape\PolygonNode.cs(6,6): error CS0616: 'TitleAttribute' is not an attribute class
Library\PackageCache\com.unity.shadergraph@14250cfec0ec\Editor\Data\Nodes\Math\Interpolation\SmoothstepNode.cs(5,6): error CS0616: 'TitleAttribute' is not an attribute class
Library\PackageCache\com.unity.shadergraph@14250cfec0ec\Editor\Data\Nodes\Artistic\Adjustment\SaturationNode.cs(6,6): error CS0616: 'TitleAttribute' is not an attribute class
Library\PackageCache\com.unity.shadergraph@14250cfec0ec\Editor\Data\Nodes\Input\Lighting\MainLightDirectionNode.cs(6,6): error CS0616: 'TitleAttribute' is not an attribute class
Library\PackageCache\com.unity.shadergraph@14250cfec0ec\Editor\Data\Nodes\Input\Texture\SampleTexture2DLODNode.cs(9,6): error CS0616: 'TitleAttribute' is not an attribute class
Library\PackageCache\com.unity.shadergraph@14250cfec0ec\Editor\Data\Nodes\Math\Trigonometry\HyperbolicCosineNode.cs(5,6): error CS0616: 'TitleAttribute' is not an attribute class
Library\PackageCache\com.unity.shadergraph@14250cfec0ec\Editor\Data\Nodes\Channel\FlipNode.cs(10,6): error CS0616: 'TitleAttribute' is not an attribute class
Library\PackageCache\com.unity.shadergraph@14250cfec0ec\Editor\Data\Nodes\Utility\Logic\ComparisonNode.cs(18,6): error CS0616: 'TitleAttribute' is not an attribute class
Library\PackageCache\com.unity.shadergraph@14250cfec0ec\Editor\Data\Util\KeywordUtil.cs(13,10): error CS0616: 'BuiltinKeyword' is not an attribute class
Library\PackageCache\com.unity.shadergraph@14250cfec0ec\Editor\Data\Nodes\Input\Lighting\ReflectionProbeNode.cs(6,6): error CS0616: 'TitleAttribute' is not an attribute class
Library\PackageCache\com.unity.shadergraph@14250cfec0ec\Editor\Data\Nodes\Artistic\Adjustment\WhiteBalanceNode.cs(6,6): error CS0616: 'TitleAttribute' is not an attribute class
Library\PackageCache\com.unity.shadergraph@14250cfec0ec\Editor\Data\Nodes\Math\Trigonometry\HyperbolicSineNode.cs(5,6): error CS0616: 'TitleAttribute' is not an attribute class
Library\PackageCache\com.unity.shadergraph@14250cfec0ec\Editor\Data\Nodes\Math\Matrix\MatrixConstructionNode.cs(8,6): error CS0616: 'TitleAttribute' is not an attribute class
Library\PackageCache\com.unity.shadergraph@14250cfec0ec\Editor\Data\Nodes\Procedural\Shape\RectangleNode.cs(14,6): error CS0616: 'TitleAttribute' is not an attribute class
Library\PackageCache\com.unity.shadergraph@14250cfec0ec\Editor\Data\Nodes\Math\Trigonometry\HyperbolicTangentNode.cs(5,6): error CS0616: 'TitleAttribute' is not an attribute class
Library\PackageCache\com.unity.shadergraph@14250cfec0ec\Editor\Data\Nodes\Input\Matrix\Matrix2Node.cs(9,6): error CS0616: 'TitleAttribute' is not an attribute class
Library\PackageCache\com.unity.shadergraph@14250cfec0ec\Editor\Data\Nodes\Input\Texture\SampleTexture2DNode.cs(16,6): error CS0616: 'TitleAttribute' is not an attribute class
Library\PackageCache\com.unity.shadergraph@14250cfec0ec\Editor\Data\Nodes\Artistic\Blend\BlendNode.cs(8,6): error CS0616: 'TitleAttribute' is not an attribute class
Library\PackageCache\com.unity.shadergraph@14250cfec0ec\Editor\Data\Nodes\Math\Matrix\MatrixDeterminantNode.cs(6,6): error CS0616: 'TitleAttribute' is not an attribute class
Library\PackageCache\com.unity.shadergraph@14250cfec0ec\Editor\Data\Nodes\Math\Trigonometry\RadiansToDegreesNode.cs(5,6): error CS0616: 'TitleAttribute' is not an attribute class
Library\PackageCache\com.unity.shadergraph@14250cfec0ec\Editor\Data\Nodes\Channel\SplitNode.cs(8,6): error CS0616: 'TitleAttribute' is not an attribute class
Library\PackageCache\com.unity.shadergraph@14250cfec0ec\Editor\Data\Nodes\Math\Trigonometry\SineNode.cs(5,6): error CS0616: 'TitleAttribute' is not an attribute class
Library\PackageCache\com.unity.shadergraph@14250cfec0ec\Editor\Data\Nodes\Procedural\Shape\RoundedPolygonNode.cs(6,6): error CS0616: 'TitleAttribute' is not an attribute class
Library\PackageCache\com.unity.shadergraph@14250cfec0ec\Editor\Data\Nodes\Math\Matrix\MatrixSplitNode.cs(18,6): error CS0616: 'TitleAttribute' is not an attribute class
Library\PackageCache\com.unity.shadergraph@14250cfec0ec\Editor\Data\Nodes\Channel\SwizzleNode.cs(10,6): error CS0616: 'TitleAttribute' is not an attribute class
Library\PackageCache\com.unity.shadergraph@14250cfec0ec\Editor\Data\Nodes\Math\Trigonometry\TangentNode.cs(5,6): error CS0616: 'TitleAttribute' is not an attribute class
Library\PackageCache\com.unity.shadergraph@14250cfec0ec\Editor\Data\Nodes\Input\Matrix\Matrix3Node.cs(9,6): error CS0616: 'TitleAttribute' is not an attribute class
Library\PackageCache\com.unity.shadergraph@14250cfec0ec\Editor\Data\Nodes\Utility\Logic\IsFrontFaceNode.cs(6,6): error CS0616: 'TitleAttribute' is not an attribute class
Library\PackageCache\com.unity.shadergraph@14250cfec0ec\Editor\Data\Nodes\Math\Vector\CrossProductNode.cs(6,6): error CS0616: 'TitleAttribute' is not an attribute class
Library\PackageCache\com.unity.shadergraph@14250cfec0ec\Editor\Data\Nodes\Input\Texture\SampleTexture3DNode.cs(8,6): error CS0616: 'TitleAttribute' is not an attribute class
Library\PackageCache\com.unity.shadergraph@14250cfec0ec\Editor\Drawing\Views\PropertyNodeView.cs(81,10): error CS0246: The type or namespace name 'InspectableAttribute' could not be found (are you missing a using directive or an assembly reference?)
Library\PackageCache\com.unity.shadergraph@14250cfec0ec\Editor\Drawing\Views\PropertyNodeView.cs(81,10): error CS0246: The type or namespace name 'Inspectable' could not be found (are you missing a using directive or an assembly reference?)
Library\PackageCache\com.unity.shadergraph@14250cfec0ec\Editor\Data\Nodes\Procedural\Shape\RoundedRectangleNode.cs(6,6): error CS0616: 'TitleAttribute' is not an attribute class
Library\PackageCache\com.unity.shadergraph@14250cfec0ec\Editor\Data\Nodes\Math\Matrix\MatrixTransposeNode.cs(6,6): error CS0616: 'TitleAttribute' is not an attribute class
Library\PackageCache\com.unity.shadergraph@14250cfec0ec\Editor\Data\Nodes\Utility\Logic\IsInfiniteNode.cs(6,6): error CS0616: 'TitleAttribute' is not an attribute class
Library\PackageCache\com.unity.shadergraph@14250cfec0ec\Editor\Data\Nodes\Math\Vector\DistanceNode.cs(5,6): error CS0616: 'TitleAttribute' is not an attribute class
Library\PackageCache\com.unity.shadergraph@14250cfec0ec\Editor\Data\Nodes\Math\Range\ClampNode.cs(5,6): error CS0616: 'TitleAttribute' is not an attribute class
Library\PackageCache\com.unity.shadergraph@14250cfec0ec\Editor\Data\Nodes\Utility\Logic\IsNanNode.cs(6,6): error CS0616: 'TitleAttribute' is not an attribute class
Library\PackageCache\com.unity.shadergraph@14250cfec0ec\Editor\Data\Nodes\Input\Matrix\Matrix4Node.cs(9,6): error CS0616: 'TitleAttribute' is not an attribute class
Library\PackageCache\com.unity.shadergraph@14250cfec0ec\Editor\Data\Nodes\Math\Vector\DotProductNode.cs(6,6): error CS0616: 'TitleAttribute' is not an attribute class
Library\PackageCache\com.unity.shadergraph@14250cfec0ec\Editor\Data\Nodes\Input\Texture\SampleVirtualTextureNode.cs(16,6): error CS0616: 'TitleAttribute' is not an attribute class
Library\PackageCache\com.unity.shadergraph@14250cfec0ec\Editor\Data\Nodes\Utility\Logic\NandNode.cs(6,6): error CS0616: 'TitleAttribute' is not an attribute class
Library\PackageCache\com.unity.shadergraph@14250cfec0ec\Editor\Data\Nodes\Math\Range\FractionNode.cs(5,6): error CS0616: 'TitleAttribute' is not an attribute class
Library\PackageCache\com.unity.shadergraph@14250cfec0ec\Editor\Drawing\Views\MaterialGraphView.cs(93,10): error CS0246: The type or namespace name 'InspectableAttribute' could not be found (are you missing a using directive or an assembly reference?)
Library\PackageCache\com.unity.shadergraph@14250cfec0ec\Editor\Drawing\Views\MaterialGraphView.cs(93,10): error CS0246: The type or namespace name 'Inspectable' could not be found (are you missing a using directive or an assembly reference?)
Library\PackageCache\com.unity.shadergraph@14250cfec0ec\Editor\Data\Nodes\Math\Vector\FresnelEffectNode.cs(6,6): error CS0616: 'TitleAttribute' is not an attribute class
Library\PackageCache\com.unity.shadergraph@14250cfec0ec\Editor\Drawing\Inspector\PropertyDrawers\BoolPropertyDrawer.cs(10,6): error CS0246: The type or namespace name 'SGPropertyDrawerAttribute' could not be found (are you missing a using directive or an assembly reference?)
Library\PackageCache\com.unity.shadergraph@14250cfec0ec\Editor\Drawing\Inspector\PropertyDrawers\BoolPropertyDrawer.cs(10,6): error CS0246: The type or namespace name 'SGPropertyDrawer' could not be found (are you missing a using directive or an assembly reference?)
Library\PackageCache\com.unity.shadergraph@14250cfec0ec\Editor\Data\Nodes\Math\Range\MaximumNode.cs(5,6): error CS0616: 'TitleAttribute' is not an attribute class
Library\PackageCache\com.unity.shadergraph@14250cfec0ec\Editor\Drawing\Inspector\PropertyDrawers\AbstractMaterialNodePropertyDrawer.cs(20,6): error CS0246: The type or namespace name 'SGPropertyDrawerAttribute' could not be found (are you missing a using directive or an assembly reference?)
Library\PackageCache\com.unity.shadergraph@14250cfec0ec\Editor\Drawing\Inspector\PropertyDrawers\AbstractMaterialNodePropertyDrawer.cs(20,6): error CS0246: The type or namespace name 'SGPropertyDrawer' could not be found (are you missing a using directive or an assembly reference?)
Library\PackageCache\com.unity.shadergraph@14250cfec0ec\Editor\Data\Nodes\Utility\Logic\NotNode.cs(6,6): error CS0616: 'TitleAttribute' is not an attribute class
Library\PackageCache\com.unity.shadergraph@14250cfec0ec\Editor\Drawing\Inspector\PropertyDrawers\BoolPropertyDrawer.cs(45,13): error CS0246: The type or namespace name 'InspectableAttribute' could not be found (are you missing a using directive or an assembly reference?)
Library\PackageCache\com.unity.shadergraph@14250cfec0ec\Editor\Data\Nodes\Math\Vector\ProjectionNode.cs(5,6): error CS0616: 'TitleAttribute' is not an attribute class
Library\PackageCache\com.unity.shadergraph@14250cfec0ec\Editor\Data\Nodes\Math\Range\MinimumNode.cs(5,6): error CS0616: 'TitleAttribute' is not an attribute class
Library\PackageCache\com.unity.shadergraph@14250cfec0ec\Editor\Data\Nodes\Utility\Logic\OrNode.cs(6,6): error CS0616: 'TitleAttribute' is not an attribute class
Library\PackageCache\com.unity.shadergraph@14250cfec0ec\Editor\Drawing\Inspector\PropertyDrawers\AbstractMaterialNodePropertyDrawer.cs(38,60): error CS0246: The type or namespace name 'InspectableAttribute' could not be found (are you missing a using directive or an assembly reference?)
Library\PackageCache\com.unity.shadergraph@14250cfec0ec\Editor\Data\Nodes\Input\Matrix\TransformationMatrixNode.cs(34,6): error CS0616: 'TitleAttribute' is not an attribute class
Library\PackageCache\com.unity.shadergraph@14250cfec0ec\Editor\Drawing\Inspector\PropertyDrawers\ColorPropertyDrawer.cs(10,6): error CS0246: The type or namespace name 'SGPropertyDrawerAttribute' could not be found (are you missing a using directive or an assembly reference?)
Library\PackageCache\com.unity.shadergraph@14250cfec0ec\Editor\Drawing\Inspector\PropertyDrawers\ColorPropertyDrawer.cs(10,6): error CS0246: The type or namespace name 'SGPropertyDrawer' could not be found (are you missing a using directive or an assembly reference?)
Library\PackageCache\com.unity.shadergraph@14250cfec0ec\Editor\Drawing\Inspector\PropertyDrawers\AbstractMaterialNodePropertyDrawer.cs(96,91): error CS0246: The type or namespace name 'InspectableAttribute' could not be found (are you missing a using directive or an assembly reference?)
Library\PackageCache\com.unity.shadergraph@14250cfec0ec\Editor\Data\Nodes\Math\Vector\ReflectionNode.cs(6,6): error CS0616: 'TitleAttribute' is not an attribute class
Library\PackageCache\com.unity.shadergraph@14250cfec0ec\Editor\Data\Nodes\Math\Range\OneMinusNode.cs(5,6): error CS0616: 'TitleAttribute' is not an attribute class
Library\PackageCache\com.unity.shadergraph@14250cfec0ec\Editor\Data\Nodes\Input\Basic\BooleanNode.cs(9,6): error CS0616: 'TitleAttribute' is not an attribute class
Library\PackageCache\com.unity.shadergraph@14250cfec0ec\Editor\Drawing\Inspector\PropertyDrawers\ColorPropertyDrawer.cs(38,91): error CS0246: The type or namespace name 'InspectableAttribute' could not be found (are you missing a using directive or an assembly reference?)
Library\PackageCache\com.unity.shadergraph@14250cfec0ec\Editor\Data\Nodes\Utility\PreviewNode.cs(6,6): error CS0616: 'TitleAttribute' is not an attribute class
Library\PackageCache\com.unity.shadergraph@14250cfec0ec\Editor\Drawing\Inspector\PropertyDrawers\CubemapPropertyDrawer.cs(10,6): error CS0246: The type or namespace name 'SGPropertyDrawerAttribute' could not be found (are you missing a using directive or an assembly reference?)
Library\PackageCache\com.unity.shadergraph@14250cfec0ec\Editor\Drawing\Inspector\PropertyDrawers\CubemapPropertyDrawer.cs(10,6): error CS0246: The type or namespace name 'SGPropertyDrawer' could not be found (are you missing a using directive or an assembly reference?)
Library\PackageCache\com.unity.shadergraph@14250cfec0ec\Editor\Data\Nodes\Math\Range\RandomRangeNode.cs(6,6): error CS0616: 'TitleAttribute' is not an attribute class
Library\PackageCache\com.unity.shadergraph@14250cfec0ec\Editor\Data\Nodes\Math\Vector\RefractNode.cs(18,6): error CS0616: 'TitleAttribute' is not an attribute class
Library\PackageCache\com.unity.shadergraph@14250cfec0ec\Editor\Data\Nodes\Input\PBR\DielectricSpecularNode.cs(21,6): error CS0616: 'TitleAttribute' is not an attribute class
Library\PackageCache\com.unity.shadergraph@14250cfec0ec\Editor\Drawing\Inspector\PropertyDrawers\CubemapPropertyDrawer.cs(39,91): error CS0246: The type or namespace name 'InspectableAttribute' could not be found (are you missing a using directive or an assembly reference?)
Library\PackageCache\com.unity.shadergraph@14250cfec0ec\Editor\Drawing\Inspector\PropertyDrawers\DropdownPropertyDrawer.cs(12,6): error CS0246: The type or namespace name 'SGPropertyDrawerAttribute' could not be found (are you missing a using directive or an assembly reference?)
Library\PackageCache\com.unity.shadergraph@14250cfec0ec\Editor\Drawing\Inspector\PropertyDrawers\DropdownPropertyDrawer.cs(12,6): error CS0246: The type or namespace name 'SGPropertyDrawer' could not be found (are you missing a using directive or an assembly reference?)
Library\PackageCache\com.unity.shadergraph@14250cfec0ec\Editor\Data\Nodes\Input\Basic\ColorNode.cs(19,6): error CS0616: 'TitleAttribute' is not an attribute class
Library\PackageCache\com.unity.shadergraph@14250cfec0ec\Editor\Drawing\Inspector\PropertyDrawers\DropdownPropertyDrawer.cs(39,91): error CS0246: The type or namespace name 'InspectableAttribute' could not be found (are you missing a using directive or an assembly reference?)
Library\PackageCache\com.unity.shadergraph@14250cfec0ec\Editor\Data\Nodes\Input\Texture\SamplerStateNode.cs(9,6): error CS0616: 'TitleAttribute' is not an attribute class
Library\PackageCache\com.unity.shadergraph@14250cfec0ec\Editor\Data\Nodes\Math\Range\RemapNode.cs(6,6): error CS0616: 'TitleAttribute' is not an attribute class
Library\PackageCache\com.unity.shadergraph@14250cfec0ec\Editor\Data\Nodes\Math\Vector\RejectionNode.cs(5,6): error CS0616: 'TitleAttribute' is not an attribute class
Library\PackageCache\com.unity.shadergraph@14250cfec0ec\Editor\Drawing\Inspector\PropertyDrawers\CustomFunctionNodePropertyDrawer.cs(12,6): error CS0246: The type or namespace name 'SGPropertyDrawerAttribute' could not be found (are you missing a using directive or an assembly reference?)
Library\PackageCache\com.unity.shadergraph@14250cfec0ec\Editor\Drawing\Inspector\PropertyDrawers\CustomFunctionNodePropertyDrawer.cs(12,6): error CS0246: The type or namespace name 'SGPropertyDrawer' could not be found (are you missing a using directive or an assembly reference?)
Library\PackageCache\com.unity.shadergraph@14250cfec0ec\Editor\Drawing\Inspector\PropertyDrawers\EnumPropertyDrawer.cs(10,6): error CS0246: The type or namespace name 'SGPropertyDrawerAttribute' could not be found (are you missing a using directive or an assembly reference?)
Library\PackageCache\com.unity.shadergraph@14250cfec0ec\Editor\Drawing\Inspector\PropertyDrawers\EnumPropertyDrawer.cs(10,6): error CS0246: The type or namespace name 'SGPropertyDrawer' could not be found (are you missing a using directive or an assembly reference?)
Library\PackageCache\com.unity.shadergraph@14250cfec0ec\Editor\Data\Nodes\Input\PBR\MetalReflectanceNode.cs(23,6): error CS0616: 'TitleAttribute' is not an attribute class
Library\PackageCache\com.unity.shadergraph@14250cfec0ec\Editor\Drawing\Inspector\PropertyDrawers\CustomFunctionNodePropertyDrawer.cs(24,58): error CS0246: The type or namespace name 'InspectableAttribute' could not be found (are you missing a using directive or an assembly reference?)
Library\PackageCache\com.unity.shadergraph@14250cfec0ec\Editor\Data\Nodes\Math\Vector\RotateAboutAxisNode.cs(8,6): error CS0616: 'TitleAttribute' is not an attribute class
Library\PackageCache\com.unity.shadergraph@14250cfec0ec\Editor\Data\Nodes\UV\FlipbookNode.cs(11,6): error CS0616: 'TitleAttribute' is not an attribute class
Library\PackageCache\com.unity.shadergraph@14250cfec0ec\Editor\Data\Nodes\Input\Basic\ConstantNode.cs(18,6): error CS0616: 'TitleAttribute' is not an attribute class
Library\PackageCache\com.unity.shadergraph@14250cfec0ec\Editor\Data\Nodes\Math\Range\SaturateNode.cs(5,6): error CS0616: 'TitleAttribute' is not an attribute class
Library\PackageCache\com.unity.shadergraph@14250cfec0ec\Editor\Drawing\Inspector\PropertyDrawers\CustomFunctionNodePropertyDrawer.cs(51,13): error CS0246: The type or namespace name 'InspectableAttribute' could not be found (are you missing a using directive or an assembly reference?)
Library\PackageCache\com.unity.shadergraph@14250cfec0ec\Editor\Drawing\Inspector\PropertyDrawers\EnumPropertyDrawer.cs(46,13): error CS0246: The type or namespace name 'InspectableAttribute' could not be found (are you missing a using directive or an assembly reference?)
Library\PackageCache\com.unity.shadergraph@14250cfec0ec\Editor\Drawing\Views\MaterialNodeView.cs(345,10): error CS0246: The type or namespace name 'InspectableAttribute' could not be found (are you missing a using directive or an assembly reference?)
Library\PackageCache\com.unity.shadergraph@14250cfec0ec\Editor\Drawing\Views\MaterialNodeView.cs(345,10): error CS0246: The type or namespace name 'Inspectable' could not be found (are you missing a using directive or an assembly reference?)
Library\PackageCache\com.unity.shadergraph@14250cfec0ec\Editor\Data\Nodes\Input\Texture\TexelSizeNode.cs(9,6): error CS0616: 'TitleAttribute' is not an attribute class
Library\PackageCache\com.unity.shadergraph@14250cfec0ec\Editor\Data\Nodes\Utility\SplitTextureTransformNode.cs(6,6): error CS0616: 'TitleAttribute' is not an attribute class
Library\PackageCache\com.unity.shadergraph@14250cfec0ec\Editor\Data\Nodes\Math\Round\CeilingNode.cs(5,6): error CS0616: 'TitleAttribute' is not an attribute class
Library\PackageCache\com.unity.shadergraph@14250cfec0ec\Editor\Data\Nodes\Input\PropertyNode.cs(13,6): error CS0616: 'TitleAttribute' is not an attribute class
Library\PackageCache\com.unity.shadergraph@14250cfec0ec\Editor\Data\Nodes\Input\Basic\IntegerNode.cs(9,6): error CS0616: 'TitleAttribute' is not an attribute class
Library\PackageCache\com.unity.shadergraph@14250cfec0ec\Editor\Drawing\Inspector\PropertyDrawers\FloatPropertyDrawer.cs(9,6): error CS0246: The type or namespace name 'SGPropertyDrawerAttribute' could not be found (are you missing a using directive or an assembly reference?)
Library\PackageCache\com.unity.shadergraph@14250cfec0ec\Editor\Drawing\Inspector\PropertyDrawers\FloatPropertyDrawer.cs(9,6): error CS0246: The type or namespace name 'SGPropertyDrawer' could not be found (are you missing a using directive or an assembly reference?)
Library\PackageCache\com.unity.shadergraph@14250cfec0ec\Editor\Data\Nodes\Math\Round\FloorNode.cs(5,6): error CS0616: 'TitleAttribute' is not an attribute class
Library\PackageCache\com.unity.shadergraph@14250cfec0ec\Editor\Data\Nodes\Input\Texture\Texture2DArrayAssetNode.cs(9,6): error CS0616: 'TitleAttribute' is not an attribute class
Library\PackageCache\com.unity.shadergraph@14250cfec0ec\Editor\Drawing\Inspector\PropertyDrawers\GraphDataPropertyDrawer.cs(16,6): error CS0246: The type or namespace name 'SGPropertyDrawerAttribute' could not be found (are you missing a using directive or an assembly reference?)
Library\PackageCache\com.unity.shadergraph@14250cfec0ec\Editor\Drawing\Inspector\PropertyDrawers\GraphDataPropertyDrawer.cs(16,6): error CS0246: The type or namespace name 'SGPropertyDrawer' could not be found (are you missing a using directive or an assembly reference?)
Library\PackageCache\com.unity.shadergraph@14250cfec0ec\Editor\Data\Nodes\Math\Vector\SphereMaskNode.cs(6,6): error CS0616: 'TitleAttribute' is not an attribute class
Library\PackageCache\com.unity.shadergraph@14250cfec0ec\Editor\Data\Nodes\Utility\SubGraphNode.cs(12,6): error CS0616: 'TitleAttribute' is not an attribute class
Library\PackageCache\com.unity.shadergraph@14250cfec0ec\Editor\Data\Nodes\UV\ParallaxMappingNode.cs(18,6): error CS0616: 'TitleAttribute' is not an attribute class
Library\PackageCache\com.unity.shadergraph@14250cfec0ec\Editor\Data\Nodes\Math\Round\RoundNode.cs(5,6): error CS0616: 'TitleAttribute' is not an attribute class
Library\PackageCache\com.unity.shadergraph@14250cfec0ec\Editor\Data\Nodes\Input\Basic\SliderNode.cs(10,6): error CS0616: 'TitleAttribute' is not an attribute class
Library\PackageCache\com.unity.shadergraph@14250cfec0ec\Editor\Data\Nodes\Input\Scene\CameraNode.cs(6,6): error CS0616: 'TitleAttribute' is not an attribute class
Library\PackageCache\com.unity.shadergraph@14250cfec0ec\Editor\Drawing\Inspector\PropertyDrawers\GraphDataPropertyDrawer.cs(270,91): error CS0246: The type or namespace name 'InspectableAttribute' could not be found (are you missing a using directive or an assembly reference?)
Library\PackageCache\com.unity.shadergraph@14250cfec0ec\Editor\Data\Nodes\Math\Round\SignNode.cs(5,6): error CS0616: 'TitleAttribute' is not an attribute class
Library\PackageCache\com.unity.shadergraph@14250cfec0ec\Editor\Data\Nodes\Input\Texture\Texture2DAssetNode.cs(9,6): error CS0616: 'TitleAttribute' is not an attribute class
Library\PackageCache\com.unity.shadergraph@14250cfec0ec\Editor\Data\Nodes\Math\Round\StepNode.cs(5,6): error CS0616: 'TitleAttribute' is not an attribute class
Library\PackageCache\com.unity.shadergraph@14250cfec0ec\Editor\Data\Nodes\UV\ParallaxOcclusionMappingNode.cs(10,6): error CS0616: 'TitleAttribute' is not an attribute class
Library\PackageCache\com.unity.shadergraph@14250cfec0ec\Editor\Data\Nodes\Input\Basic\TimeNode.cs(6,6): error CS0616: 'TitleAttribute' is not an attribute class
Library\PackageCache\com.unity.shadergraph@14250cfec0ec\Editor\Data\Nodes\Input\Scene\EyeIndexNode.cs(5,6): error CS0616: 'TitleAttribute' is not an attribute class
Library\PackageCache\com.unity.shadergraph@14250cfec0ec\Editor\Data\Nodes\Math\Vector\TransformNode.cs(35,6): error CS0616: 'TitleAttribute' is not an attribute class
Library\PackageCache\com.unity.shadergraph@14250cfec0ec\Editor\Data\Nodes\Math\Round\TruncateNode.cs(5,6): error CS0616: 'TitleAttribute' is not an attribute class
Library\PackageCache\com.unity.shadergraph@14250cfec0ec\Editor\Data\Nodes\Input\Basic\Vector1Node.cs(10,6): error CS0616: 'TitleAttribute' is not an attribute class
Library\PackageCache\com.unity.shadergraph@14250cfec0ec\Editor\Data\Nodes\Input\Scene\FogNode.cs(6,6): error CS0616: 'TitleAttribute' is not an attribute class
Library\PackageCache\com.unity.shadergraph@14250cfec0ec\Editor\Drawing\Inspector\PropertyDrawers\IntegerPropertyDrawer.cs(10,6): error CS0246: The type or namespace name 'SGPropertyDrawerAttribute' could not be found (are you missing a using directive or an assembly reference?)
Library\PackageCache\com.unity.shadergraph@14250cfec0ec\Editor\Drawing\Inspector\PropertyDrawers\IntegerPropertyDrawer.cs(10,6): error CS0246: The type or namespace name 'SGPropertyDrawer' could not be found (are you missing a using directive or an assembly reference?)
Library\PackageCache\com.unity.shadergraph@14250cfec0ec\Editor\Data\Nodes\Input\Texture\Texture3DAssetNode.cs(9,6): error CS0616: 'TitleAttribute' is not an attribute class
Library\PackageCache\com.unity.shadergraph@14250cfec0ec\Editor\Data\Nodes\Artistic\Filter\DitherNode.cs(6,6): error CS0616: 'TitleAttribute' is not an attribute class
Library\PackageCache\com.unity.shadergraph@14250cfec0ec\Editor\Data\Nodes\Math\Trigonometry\ArccosineNode.cs(5,6): error CS0616: 'TitleAttribute' is not an attribute class
Library\PackageCache\com.unity.shadergraph@14250cfec0ec\Editor\Data\Nodes\Input\Basic\Vector2Node.cs(10,6): error CS0616: 'TitleAttribute' is not an attribute class
Library\PackageCache\com.unity.shadergraph@14250cfec0ec\Editor\Drawing\Inspector\PropertyDrawers\IntegerPropertyDrawer.cs(40,91): error CS0246: The type or namespace name 'InspectableAttribute' could not be found (are you missing a using directive or an assembly reference?)
Library\PackageCache\com.unity.shadergraph@14250cfec0ec\Editor\Data\Nodes\Input\Scene\ObjectNode.cs(6,6): error CS0616: 'TitleAttribute' is not an attribute class
Library\PackageCache\com.unity.shadergraph@14250cfec0ec\Editor\Data\Nodes\Math\Wave\NoiseSineWaveNode.cs(6,6): error CS0616: 'TitleAttribute' is not an attribute class
Library\PackageCache\com.unity.shadergraph@14250cfec0ec\Editor\Data\Nodes\UV\PolarCoordinatesNode.cs(6,6): error CS0616: 'TitleAttribute' is not an attribute class
Library\PackageCache\com.unity.shadergraph@14250cfec0ec\Editor\Data\Nodes\Math\Trigonometry\ArcsineNode.cs(5,6): error CS0616: 'TitleAttribute' is not an attribute class
Library\PackageCache\com.unity.shadergraph@14250cfec0ec\Editor\Data\Nodes\Artistic\Filter\FadeTransitionNode.cs(9,6): error CS0616: 'TitleAttribute' is not an attribute class
Library\PackageCache\com.unity.shadergraph@14250cfec0ec\Editor\Drawing\Inspector\PropertyDrawers\MatrixPropertyDrawer.cs(9,6): error CS0246: The type or namespace name 'SGPropertyDrawerAttribute' could not be found (are you missing a using directive or an assembly reference?)
Library\PackageCache\com.unity.shadergraph@14250cfec0ec\Editor\Drawing\Inspector\PropertyDrawers\MatrixPropertyDrawer.cs(9,6): error CS0246: The type or namespace name 'SGPropertyDrawer' could not be found (are you missing a using directive or an assembly reference?)
Library\PackageCache\com.unity.shadergraph@14250cfec0ec\Editor\Data\Nodes\Input\Basic\Vector3Node.cs(9,6): error CS0616: 'TitleAttribute' is not an attribute class
Library\PackageCache\com.unity.shadergraph@14250cfec0ec\Editor\Data\Nodes\Input\Scene\SceneColorNode.cs(6,6): error CS0616: 'TitleAttribute' is not an attribute class
Library\PackageCache\com.unity.shadergraph@14250cfec0ec\Editor\Data\Nodes\Math\Trigonometry\Arctangent2Node.cs(5,6): error CS0616: 'TitleAttribute' is not an attribute class
Library\PackageCache\com.unity.shadergraph@14250cfec0ec\Editor\Data\Nodes\UV\RadialShearNode.cs(6,6): error CS0616: 'TitleAttribute' is not an attribute class
Library\PackageCache\com.unity.shadergraph@14250cfec0ec\Editor\Data\Nodes\Artistic\Mask\ChannelMaskNode.cs(16,6): error CS0616: 'TitleAttribute' is not an attribute class
Library\PackageCache\com.unity.shadergraph@14250cfec0ec\Editor\Drawing\Inspector\PropertyDrawers\MatrixPropertyDrawer.cs(362,91): error CS0246: The type or namespace name 'InspectableAttribute' could not be found (are you missing a using directive or an assembly reference?)
Library\PackageCache\com.unity.shadergraph@14250cfec0ec\Editor\Data\Nodes\Math\Wave\SawtoothWaveNode.cs(5,6): error CS0616: 'TitleAttribute' is not an attribute class
Library\PackageCache\com.unity.shadergraph@14250cfec0ec\Editor\Data\Nodes\Input\Basic\Vector4Node.cs(9,6): error CS0616: 'TitleAttribute' is not an attribute class
Library\PackageCache\com.unity.shadergraph@14250cfec0ec\Editor\Data\Nodes\Math\Trigonometry\ArctangentNode.cs(5,6): error CS0616: 'TitleAttribute' is not an attribute class
Library\PackageCache\com.unity.shadergraph@14250cfec0ec\Editor\Data\Nodes\Input\Scene\SceneDepthDifferenceNode.cs(13,6): error CS0616: 'TitleAttribute' is not an attribute class
Library\PackageCache\com.unity.shadergraph@14250cfec0ec\Editor\Data\Nodes\LegacyUnknownTypeNode.cs(16,6): error CS0246: The type or namespace name 'NeverAllowedByTargetAttribute' could not be found (are you missing a using directive or an assembly reference?)
Library\PackageCache\com.unity.shadergraph@14250cfec0ec\Editor\Data\Nodes\LegacyUnknownTypeNode.cs(16,6): error CS0246: The type or namespace name 'NeverAllowedByTarget' could not be found (are you missing a using directive or an assembly reference?)
Library\PackageCache\com.unity.shadergraph@14250cfec0ec\Editor\Data\Nodes\Math\Wave\SquareWaveNode.cs(5,6): error CS0616: 'TitleAttribute' is not an attribute class
Library\PackageCache\com.unity.shadergraph@14250cfec0ec\Editor\Data\Nodes\Math\Advanced\AbsoluteNode.cs(5,6): error CS0616: 'TitleAttribute' is not an attribute class
Library\PackageCache\com.unity.shadergraph@14250cfec0ec\Editor\Data\Nodes\Procedural\Noise\SimpleNoiseNode.cs(9,6): error CS0616: 'TitleAttribute' is not an attribute class
Library\PackageCache\com.unity.shadergraph@14250cfec0ec\Editor\Data\Nodes\UV\RotateNode.cs(14,6): error CS0616: 'TitleAttribute' is not an attribute class
Library\PackageCache\com.unity.shadergraph@14250cfec0ec\Editor\Drawing\Inspector\PropertyDrawers\PositionNodePropertyDrawer.cs(9,6): error CS0246: The type or namespace name 'SGPropertyDrawerAttribute' could not be found (are you missing a using directive or an assembly reference?)
Library\PackageCache\com.unity.shadergraph@14250cfec0ec\Editor\Drawing\Inspector\PropertyDrawers\PositionNodePropertyDrawer.cs(9,6): error CS0246: The type or namespace name 'SGPropertyDrawer' could not be found (are you missing a using directive or an assembly reference?)
Library\PackageCache\com.unity.shadergraph@14250cfec0ec\Editor\Data\Nodes\Artistic\Mask\ColorMaskNode.cs(6,6): error CS0616: 'TitleAttribute' is not an attribute class
Library\PackageCache\com.unity.shadergraph@14250cfec0ec\Editor\Data\Nodes\Input\CustomInterpolatorNode.cs(12,6): error CS0616: 'TitleAttribute' is not an attribute class
Library\PackageCache\com.unity.shadergraph@14250cfec0ec\Editor\Data\Nodes\Math\Wave\TriangleWaveNode.cs(5,6): error CS0616: 'TitleAttribute' is not an attribute class
Library\PackageCache\com.unity.shadergraph@14250cfec0ec\Editor\Data\Nodes\Artistic\Normal\NormalBlendNode.cs(15,6): error CS0616: 'TitleAttribute' is not an attribute class
Library\PackageCache\com.unity.shadergraph@14250cfec0ec\Editor\Data\Nodes\Math\Advanced\ExponentialNode.cs(14,6): error CS0616: 'TitleAttribute' is not an attribute class
Library\PackageCache\com.unity.shadergraph@14250cfec0ec\Editor\Drawing\Inspector\PropertyDrawers\SampleTexture2DArrayNodePropertyDrawer.cs(13,6): error CS0246: The type or namespace name 'SGPropertyDrawerAttribute' could not be found (are you missing a using directive or an assembly reference?)
Library\PackageCache\com.unity.shadergraph@14250cfec0ec\Editor\Drawing\Inspector\PropertyDrawers\SampleTexture2DArrayNodePropertyDrawer.cs(13,6): error CS0246: The type or namespace name 'SGPropertyDrawer' could not be found (are you missing a using directive or an assembly reference?)
Library\PackageCache\com.unity.shadergraph@14250cfec0ec\Editor\Data\Nodes\MeshDeformation\ComputeDeformNode.cs(7,6): error CS0616: 'TitleAttribute' is not an attribute class
Library\PackageCache\com.unity.shadergraph@14250cfec0ec\Editor\Drawing\Inspector\PropertyDrawers\FloatPropertyDrawer.cs(39,91): error CS0246: The type or namespace name 'InspectableAttribute' could not be found (are you missing a using directive or an assembly reference?)
Library\PackageCache\com.unity.shadergraph@14250cfec0ec\Editor\Data\Nodes\Input\Geometry\NormalVectorNode.cs(8,6): error CS0616: 'TitleAttribute' is not an attribute class
Library\PackageCache\com.unity.shadergraph@14250cfec0ec\Editor\Data\Nodes\Input\Geometry\BitangentVectorNode.cs(7,6): error CS0616: 'TitleAttribute' is not an attribute class
Library\PackageCache\com.unity.shadergraph@14250cfec0ec\Editor\Data\Nodes\Procedural\Noise\VoronoiNode.cs(10,6): error CS0616: 'TitleAttribute' is not an attribute class
Library\PackageCache\com.unity.shadergraph@14250cfec0ec\Editor\Drawing\Inspector\PropertyDrawers\SampleTexture2DNodePropertyDrawer.cs(13,6): error CS0246: The type or namespace name 'SGPropertyDrawerAttribute' could not be found (are you missing a using directive or an assembly reference?)
Library\PackageCache\com.unity.shadergraph@14250cfec0ec\Editor\Drawing\Inspector\PropertyDrawers\SampleTexture2DNodePropertyDrawer.cs(13,6): error CS0246: The type or namespace name 'SGPropertyDrawer' could not be found (are you missing a using directive or an assembly reference?)
Library\PackageCache\com.unity.shadergraph@14250cfec0ec\Editor\Data\Nodes\UV\SpherizeNode.cs(6,6): error CS0616: 'TitleAttribute' is not an attribute class
Library\PackageCache\com.unity.shadergraph@14250cfec0ec\Editor\Data\Nodes\Math\Advanced\LengthNode.cs(5,6): error CS0616: 'TitleAttribute' is not an attribute class
Library\PackageCache\com.unity.shadergraph@14250cfec0ec\Editor\Data\Nodes\Input\Geometry\PositionNode.cs(13,6): error CS0616: 'TitleAttribute' is not an attribute class
Library\PackageCache\com.unity.shadergraph@14250cfec0ec\Editor\Data\Nodes\Input\Geometry\InstanceIDNode.cs(5,6): error CS0616: 'TitleAttribute' is not an attribute class
Library\PackageCache\com.unity.shadergraph@14250cfec0ec\Editor\Drawing\Inspector\PropertyDrawers\GradientPropertyDrawer.cs(10,6): error CS0246: The type or namespace name 'SGPropertyDrawerAttribute' could not be found (are you missing a using directive or an assembly reference?)
Library\PackageCache\com.unity.shadergraph@14250cfec0ec\Editor\Drawing\Inspector\PropertyDrawers\GradientPropertyDrawer.cs(10,6): error CS0246: The type or namespace name 'SGPropertyDrawer' could not be found (are you missing a using directive or an assembly reference?)
Library\PackageCache\com.unity.shadergraph@14250cfec0ec\Editor\Data\Nodes\Input\Scene\SceneDepthNode.cs(15,6): error CS0616: 'TitleAttribute' is not an attribute class
Library\PackageCache\com.unity.shadergraph@14250cfec0ec\Editor\Data\Nodes\Artistic\Normal\NormalFromHeightNode.cs(16,6): error CS0616: 'TitleAttribute' is not an attribute class
Library\PackageCache\com.unity.shadergraph@14250cfec0ec\Editor\Data\Nodes\MeshDeformation\LinearBlendSkinningNode.cs(7,6): error CS0616: 'TitleAttribute' is not an attribute class
Library\PackageCache\com.unity.shadergraph@14250cfec0ec\Editor\Data\Nodes\Math\Advanced\LogNode.cs(15,6): error CS0616: 'TitleAttribute' is not an attribute class
Library\PackageCache\com.unity.shadergraph@14250cfec0ec\Editor\Drawing\Inspector\PropertyDrawers\SampleTexture3DNodePropertyDrawer.cs(13,6): error CS0246: The type or namespace name 'SGPropertyDrawerAttribute' could not be found (are you missing a using directive or an assembly reference?)
Library\PackageCache\com.unity.shadergraph@14250cfec0ec\Editor\Drawing\Inspector\PropertyDrawers\SampleTexture3DNodePropertyDrawer.cs(13,6): error CS0246: The type or namespace name 'SGPropertyDrawer' could not be found (are you missing a using directive or an assembly reference?)
Library\PackageCache\com.unity.shadergraph@14250cfec0ec\Editor\Data\Nodes\Math\Advanced\ReciprocalNode.cs(14,6): error CS0616: 'TitleAttribute' is not an attribute class
Library\PackageCache\com.unity.shadergraph@14250cfec0ec\Editor\Drawing\Inspector\PropertyDrawers\GradientPropertyDrawer.cs(40,91): error CS0246: The type or namespace name 'InspectableAttribute' could not be found (are you missing a using directive or an assembly reference?)
Library\PackageCache\com.unity.shadergraph@14250cfec0ec\Editor\Data\Nodes\UV\TilingAndOffsetNode.cs(6,6): error CS0616: 'TitleAttribute' is not an attribute class
Library\PackageCache\com.unity.shadergraph@14250cfec0ec\Editor\Data\Nodes\Input\Geometry\ScreenPositionNode.cs(7,6): error CS0616: 'TitleAttribute' is not an attribute class
Library\PackageCache\com.unity.shadergraph@14250cfec0ec\Editor\Data\Nodes\Procedural\Shape\EllipseNode.cs(6,6): error CS0616: 'TitleAttribute' is not an attribute class
Library\PackageCache\com.unity.shadergraph@14250cfec0ec\Editor\Data\Nodes\Utility\Logic\AnyNode.cs(6,6): error CS0616: 'TitleAttribute' is not an attribute class
Library\PackageCache\com.unity.shadergraph@14250cfec0ec\Editor\Drawing\Inspector\PropertyDrawers\SampleVirtualTextureNodePropertyDrawer.cs(17,6): error CS0246: The type or namespace name 'SGPropertyDrawerAttribute' could not be found (are you missing a using directive or an assembly reference?)
Library\PackageCache\com.unity.shadergraph@14250cfec0ec\Editor\Drawing\Inspector\PropertyDrawers\SampleVirtualTextureNodePropertyDrawer.cs(17,6): error CS0246: The type or namespace name 'SGPropertyDrawer' could not be found (are you missing a using directive or an assembly reference?)
Library\PackageCache\com.unity.shadergraph@14250cfec0ec\Editor\Data\Nodes\UV\TriplanarNode.cs(9,6): error CS0616: 'TitleAttribute' is not an attribute class
Library\PackageCache\com.unity.shadergraph@14250cfec0ec\Editor\Data\Nodes\Math\Advanced\ReciprocalSquareRootNode.cs(5,6): error CS0616: 'TitleAttribute' is not an attribute class
Library\PackageCache\com.unity.shadergraph@14250cfec0ec\Editor\Data\Nodes\Input\Scene\ScreenNode.cs(6,6): error CS0616: 'TitleAttribute' is not an attribute class
Library\PackageCache\com.unity.shadergraph@14250cfec0ec\Editor\Data\Nodes\Math\Advanced\ModuloNode.cs(5,6): error CS0616: 'TitleAttribute' is not an attribute class
Library\PackageCache\com.unity.shadergraph@14250cfec0ec\Editor\Drawing\Inspector\PropertyDrawers\SampleVirtualTextureNodePropertyDrawer.cs(20,64): error CS0246: The type or namespace name 'InspectableAttribute' could not be found (are you missing a using directive or an assembly reference?)
Library\PackageCache\com.unity.shadergraph@14250cfec0ec\Editor\Data\Nodes\NodeClassCache.cs(55,46): error CS0246: The type or namespace name 'ContextFilterableAttribute' could not be found (are you missing a using directive or an assembly reference?)
Library\PackageCache\com.unity.shadergraph@14250cfec0ec\Editor\Data\Nodes\Utility\Logic\BranchNode.cs(6,6): error CS0616: 'TitleAttribute' is not an attribute class
Library\PackageCache\com.unity.shadergraph@14250cfec0ec\Editor\Data\Nodes\Math\Basic\AddNode.cs(5,6): error CS0616: 'TitleAttribute' is not an attribute class
Library\PackageCache\com.unity.shadergraph@14250cfec0ec\Editor\Data\Nodes\Input\Texture\CalculateLevelOfDetailTexture2DNode.cs(9,6): error CS0616: 'TitleAttribute' is not an attribute class
Library\PackageCache\com.unity.shadergraph@14250cfec0ec\Editor\Data\Nodes\NodeClassCache.cs(112,35): error CS0246: The type or namespace name 'ContextFilterableAttribute' could not be found (are you missing a using directive or an assembly reference?)
Library\PackageCache\com.unity.shadergraph@14250cfec0ec\Editor\Drawing\Inspector\PropertyDrawers\SampleVirtualTextureNodePropertyDrawer.cs(137,13): error CS0246: The type or namespace name 'InspectableAttribute' could not be found (are you missing a using directive or an assembly reference?)
Library\PackageCache\com.unity.shadergraph@14250cfec0ec\Editor\Data\Nodes\NodeClassCache.cs(54,46): error CS0246: The type or namespace name 'ContextFilterableAttribute' could not be found (are you missing a using directive or an assembly reference?)
Library\PackageCache\com.unity.shadergraph@14250cfec0ec\Editor\Data\Nodes\Math\Advanced\NegateNode.cs(5,6): error CS0616: 'TitleAttribute' is not an attribute class
Library\PackageCache\com.unity.shadergraph@14250cfec0ec\Editor\Data\Nodes\Utility\Logic\BranchOnInputConnection.cs(9,6): error CS0616: 'TitleAttribute' is not an attribute class
Library\PackageCache\com.unity.shadergraph@14250cfec0ec\Editor\Drawing\Inspector\PropertyDrawers\ShaderInputPropertyDrawer.cs(152,13): error CS0246: The type or namespace name 'InspectableAttribute' could not be found (are you missing a using directive or an assembly reference?)
Library\PackageCache\com.unity.shadergraph@14250cfec0ec\Editor\Data\Nodes\NodeClassCache.cs(129,76): error CS0246: The type or namespace name 'ContextFilterableAttribute' could not be found (are you missing a using directive or an assembly reference?)
Library\PackageCache\com.unity.shadergraph@14250cfec0ec\Editor\Data\Nodes\Math\Advanced\NormalizeNode.cs(5,6): error CS0616: 'TitleAttribute' is not an attribute class
Library\PackageCache\com.unity.shadergraph@14250cfec0ec\Editor\Drawing\Inspector\PropertyDrawers\SamplerStateNodePropertyDrawer.cs(9,6): error CS0246: The type or namespace name 'SGPropertyDrawerAttribute' could not be found (are you missing a using directive or an assembly reference?)
Library\PackageCache\com.unity.shadergraph@14250cfec0ec\Editor\Drawing\Inspector\PropertyDrawers\SamplerStateNodePropertyDrawer.cs(9,6): error CS0246: The type or namespace name 'SGPropertyDrawer' could not be found (are you missing a using directive or an assembly reference?)
Library\PackageCache\com.unity.shadergraph@14250cfec0ec\Editor\Data\Nodes\UV\TwirlNode.cs(6,6): error CS0616: 'TitleAttribute' is not an attribute class
Library\PackageCache\com.unity.shadergraph@14250cfec0ec\Editor\Data\Nodes\Procedural\CheckerboardNode.cs(6,6): error CS0616: 'TitleAttribute' is not an attribute class
Library\PackageCache\com.unity.shadergraph@14250cfec0ec\Editor\Data\Nodes\Math\Advanced\PosterizeNode.cs(5,6): error CS0616: 'TitleAttribute' is not an attribute class
Library\PackageCache\com.unity.shadergraph@14250cfec0ec\Editor\Drawing\Inspector\PropertyDrawers\Texture2DPropertyDrawer.cs(10,6): error CS0246: The type or namespace name 'SGPropertyDrawerAttribute' could not be found (are you missing a using directive or an assembly reference?)
Library\PackageCache\com.unity.shadergraph@14250cfec0ec\Editor\Drawing\Inspector\PropertyDrawers\Texture2DPropertyDrawer.cs(10,6): error CS0246: The type or namespace name 'SGPropertyDrawer' could not be found (are you missing a using directive or an assembly reference?)
Library\PackageCache\com.unity.shadergraph@14250cfec0ec\Editor\Drawing\Inspector\PropertyDrawers\TextPropertyDrawer.cs(10,6): error CS0246: The type or namespace name 'SGPropertyDrawerAttribute' could not be found (are you missing a using directive or an assembly reference?)
Library\PackageCache\com.unity.shadergraph@14250cfec0ec\Editor\Drawing\Inspector\PropertyDrawers\TextPropertyDrawer.cs(10,6): error CS0246: The type or namespace name 'SGPropertyDrawer' could not be found (are you missing a using directive or an assembly reference?)
Library\PackageCache\com.unity.shadergraph@14250cfec0ec\Editor\Drawing\Inspector\PropertyDrawers\Texture2DPropertyDrawer.cs(39,91): error CS0246: The type or namespace name 'InspectableAttribute' could not be found (are you missing a using directive or an assembly reference?)
Library\PackageCache\com.unity.shadergraph@14250cfec0ec\Editor\Drawing\Inspector\PropertyDrawers\TextPropertyDrawer.cs(46,91): error CS0246: The type or namespace name 'InspectableAttribute' could not be found (are you missing a using directive or an assembly reference?)
Library\PackageCache\com.unity.shadergraph@14250cfec0ec\Editor\Data\Nodes\Utility\CustomFunctionNode.cs(15,6): error CS0616: 'TitleAttribute' is not an attribute class
Library\PackageCache\com.unity.shadergraph@14250cfec0ec\Editor\Data\Nodes\Procedural\Noise\GradientNoiseNode.cs(9,6): error CS0616: 'TitleAttribute' is not an attribute class
Library\PackageCache\com.unity.shadergraph@14250cfec0ec\Editor\Drawing\Inspector\PropertyDrawers\Texture3DPropertyDrawer.cs(10,6): error CS0246: The type or namespace name 'SGPropertyDrawerAttribute' could not be found (are you missing a using directive or an assembly reference?)
Library\PackageCache\com.unity.shadergraph@14250cfec0ec\Editor\Drawing\Inspector\PropertyDrawers\Texture3DPropertyDrawer.cs(10,6): error CS0246: The type or namespace name 'SGPropertyDrawer' could not be found (are you missing a using directive or an assembly reference?)
Library\PackageCache\com.unity.shadergraph@14250cfec0ec\Editor\Drawing\Inspector\PropertyDrawers\ToggleDataPropertyDrawer.cs(11,6): error CS0246: The type or namespace name 'SGPropertyDrawerAttribute' could not be found (are you missing a using directive or an assembly reference?)
Library\PackageCache\com.unity.shadergraph@14250cfec0ec\Editor\Drawing\Inspector\PropertyDrawers\ToggleDataPropertyDrawer.cs(11,6): error CS0246: The type or namespace name 'SGPropertyDrawer' could not be found (are you missing a using directive or an assembly reference?)
Library\PackageCache\com.unity.shadergraph@14250cfec0ec\Editor\Drawing\Inspector\PropertyDrawers\Texture3DPropertyDrawer.cs(39,91): error CS0246: The type or namespace name 'InspectableAttribute' could not be found (are you missing a using directive or an assembly reference?)
Library\PackageCache\com.unity.shadergraph@14250cfec0ec\Editor\Drawing\Inspector\PropertyDrawers\Texture2DArrayPropertyDrawer.cs(10,6): error CS0246: The type or namespace name 'SGPropertyDrawerAttribute' could not be found (are you missing a using directive or an assembly reference?)
Library\PackageCache\com.unity.shadergraph@14250cfec0ec\Editor\Drawing\Inspector\PropertyDrawers\Texture2DArrayPropertyDrawer.cs(10,6): error CS0246: The type or namespace name 'SGPropertyDrawer' could not be found (are you missing a using directive or an assembly reference?)
Library\PackageCache\com.unity.shadergraph@14250cfec0ec\Editor\Drawing\Inspector\PropertyDrawers\TriplanarNodePropertyDrawer.cs(10,6): error CS0246: The type or namespace name 'SGPropertyDrawerAttribute' could not be found (are you missing a using directive or an assembly reference?)
Library\PackageCache\com.unity.shadergraph@14250cfec0ec\Editor\Drawing\Inspector\PropertyDrawers\TriplanarNodePropertyDrawer.cs(10,6): error CS0246: The type or namespace name 'SGPropertyDrawer' could not be found (are you missing a using directive or an assembly reference?)
Library\PackageCache\com.unity.shadergraph@14250cfec0ec\Editor\Drawing\Inspector\PropertyDrawers\Vector2PropertyDrawer.cs(11,6): error CS0246: The type or namespace name 'SGPropertyDrawerAttribute' could not be found (are you missing a using directive or an assembly reference?)
Library\PackageCache\com.unity.shadergraph@14250cfec0ec\Editor\Drawing\Inspector\PropertyDrawers\Vector2PropertyDrawer.cs(11,6): error CS0246: The type or namespace name 'SGPropertyDrawer' could not be found (are you missing a using directive or an assembly reference?)
Library\PackageCache\com.unity.shadergraph@14250cfec0ec\Editor\Drawing\Inspector\PropertyDrawers\Vector3PropertyDrawer.cs(12,6): error CS0246: The type or namespace name 'SGPropertyDrawerAttribute' could not be found (are you missing a using directive or an assembly reference?)
Library\PackageCache\com.unity.shadergraph@14250cfec0ec\Editor\Drawing\Inspector\PropertyDrawers\Vector3PropertyDrawer.cs(12,6): error CS0246: The type or namespace name 'SGPropertyDrawer' could not be found (are you missing a using directive or an assembly reference?)
Library\PackageCache\com.unity.shadergraph@14250cfec0ec\Editor\Drawing\Inspector\PropertyDrawers\ToggleDataPropertyDrawer.cs(48,13): error CS0246: The type or namespace name 'InspectableAttribute' could not be found (are you missing a using directive or an assembly reference?)
Library\PackageCache\com.unity.shadergraph@14250cfec0ec\Editor\Drawing\Inspector\PropertyDrawers\Vector4PropertyDrawer.cs(11,6): error CS0246: The type or namespace name 'SGPropertyDrawerAttribute' could not be found (are you missing a using directive or an assembly reference?)
Library\PackageCache\com.unity.shadergraph@14250cfec0ec\Editor\Drawing\Inspector\PropertyDrawers\Vector4PropertyDrawer.cs(11,6): error CS0246: The type or namespace name 'SGPropertyDrawer' could not be found (are you missing a using directive or an assembly reference?)
Library\PackageCache\com.unity.shadergraph@14250cfec0ec\Editor\Drawing\Inspector\PropertyDrawers\Texture2DArrayPropertyDrawer.cs(39,91): error CS0246: The type or namespace name 'InspectableAttribute' could not be found (are you missing a using directive or an assembly reference?)
Library\PackageCache\com.unity.shadergraph@14250cfec0ec\Editor\Drawing\Inspector\PropertyDrawers\Vector2PropertyDrawer.cs(94,91): error CS0246: The type or namespace name 'InspectableAttribute' could not be found (are you missing a using directive or an assembly reference?)
Library\PackageCache\com.unity.shadergraph@14250cfec0ec\Editor\Drawing\Inspector\PropertyDrawers\Vector3PropertyDrawer.cs(95,91): error CS0246: The type or namespace name 'InspectableAttribute' could not be found (are you missing a using directive or an assembly reference?)
Library\PackageCache\com.unity.shadergraph@14250cfec0ec\Editor\Drawing\Inspector\PropertyDrawers\Vector4PropertyDrawer.cs(94,91): error CS0246: The type or namespace name 'InspectableAttribute' could not be found (are you missing a using directive or an assembly reference?)
Library\PackageCache\com.unity.shadergraph@14250cfec0ec\Editor\Drawing\Inspector\PropertyDrawers\TransformNodePropertyDrawer.cs(10,6): error CS0246: The type or namespace name 'SGPropertyDrawerAttribute' could not be found (are you missing a using directive or an assembly reference?)
Library\PackageCache\com.unity.shadergraph@14250cfec0ec\Editor\Drawing\Inspector\PropertyDrawers\TransformNodePropertyDrawer.cs(10,6): error CS0246: The type or namespace name 'SGPropertyDrawer' could not be found (are you missing a using directive or an assembly reference?)
Library\PackageCache\com.unity.shadergraph@14250cfec0ec\Editor\Data\Nodes\Utility\DropdownNode.cs(12,6): error CS0616: 'TitleAttribute' is not an attribute class
Library\PackageCache\com.unity.shadergraph@14250cfec0ec\Editor\Drawing\Inspector\PropertyDrawers\SubGraphOutputNodePropertyDrawer.cs(12,6): error CS0246: The type or namespace name 'SGPropertyDrawerAttribute' could not be found (are you missing a using directive or an assembly reference?)
Library\PackageCache\com.unity.shadergraph@14250cfec0ec\Editor\Drawing\Inspector\PropertyDrawers\SubGraphOutputNodePropertyDrawer.cs(12,6): error CS0246: The type or namespace name 'SGPropertyDrawer' could not be found (are you missing a using directive or an assembly reference?)
Library\PackageCache\com.unity.shadergraph@14250cfec0ec\Editor\Data\Nodes\Utility\KeywordNode.cs(13,6): error CS0616: 'TitleAttribute' is not an attribute class
Library\PackageCache\com.unity.shadergraph@14250cfec0ec\Editor\Drawing\Inspector\PropertyDrawers\SubGraphOutputNodePropertyDrawer.cs(24,58): error CS0246: The type or namespace name 'InspectableAttribute' could not be found (are you missing a using directive or an assembly reference?)
Library\PackageCache\com.unity.shadergraph@14250cfec0ec\Editor\Drawing\Inspector\PropertyDrawers\SubGraphOutputNodePropertyDrawer.cs(44,13): error CS0246: The type or namespace name 'InspectableAttribute' could not be found (are you missing a using directive or an assembly reference?)
Library\PackageCache\com.unity.shadergraph@14250cfec0ec\Editor\Data\Nodes\Utility\Logic\AllNode.cs(6,6): error CS0616: 'TitleAttribute' is not an attribute class
Library\PackageCache\com.unity.shadergraph@14250cfec0ec\Editor\Serialization\MultiJsonInternal.cs(370,10): error CS0246: The type or namespace name 'NeverAllowedByTargetAttribute' could not be found (are you missing a using directive or an assembly reference?)
Library\PackageCache\com.unity.shadergraph@14250cfec0ec\Editor\Serialization\MultiJsonInternal.cs(370,10): error CS0246: The type or namespace name 'NeverAllowedByTarget' could not be found (are you missing a using directive or an assembly reference?)
Library\PackageCache\com.unity.shadergraph@14250cfec0ec\Editor\Data\Nodes\Utility\Logic\AndNode.cs(6,6): error CS0616: 'TitleAttribute' is not an attribute class
AssetDatabase: script compilation time: 1.129752s
Scripts have compiler errors.
Exiting without the bug reporter. Application will terminate with return code 1