[Licensing::Module] Trying to connect to existing licensing client channel...
Built from '6000.5/staging' branch; Version is '6000.5.5f1 (d16e074b49fd) revision 13725191'; Using compiler version '194234433'; Build Type 'Release'
OS: 'Windows 11  (10.0.26200) Core' Language: 'en' Physical Memory: 15774 MB
BatchMode: 1, IsHumanControllingUs: 0, StartBugReporterOnCrash: 0, Is64bit: 1
System  architecture: x64
Process architecture: x64
Date: 2026-09-14T00:37:36Z
[Licensing::IpcConnector] Channel LicenseClient-Black Steel Innovati doesn't exist
[Licensing::Module] Successfully launched the LicensingClient (PId: 9860)

COMMAND LINE ARGUMENTS:
C:\Program Files\Unity\Hub\Editor\6000.5.5f1\Editor\Unity.exe
-batchmode
-quit
-projectPath
C:\ObsidianProtocol-Autonomous-Warfare\OPAW
-executeMethod
ObsidianMainMenuBuilder.BuildFromBatchMode
-logFile
C:\ObsidianProtocol-Autonomous-Warfare\OPAW\ObsidianMainMenuBuild.log
Successfully changed project path to: C:\ObsidianProtocol-Autonomous-Warfare\OPAW
C:/ObsidianProtocol-Autonomous-Warfare/OPAW
[UnityMemory] Configuration Parameters - Can be set up in boot.config
    "memorysetup-temp-allocator-size-gi-baking-worker=262144"
    "memorysetup-temp-allocator-size-gi-baking-worker=262144"
    "memorysetup-temp-allocator-size-gi-baking-worker=262144"
    "memorysetup-temp-allocator-size-gi-baking-worker=262144"
    "memorysetup-temp-allocator-size-gi-baking-worker=262144"
    "memorysetup-temp-allocator-size-nav-mesh-worker=65536"
    "memorysetup-temp-allocator-size-audio-worker=65536"
    "memorysetup-temp-allocator-size-cloud-worker=32768"
    "memorysetup-temp-allocator-size-gfx=262144"
    "memorysetup-temp-allocator-size-preload-manager=33554432"
    "memorysetup-allocator-temp-initial-block-size-main=262144"
    "memorysetup-allocator-temp-initial-block-size-worker=262144"
    "memorysetup-temp-allocator-size-job-worker=262144"
    "memorysetup-temp-allocator-size-background-worker=32768"
    "memorysetup-bucket-allocator-granularity=16"
    "memorysetup-bucket-allocator-bucket-count=8"
    "memorysetup-bucket-allocator-block-size=33554432"
    "memorysetup-bucket-allocator-block-count=8"
    "memorysetup-main-allocator-block-size=16777216"
    "memorysetup-thread-allocator-block-size=16777216"
    "memorysetup-main-allocator-mimalloc-enabled=0"
    "memorysetup-gfx-main-allocator-block-size=16777216"
    "memorysetup-gfx-thread-allocator-block-size=16777216"
    "memorysetup-cache-allocator-block-size=4194304"
    "memorysetup-typetree-allocator-block-size=2097152"
    "memorysetup-profiler-bucket-allocator-granularity=16"
    "memorysetup-profiler-bucket-allocator-bucket-count=8"
    "memorysetup-profiler-bucket-allocator-block-size=33554432"
    "memorysetup-profiler-bucket-allocator-block-count=8"
    "memorysetup-profiler-allocator-block-size=16777216"
    "memorysetup-profiler-editor-allocator-block-size=1048576"
    "memorysetup-temp-allocator-size-main=16777216"
    "memorysetup-job-temp-allocator-block-size=2097152"
    "memorysetup-job-temp-allocator-block-size-background=1048576"
    "memorysetup-job-temp-allocator-reduction-small-platforms=262144"
Logging is directed to a specific file, skipping project log.Player connection [34892]  Target information:

Player connection [34892]  * "[IP] 192.168.1.183 [Port] 55504 [Flags] 2 [Guid] 1052393606 [EditorId] 1052393606 [Version] 1048832 [Id] WindowsEditor(7,DESKTOP-SJAQRUA) [Debug] 1 [PackageName] WindowsEditor [ProjectName] Editor" 

Player connection [34892] Host joined multi-casting on [225.0.0.222:54997]...
Player connection [34892] Host joined alternative multi-casting on [225.0.0.222:34997]...
Input System module state changed to: Initialized.
[Physics::Module] Initialized fallback backend.
[Physics::Module] Id: 0xdecafbad
[Package Manager] Connected to IPC stream "Upm-32524" after 0.3 seconds.
[Licensing::Module] Licensing is not yet initialized.
[Licensing::IpcConnector] Successfully connected to: "LicenseClient-Black Steel Innovati" at "2026-09-14T00:37:39.1049402Z"
[Licensing::Client] Code 10 while verifying Licensing Client signature (process Id: 9860, path: "C:/Program Files/Unity/Hub/Editor/6000.5.5f1/Editor/Data/Resources/Licensing/Client/Unity.Licensing.Client.exe")
[Licensing::Module] LicensingClient has failed validation; ignoring
[Licensing::Client] Handshaking with LicensingClient:
  Version:                 1.18.1+9fbee8e
  Session Id:              231849205d314458ac7c1c76b284a74e
  Correlation Id:          4d6478f8c1adfbf4181de7a47c2ddaae
  External correlation Id: 4593254264714461316
  Machine Id:              o4qE9YDXKv/POKChpyk5Jlp2Zc4=
[Licensing::Module] Successfully connected to LicensingClient on channel: "LicenseClient-Black Steel Innovati" (connect: 2.91s, validation: 0.21s, handshake: 0.10s)
[Licensing::IpcConnector] Successfully connected to: "LicenseClient-Black Steel Innovati-notifications" at "2026-09-14T00:37:39.410341Z"
[Licensing::Module] Connected to LicensingClient (PId: 9860, launch time: 0.04, total connection time: 3.21s)
[Licensing::Module] Error: Access token is unavailable; failed to update
[Licensing::Client] Successfully resolved entitlement details
[Licensing::Module] License group:
  Id: 2475839770632-UnityPersXXXX
  Product: Unity Personal
  Type: Assigned
  Expiration: Unlimited
[Licensing::Client] Successfully updated license, isAsync: True, time: 0.01
[Licensing::Client] Successfully resolved entitlement details
[Licensing::Module] Licensing Background thread has ended after 3.28s
[Licensing::Module] Licensing is initialized (took 2.80s).
[Licensing::Client] Successfully resolved entitlement details
Library Redirect Path: Library/
Rebuilding Library because the asset database could not be found!
[Physics::Module] Selected backend.
[Physics::Module] Name: PhysX
[Physics::Module] Id: 0xf2b8ea05
[Physics::Module] SDK Version: 4.1.2
[Physics::Module] Integration Version: 1.0.0
[Physics::Module] Threading Mode: Multi-Threaded
Initialize engine version: 6000.5.5f1 (d16e074b49fd)
[Subsystems] Discovering subsystems at path C:/Program Files/Unity/Hub/Editor/6000.5.5f1/Editor/Data/Resources/UnitySubsystems
[Subsystems] Discovering subsystems at path C:/ObsidianProtocol-Autonomous-Warfare/OPAW/Assets
GfxDevice: creating device client; kGfxThreadingModeNonThreaded
Direct3D:
    Version:  Direct3D 11.0 [level 11.1]
    Renderer: NVIDIA GeForce RTX 3050 Ti Laptop GPU (ID=0x25a0)
    Vendor:   NVIDIA
    VRAM:     3962 MB
    Driver:   32.0.16.1088
Initialize mono
Mono path[0] = 'C:/Program Files/Unity/Hub/Editor/6000.5.5f1/Editor/Data/Managed'
Mono path[1] = 'C:/Program Files/Unity/Hub/Editor/6000.5.5f1/Editor/Data/BCLExtensions/runtime/netstandard2.1'
Mono path[2] = 'C:/Program Files/Unity/Hub/Editor/6000.5.5f1/Editor/Data/MonoBleedingEdge/lib/mono/unityjit-win32'
Mono config path = 'C:/Program Files/Unity/Hub/Editor/6000.5.5f1/Editor/Data/MonoBleedingEdge/etc'
Using monoOptions --debugger-agent=transport=dt_socket,embedding=1,server=y,suspend=n,address=127.0.0.1:56524
CodeReloadManager initialized
ImportWorker Server TCP listen port: 0
AcceleratorClientConnectionCallback - disconnected - :0
Begin MonoManager ReloadAssembly
Registering precompiled unity dll's ...
Register platform support module: C:/Program Files/Unity/Hub/Editor/6000.5.5f1/Editor/Data/PlaybackEngines/WebGLSupport/UnityEditor.WebGL.Extensions.dll
Register platform support module: C:/Program Files/Unity/Hub/Editor/6000.5.5f1/Editor/Data/PlaybackEngines/WindowsStandaloneSupport/UnityEditor.WindowsStandalone.Extensions.dll
Registered in 0.002445 seconds.
Native extension for WindowsStandalone target not found
Native extension for WebGL target not found
Package Manager log level set to [2]
ScheduleIndexationOnStartup MainProcess:False IndexOnStartup:False
Mono: successfully reloaded assembly
- Finished resetting the current domain, in  0.470 seconds
Domain Reload Profiling: 1002ms
	BeginReloadAssembly (136ms)
		CreateAndSetChildDomain (6ms)
	RebuildCommonClasses (5ms)
	RebuildNativeTypeToScriptingClass (17ms)
	initialDomainReloadingComplete (70ms)
	LoadAllAssembliesAndSetupDomain (300ms)
		LoadAssemblies (128ms)
		AnalyzeDomain (213ms)
			TypeCache.Refresh (211ms)
				TypeCache.ScanAssembly (196ms)
	FinalizeReload (474ms)
		SetupLoadedEditorAssemblies (0ms)
			InitializePlatformSupportModulesInManaged (3ms)
			BeforeProcessingInitializeOnLoad (101ms)
			ProcessInitializeOnLoadAttributes (124ms)
			ProcessInitializeOnLoadMethodAttributes (161ms)
[Licensing::Client] Successfully resolved entitlement details
Application.AssetDatabase Initial Refresh Start
[Package Manager] Done resolving packages in 59.11 seconds
[Licensing::Client] Successfully resolved entitlement details
[Package Manager] Registered 61 packages:
  Packages from [https://packages.unity.com]:
    com.unity.ai.inference@2.6.1 (location: C:\ObsidianProtocol-Autonomous-Warfare\OPAW\Library\PackageCache\com.unity.ai.inference@9a123aee5df7)
    com.unity.ai.navigation@2.0.14 (location: C:\ObsidianProtocol-Autonomous-Warfare\OPAW\Library\PackageCache\com.unity.ai.navigation@134dd6a3b97b)
    com.unity.collab-proxy@2.13.3 (location: C:\ObsidianProtocol-Autonomous-Warfare\OPAW\Library\PackageCache\com.unity.collab-proxy@4f3be89e8675)
    com.unity.ide.rider@3.0.40 (location: C:\ObsidianProtocol-Autonomous-Warfare\OPAW\Library\PackageCache\com.unity.ide.rider@e4950c6d131b)
    com.unity.ide.visualstudio@2.0.28 (location: C:\ObsidianProtocol-Autonomous-Warfare\OPAW\Library\PackageCache\com.unity.ide.visualstudio@b5edea5f33f4)
    com.unity.inputsystem@1.19.0 (location: C:\ObsidianProtocol-Autonomous-Warfare\OPAW\Library\PackageCache\com.unity.inputsystem@21a28c3a6c83)
    com.unity.timeline@1.8.13 (location: C:\ObsidianProtocol-Autonomous-Warfare\OPAW\Library\PackageCache\com.unity.timeline@3a22918286f5)
    com.unity.visualscripting@1.9.12 (location: C:\ObsidianProtocol-Autonomous-Warfare\OPAW\Library\PackageCache\com.unity.visualscripting@4edfcc09512f)
    com.unity.burst@1.8.29 (location: C:\ObsidianProtocol-Autonomous-Warfare\OPAW\Library\PackageCache\com.unity.burst@6bb9aca3ef38)
    com.unity.dt.app-ui@2.1.7 (location: C:\ObsidianProtocol-Autonomous-Warfare\OPAW\Library\PackageCache\com.unity.dt.app-ui@b097002a00c2)
    com.unity.nuget.newtonsoft-json@3.2.2 (location: C:\ObsidianProtocol-Autonomous-Warfare\OPAW\Library\PackageCache\com.unity.nuget.newtonsoft-json@4dfd81071c64)
    com.unity.searcher@4.9.4 (location: C:\ObsidianProtocol-Autonomous-Warfare\OPAW\Library\PackageCache\com.unity.searcher@d45a78918735)
    com.unity.nuget.mono-cecil@1.11.6 (location: C:\ObsidianProtocol-Autonomous-Warfare\OPAW\Library\PackageCache\com.unity.nuget.mono-cecil@ecb9724e46ff)
    com.unity.test-framework.performance@3.5.0 (location: C:\ObsidianProtocol-Autonomous-Warfare\OPAW\Library\PackageCache\com.unity.test-framework.performance@8b56083ec0f0)
  Built-in packages:
    com.unity.2d.sprite@1.0.0 (location: C:\ObsidianProtocol-Autonomous-Warfare\OPAW\Library\PackageCache\com.unity.2d.sprite@053a968eab56)
    com.unity.multiplayer.center@1.0.1 (location: C:\ObsidianProtocol-Autonomous-Warfare\OPAW\Library\PackageCache\com.unity.multiplayer.center@b860850997d0)
    com.unity.render-pipelines.universal@17.5.0 (location: C:\ObsidianProtocol-Autonomous-Warfare\OPAW\Library\PackageCache\com.unity.render-pipelines.universal@040461d037aa)
    com.unity.test-framework@1.7.0 (location: C:\ObsidianProtocol-Autonomous-Warfare\OPAW\Library\PackageCache\com.unity.test-framework@1405238725ab)
    com.unity.ugui@2.5.0 (location: C:\ObsidianProtocol-Autonomous-Warfare\OPAW\Library\PackageCache\com.unity.ugui@f2d87ebaaa32)
    com.unity.modules.accessibility@1.0.0 (location: C:\ObsidianProtocol-Autonomous-Warfare\OPAW\Library\PackageCache\com.unity.modules.accessibility)
    com.unity.modules.adaptiveperformance@1.0.0 (location: C:\ObsidianProtocol-Autonomous-Warfare\OPAW\Library\PackageCache\com.unity.modules.adaptiveperformance)
    com.unity.modules.ai@1.0.0 (location: C:\ObsidianProtocol-Autonomous-Warfare\OPAW\Library\PackageCache\com.unity.modules.ai)
    com.unity.modules.androidjni@1.0.0 (location: C:\ObsidianProtocol-Autonomous-Warfare\OPAW\Library\PackageCache\com.unity.modules.androidjni)
    com.unity.modules.animation@1.0.0 (location: C:\ObsidianProtocol-Autonomous-Warfare\OPAW\Library\PackageCache\com.unity.modules.animation)
    com.unity.modules.assetbundle@1.0.0 (location: C:\ObsidianProtocol-Autonomous-Warfare\OPAW\Library\PackageCache\com.unity.modules.assetbundle)
    com.unity.modules.audio@1.0.0 (location: C:\ObsidianProtocol-Autonomous-Warfare\OPAW\Library\PackageCache\com.unity.modules.audio)
    com.unity.modules.cloth@1.0.0 (location: C:\ObsidianProtocol-Autonomous-Warfare\OPAW\Library\PackageCache\com.unity.modules.cloth)
    com.unity.modules.director@1.0.0 (location: C:\ObsidianProtocol-Autonomous-Warfare\OPAW\Library\PackageCache\com.unity.modules.director)
    com.unity.modules.imageconversion@1.0.0 (location: C:\ObsidianProtocol-Autonomous-Warfare\OPAW\Library\PackageCache\com.unity.modules.imageconversion)
    com.unity.modules.imgui@1.0.0 (location: C:\ObsidianProtocol-Autonomous-Warfare\OPAW\Library\PackageCache\com.unity.modules.imgui)
    com.unity.modules.jsonserialize@1.0.0 (location: C:\ObsidianProtocol-Autonomous-Warfare\OPAW\Library\PackageCache\com.unity.modules.jsonserialize)
    com.unity.modules.particlesystem@1.0.0 (location: C:\ObsidianProtocol-Autonomous-Warfare\OPAW\Library\PackageCache\com.unity.modules.particlesystem)
    com.unity.modules.physics@1.0.0 (location: C:\ObsidianProtocol-Autonomous-Warfare\OPAW\Library\PackageCache\com.unity.modules.physics)
    com.unity.modules.physics2d@1.0.0 (location: C:\ObsidianProtocol-Autonomous-Warfare\OPAW\Library\PackageCache\com.unity.modules.physics2d)
    com.unity.modules.physicscore2d@1.0.0 (location: C:\ObsidianProtocol-Autonomous-Warfare\OPAW\Library\PackageCache\com.unity.modules.physicscore2d)
    com.unity.modules.screencapture@1.0.0 (location: C:\ObsidianProtocol-Autonomous-Warfare\OPAW\Library\PackageCache\com.unity.modules.screencapture)
    com.unity.modules.terrain@1.0.0 (location: C:\ObsidianProtocol-Autonomous-Warfare\OPAW\Library\PackageCache\com.unity.modules.terrain)
    com.unity.modules.terrainphysics@1.0.0 (location: C:\ObsidianProtocol-Autonomous-Warfare\OPAW\Library\PackageCache\com.unity.modules.terrainphysics)
    com.unity.modules.tilemap@1.0.0 (location: C:\ObsidianProtocol-Autonomous-Warfare\OPAW\Library\PackageCache\com.unity.modules.tilemap)
    com.unity.modules.ui@1.0.0 (location: C:\ObsidianProtocol-Autonomous-Warfare\OPAW\Library\PackageCache\com.unity.modules.ui)
    com.unity.modules.uielements@1.0.0 (location: C:\ObsidianProtocol-Autonomous-Warfare\OPAW\Library\PackageCache\com.unity.modules.uielements)
    com.unity.modules.umbra@1.0.0 (location: C:\ObsidianProtocol-Autonomous-Warfare\OPAW\Library\PackageCache\com.unity.modules.umbra)
    com.unity.modules.unityanalytics@1.0.0 (location: C:\ObsidianProtocol-Autonomous-Warfare\OPAW\Library\PackageCache\com.unity.modules.unityanalytics)
    com.unity.modules.unitywebrequest@1.0.0 (location: C:\ObsidianProtocol-Autonomous-Warfare\OPAW\Library\PackageCache\com.unity.modules.unitywebrequest)
    com.unity.modules.unitywebrequestassetbundle@1.0.0 (location: C:\ObsidianProtocol-Autonomous-Warfare\OPAW\Library\PackageCache\com.unity.modules.unitywebrequestassetbundle)
    com.unity.modules.unitywebrequestaudio@1.0.0 (location: C:\ObsidianProtocol-Autonomous-Warfare\OPAW\Library\PackageCache\com.unity.modules.unitywebrequestaudio)
    com.unity.modules.unitywebrequesttexture@1.0.0 (location: C:\ObsidianProtocol-Autonomous-Warfare\OPAW\Library\PackageCache\com.unity.modules.unitywebrequesttexture)
    com.unity.modules.unitywebrequestwww@1.0.0 (location: C:\ObsidianProtocol-Autonomous-Warfare\OPAW\Library\PackageCache\com.unity.modules.unitywebrequestwww)
    com.unity.modules.vectorgraphics@1.0.0 (location: C:\ObsidianProtocol-Autonomous-Warfare\OPAW\Library\PackageCache\com.unity.modules.vectorgraphics)
    com.unity.modules.vehicles@1.0.0 (location: C:\ObsidianProtocol-Autonomous-Warfare\OPAW\Library\PackageCache\com.unity.modules.vehicles)
    com.unity.modules.video@1.0.0 (location: C:\ObsidianProtocol-Autonomous-Warfare\OPAW\Library\PackageCache\com.unity.modules.video)
    com.unity.modules.wind@1.0.0 (location: C:\ObsidianProtocol-Autonomous-Warfare\OPAW\Library\PackageCache\com.unity.modules.wind)
    com.unity.modules.xr@1.0.0 (location: C:\ObsidianProtocol-Autonomous-Warfare\OPAW\Library\PackageCache\com.unity.modules.xr)
    com.unity.modules.subsystems@1.0.0 (location: C:\ObsidianProtocol-Autonomous-Warfare\OPAW\Library\PackageCache\com.unity.modules.subsystems)
    com.unity.modules.hierarchycore@1.0.0 (location: C:\ObsidianProtocol-Autonomous-Warfare\OPAW\Library\PackageCache\com.unity.modules.hierarchycore)
    com.unity.ext.nunit@2.1.0 (location: C:\ObsidianProtocol-Autonomous-Warfare\OPAW\Library\PackageCache\com.unity.ext.nunit@44f7d31723bd)
    com.unity.render-pipelines.core@17.5.0 (location: C:\ObsidianProtocol-Autonomous-Warfare\OPAW\Library\PackageCache\com.unity.render-pipelines.core@b19a46951e65)
    com.unity.shadergraph@17.5.0 (location: C:\ObsidianProtocol-Autonomous-Warfare\OPAW\Library\PackageCache\com.unity.shadergraph@8d7376ec43ee)
    com.unity.render-pipelines.universal-config@17.5.0 (location: C:\ObsidianProtocol-Autonomous-Warfare\OPAW\Library\PackageCache\com.unity.render-pipelines.universal-config@fdda01c80fe3)
    com.unity.collections@6.5.0 (location: C:\ObsidianProtocol-Autonomous-Warfare\OPAW\Library\PackageCache\com.unity.collections@a43cabe808ca)
    com.unity.mathematics@1.4.0 (location: C:\ObsidianProtocol-Autonomous-Warfare\OPAW\Library\PackageCache\com.unity.mathematics@981956d94fb6)
[Subsystems] No new subsystems found in resolved package list.
[Package Manager] Done registering packages in 0.08 seconds
AcceleratorClientConnectionCallback - disconnected - :0
[API Updater] Processing imported assemblies took 174 ms (0/0 assembly(ies)).
Assembly Updater Post Process Assets time: 0.178441s
[ScriptCompilation] Requested script compilation because: Assembly Definition File(s) changed
[ScriptCompilation] Requested script compilation because: AssetDatabase observed changes in script compilation related files
[Licensing::Client] Successfully resolved entitlement details
Starting: C:\Program Files\Unity\Hub\Editor\6000.5.5f1\Editor\Data\Tools\BuildPipeline\bee_backend.exe --ipc --defer-dag-verification --dagfile="Library/Bee/1900b0aE.dag" --continue-on-failure --profile="Library/Bee/backend1.traceevents" ScriptAssemblies
WorkingDir: C:/ObsidianProtocol-Autonomous-Warfare/OPAW
ExitCode: 4 Duration: 0s82ms
[             ] Require frontend run.  Library/Bee/1900b0aE.dag couldn't be loaded
Starting: C:\Program Files\Unity\Hub\Editor\6000.5.5f1\Editor\Data\netcorerun\netcorerun.exe "C:\Program Files\Unity\Hub\Editor\6000.5.5f1\Editor\Data\Tools\BuildPipeline\ScriptCompilationBuildProgram.exe" "Library/Bee/1900b0aE.dag.json" "Library/Bee/1900b0aE-inputdata.json" "Library\Bee\buildprogram0.traceevents"
DisplayProgressbar: Compiling Scripts
WorkingDir: C:/ObsidianProtocol-Autonomous-Warfare/OPAW
ExitCode: 0 Duration: 1s889ms
Starting: C:\Program Files\Unity\Hub\Editor\6000.5.5f1\Editor\Data\Tools\BuildPipeline\bee_backend.exe --ipc --defer-dag-verification --dagfile="Library/Bee/1900b0aE.dag" --continue-on-failure --dagfilejson="Library\Bee\1900b0aE.dag.json" --profile="Library/Bee/backend2.traceevents" ScriptAssemblies
WorkingDir: C:/ObsidianProtocol-Autonomous-Warfare/OPAW
ExitCode: 3 Duration: 12s
Finished compiling graph: 1158 nodes, 22958 flattened edges (19148 ToBuild, 184 ToUse), maximum node priority 1215
[   1/1154  0s] WriteText Library/Bee/artifacts/1900b0aE.dag/UnityEngine.TestRunner.rsp2
[   2/1154  0s] WriteText Library/Bee/artifacts/1900b0aE.dag/UnityEngine.TestRunner.UnityAdditionalFile.txt
[   3/1154  0s] MovedFromExtractor Library/Bee/artifacts/mvdfrm/UnityEngine.UmbraModule.dll_C95B5375514B0C2F.mvfrm
[   4/1154  0s] MovedFromExtractor Library/Bee/artifacts/mvdfrm/UnityEngine.TilemapModule.dll_E9ADCA6A29A8E504.mvfrm
[   5/1154  0s] MovedFromExtractor Library/Bee/artifacts/mvdfrm/UnityEngine.SpriteShapeModule.dll_E04678B4F8997EC2.mvfrm
[   6/1154  0s] MovedFromExtractor Library/Bee/artifacts/mvdfrm/UnityEngine.TLSModule.dll_8CC89EC6456300A1.mvfrm
[   7/1154  0s] MovedFromExtractor Library/Bee/artifacts/mvdfrm/UnityEngine.UIModule.dll_F67495613B042842.mvfrm
[   8/1154  0s] MovedFromExtractor Library/Bee/artifacts/mvdfrm/UnityEngine.SubsystemsModule.dll_27095368C57FA1D2.mvfrm
[   9/1154  0s] MovedFromExtractor Library/Bee/artifacts/mvdfrm/UnityEngine.TerrainModule.dll_4AB162E911EC03FB.mvfrm
[  10/1154  0s] MovedFromExtractor Library/Bee/artifacts/mvdfrm/UnityEngine.TextCoreTextEngineModule.dll_3A81054B2BBFDFA9.mvfrm
[  11/1154  0s] MovedFromExtractor Library/Bee/artifacts/mvdfrm/UnityEngine.TerrainPhysicsModule.dll_087AD458A85D6380.mvfrm
[  12/1154  0s] MovedFromExtractor Library/Bee/artifacts/mvdfrm/UnityEngine.StreamingModule.dll_A914FDBABE2B5988.mvfrm
[  13/1154  0s] MovedFromExtractor Library/Bee/artifacts/mvdfrm/UnityEngine.U2DRuntimeModule.dll_F7E5A42F95DB17DF.mvfrm
[  14/1154  0s] MovedFromExtractor Library/Bee/artifacts/mvdfrm/UnityEngine.SubstanceModule.dll_85C01204097E5796.mvfrm
[  15/1154  0s] MovedFromExtractor Library/Bee/artifacts/mvdfrm/UnityEngine.TextRenderingModule.dll_0AE93648A9F79985.mvfrm
[  16/1154  0s] MovedFromExtractor Library/Bee/artifacts/mvdfrm/UnityEngine.UnityAnalyticsCommonModule.dll_81F895FDB8D1DBCA.mvfrm
[  17/1154  0s] MovedFromExtractor Library/Bee/artifacts/mvdfrm/UnityEngine.TextCoreFontEngineModule.dll_F298CED99C3C268B.mvfrm
[  18/1154  0s] MovedFromExtractor Library/Bee/artifacts/mvdfrm/UnityEngine.UIElementsModule.dll_2B47B4D0C8ABDDC9.mvfrm
[  19/1154  0s] MovedFromExtractor Library/Bee/artifacts/mvdfrm/UnityEngine.ScriptingModule.dll_0BA16930EE2B50FD.mvfrm
[  20/1154  0s] MovedFromExtractor Library/Bee/artifacts/mvdfrm/UnityEngine.RuntimeInitializeOnLoadManagerInitializerModule.dll_FC40F4CBD55C48A8.mvfrm
[  21/1154  0s] MovedFromExtractor Library/Bee/artifacts/mvdfrm/UnityEngine.SharedInternalsModule.dll_10CBACD755D173A7.mvfrm
[  22/1154  0s] MovedFromExtractor Library/Bee/artifacts/mvdfrm/UnityEngine.SpriteMaskModule.dll_BC5BED06F737B9BF.mvfrm
[  23/1154  0s] MovedFromExtractor Library/Bee/artifacts/mvdfrm/UnityEngine.ShaderVariantAnalyticsModule.dll_19A0A871E1F9C1D4.mvfrm
[  24/1154  0s] MovedFromExtractor Library/Bee/artifacts/mvdfrm/UnityEngine.PhysicsBackendPhysXModule.dll_8C028B3EAC5BD3AF.mvfrm
[  25/1154  0s] MovedFromExtractor Library/Bee/artifacts/mvdfrm/UnityEngine.ScreenCaptureModule.dll_E1A9C43DF2C01990.mvfrm
[  26/1154  0s] MovedFromExtractor Library/Bee/artifacts/mvdfrm/UnityEngine.ParticleSystemModule.dll_08002B858F1A68F3.mvfrm
[  27/1154  0s] MovedFromExtractor Library/Bee/artifacts/mvdfrm/UnityEngine.PerformanceReportingModule.dll_E6B9D8B99EE93D6C.mvfrm
[  28/1154  0s] MovedFromExtractor Library/Bee/artifacts/mvdfrm/UnityEngine.Physics2DModule.dll_4126005B0FA099DF.mvfrm
[  29/1154  0s] MovedFromExtractor Library/Bee/artifacts/mvdfrm/UnityEngine.PhysicsModule.dll_306AE77A3C2DBB0D.mvfrm
[  30/1154  0s] MovedFromExtractor Library/Bee/artifacts/mvdfrm/UnityEngine.PropertiesModule.dll_006AB9B548B38881.mvfrm
[  31/1154  0s] MovedFromExtractor Library/Bee/artifacts/mvdfrm/UnityEngine.PhysicsCore2DModule.dll_556E65283DBD818E.mvfrm
[  32/1154  0s] MovedFromExtractor Library/Bee/artifacts/mvdfrm/UnityEngine.RenderAs2DModule.dll_41A27C3B280DD2B8.mvfrm
[  33/1154  0s] MovedFromExtractor Library/Bee/artifacts/mvdfrm/UnityEngine.DSPGraphModule.dll_432898B339C0DE2B.mvfrm
[  34/1154  0s] MovedFromExtractor Library/Bee/artifacts/mvdfrm/UnityEngine.MultiplayerModule.dll_468D67E6FBBED430.mvfrm
[  35/1154  0s] MovedFromExtractor Library/Bee/artifacts/mvdfrm/UnityEngine.MathematicsModule.dll_EBF9F933B76F3DEC.mvfrm
[  36/1154  0s] MovedFromExtractor Library/Bee/artifacts/mvdfrm/UnityEngine.JSONSerializeModule.dll_C7C216B8DE53ED2E.mvfrm
[  37/1154  0s] MovedFromExtractor Library/Bee/artifacts/mvdfrm/UnityEngine.InputForUIModule.dll_D5E1D49035E8C101.mvfrm
[  38/1154  0s] MovedFromExtractor Library/Bee/artifacts/mvdfrm/UnityEngine.MarshallingModule.dll_6F4DE9EF271F740A.mvfrm
[  39/1154  0s] MovedFromExtractor Library/Bee/artifacts/mvdfrm/UnityEngine.LocalizationModule.dll_9F3363200B6E05F7.mvfrm
[  40/1154  0s] MovedFromExtractor Library/Bee/artifacts/mvdfrm/UnityEngine.ImageConversionModule.dll_8CBA6E01DEA37857.mvfrm
[  41/1154  0s] MovedFromExtractor Library/Bee/artifacts/mvdfrm/UnityEngine.InputModule.dll_B4FC6F0D3A5C8560.mvfrm
[  42/1154  0s] MovedFromExtractor Library/Bee/artifacts/mvdfrm/UnityEngine.InsightsModule.dll_D79DFFDA51DD5C89.mvfrm
[  43/1154  0s] MovedFromExtractor Library/Bee/artifacts/mvdfrm/UnityEngine.InputLegacyModule.dll_582A6678DAE8FCA9.mvfrm
[  44/1154  0s] MovedFromExtractor Library/Bee/artifacts/mvdfrm/UnityEngine.GridModule.dll_2C58BC22748951A4.mvfrm
[  45/1154  0s] MovedFromExtractor Library/Bee/artifacts/mvdfrm/UnityEngine.HotReloadModule.dll_75C8CE7049D6BDCC.mvfrm
[  46/1154  0s] MovedFromExtractor Library/Bee/artifacts/mvdfrm/UnityEngine.IdentifiersModule.dll_9F6ED350057014D0.mvfrm
[  47/1154  0s] MovedFromExtractor Library/Bee/artifacts/mvdfrm/UnityEngine.IMGUIModule.dll_86E646C38A55F49D.mvfrm
[  48/1154  0s] MovedFromExtractor Library/Bee/artifacts/mvdfrm/UnityEngine.GraphicsStateCollectionSerializerModule.dll_D96B7F7A59277BCC.mvfrm
[  49/1154  0s] MovedFromExtractor Library/Bee/artifacts/mvdfrm/UnityEngine.HierarchyCoreModule.dll_DEC52A574DC5E59A.mvfrm
[  50/1154  0s] MovedFromExtractor Library/Bee/artifacts/mvdfrm/UnityEngine.GameCenterModule.dll_D32F7A76D5C82445.mvfrm
[  51/1154  0s] MovedFromExtractor Library/Bee/artifacts/mvdfrm/UnityEditor.AIModule.dll_BC9265A4733FEECB.mvfrm
[  52/1154  0s] MovedFromExtractor Library/Bee/artifacts/mvdfrm/UnityEditor.ClothModule.dll_EF4247F36CC40EFB.mvfrm
[  53/1154  0s] MovedFromExtractor Library/Bee/artifacts/mvdfrm/UnityEditor.AssetComplianceModule.dll_53F6BDCE677F970C.mvfrm
[  54/1154  0s] MovedFromExtractor Library/Bee/artifacts/mvdfrm/UnityEditor.AdaptivePerformanceModule.dll_F15F0EFB8E5A3DEB.mvfrm
[  55/1154  0s] MovedFromExtractor Library/Bee/artifacts/mvdfrm/UnityEngine.GIModule.dll_933D40417A6C0AB0.mvfrm
[  56/1154  0s] MovedFromExtractor Library/Bee/artifacts/mvdfrm/UnityEditor.AccessibilityModule.dll_DB699B556620097F.mvfrm
[  57/1154  0s] MovedFromExtractor Library/Bee/artifacts/mvdfrm/UnityEditor.BuildProfileModule.dll_E61016419D865B1E.mvfrm
[  58/1154  0s] MovedFromExtractor Library/Bee/artifacts/mvdfrm/UnityEditor.ContentLoadModule.dll_5A35D50BFF3FDE20.mvfrm
[  59/1154  0s] MovedFromExtractor Library/Bee/artifacts/mvdfrm/UnityEditor.CoreBusinessMetricsModule.dll_714A0875B4A16CE5.mvfrm
[  60/1154  0s] MovedFromExtractor Library/Bee/artifacts/mvdfrm/UnityEditor.DiagnosticsModule.dll_F7EC975B87B9956D.mvfrm
[  61/1154  0s] MovedFromExtractor Library/Bee/artifacts/mvdfrm/UnityEditor.DeviceSimulatorModule.dll_1B1BADDFECC3B2DF.mvfrm
[  62/1154  0s] MovedFromExtractor Library/Bee/artifacts/mvdfrm/UnityEditor.EmbreeModule.dll_B3886CD17733BD0B.mvfrm
[  63/1154  0s] MovedFromExtractor Library/Bee/artifacts/mvdfrm/UnityEngine.DirectorModule.dll_3DD73749C7600D0A.mvfrm
[  64/1154  0s] MovedFromExtractor Library/Bee/artifacts/mvdfrm/UnityEditor.CoreModule.dll_2BC6CCE1B42F5082.mvfrm
[  65/1154  0s] MovedFromExtractor Library/Bee/artifacts/mvdfrm/UnityEditor.EditorToolbarModule.dll_1165B127DFB5BACF.mvfrm
[  66/1154  0s] MovedFromExtractor Library/Bee/artifacts/mvdfrm/UnityEditor.GenericRemoteModule.dll_716AF130C7C4327E.mvfrm
[  67/1154  0s] MovedFromExtractor Library/Bee/artifacts/mvdfrm/UnityEditor.GraphViewModule.dll_25FA94419446CDA4.mvfrm
[  68/1154  0s] MovedFromExtractor Library/Bee/artifacts/mvdfrm/UnityEditor.GridAndSnapModule.dll_01A57DDD0B1E525C.mvfrm
[  69/1154  0s] MovedFromExtractor Library/Bee/artifacts/mvdfrm/UnityEditor.GraphicsStateCollectionSerializerModule.dll_D077B28A8C283267.mvfrm
[  70/1154  0s] MovedFromExtractor Library/Bee/artifacts/mvdfrm/UnityEditor.HierarchyModule.dll_136E9B1D52260C66.mvfrm
[  71/1154  0s] MovedFromExtractor Library/Bee/artifacts/mvdfrm/UnityEditor.GridModule.dll_0937E8CFCC83E679.mvfrm
[  72/1154  0s] MovedFromExtractor Library/Bee/artifacts/mvdfrm/UnityEditor.LightingModule.dll_3CC7EC459680FEAF.mvfrm
[  73/1154  0s] MovedFromExtractor Library/Bee/artifacts/mvdfrm/UnityEditor.MediaModule.dll_541A048A10F3B8A5.mvfrm
[  74/1154  0s] MovedFromExtractor Library/Bee/artifacts/mvdfrm/UnityEditor.GraphToolkitModule.dll_01ECFAEC8E3589A3.mvfrm
[  75/1154  0s] MovedFromExtractor Library/Bee/artifacts/mvdfrm/UnityEditor.MathematicsModule.dll_E63429A4A5352D67.mvfrm
[  76/1154  0s] MovedFromExtractor Library/Bee/artifacts/mvdfrm/UnityEditor.Physics2DModule.dll_8B400F722A20E7FA.mvfrm
[  77/1154  0s] MovedFromExtractor Library/Bee/artifacts/mvdfrm/UnityEditor.MultiplayerModule.dll_40C79857E984C3AB.mvfrm
[  78/1154  0s] MovedFromExtractor Library/Bee/artifacts/mvdfrm/Unity.Scripting.dll_552581879348FBDF.mvfrm
[  79/1154  0s] MovedFromExtractor Library/Bee/artifacts/mvdfrm/UnityEditor.PhysicsCore2DModule.dll_C92D7300C4C4FE69.mvfrm
[  80/1154  0s] MovedFromExtractor Library/Bee/artifacts/mvdfrm/UnityEditor.PlayModeModule.dll_88B46682E25E44EA.mvfrm
[  81/1154  0s] MovedFromExtractor Library/Bee/artifacts/mvdfrm/UnityEditor.PhysicsModule.dll_3DF02ECFD71ED3C8.mvfrm
[  82/1154  0s] MovedFromExtractor Library/Bee/artifacts/mvdfrm/UnityEditor.PresetsUIModule.dll_E160CD23969F25A9.mvfrm
[  83/1154  0s] MovedFromExtractor Library/Bee/artifacts/mvdfrm/UnityEditor.PropertiesModule.dll_FFBC4C6D466F6F36.mvfrm
[  84/1154  0s] MovedFromExtractor Library/Bee/artifacts/mvdfrm/UnityEditor.ProjectAuditorModule.dll_9790744FC7C69A48.mvfrm
[  85/1154  0s] MovedFromExtractor Library/Bee/artifacts/mvdfrm/UnityEditor.QuickInstallModule.dll_C4EF6480DF0CC951.mvfrm
[  86/1154  0s] MovedFromExtractor Library/Bee/artifacts/mvdfrm/UnityEditor.SafeModeModule.dll_42C074C943953583.mvfrm
[  87/1154  0s] MovedFromExtractor Library/Bee/artifacts/mvdfrm/UnityEditor.SceneTemplateModule.dll_350521E5DEA26507.mvfrm
[  88/1154  0s] MovedFromExtractor Library/Bee/artifacts/mvdfrm/UnityEditor.SceneViewModule.dll_64AA774989699AB2.mvfrm
[  89/1154  0s] MovedFromExtractor Library/Bee/artifacts/mvdfrm/UnityEditor.QuickSearchModule.dll_82FC1868E09091C6.mvfrm
[  90/1154  0s] MovedFromExtractor Library/Bee/artifacts/mvdfrm/UnityEditor.ShaderBuildSettingsModule.dll_F98555A461596F2D.mvfrm
[  91/1154  0s] MovedFromExtractor Library/Bee/artifacts/mvdfrm/UnityEditor.ShaderCompilationModule.dll_B5471C69214F639F.mvfrm
[  92/1154  0s] MovedFromExtractor Library/Bee/artifacts/mvdfrm/UnityEditor.ShaderFoundryModule.dll_73E4F2290151E195.mvfrm
[  93/1154  0s] MovedFromExtractor Library/Bee/artifacts/mvdfrm/UnityEditor.SketchUpModule.dll_2AD55A198EC6D19A.mvfrm
[  94/1154  0s] MovedFromExtractor Library/Bee/artifacts/mvdfrm/UnityEditor.SpriteShapeModule.dll_DA80A925E65F6E3D.mvfrm
[  95/1154  0s] MovedFromExtractor Library/Bee/artifacts/mvdfrm/UnityEditor.SubstanceModule.dll_CFDA211B23FEA5B1.mvfrm
[  96/1154  0s] MovedFromExtractor Library/Bee/artifacts/mvdfrm/UnityEditor.SpriteMaskModule.dll_BBAD7FBEF4F3A074.mvfrm
[  97/1154  0s] MovedFromExtractor Library/Bee/artifacts/mvdfrm/UnityEditor.TerrainModule.dll_5836AA3EACDD1CB6.mvfrm
[  98/1154  0s] MovedFromExtractor Library/Bee/artifacts/mvdfrm/UnityEditor.TextCoreFontEngineModule.dll_74395386893E67C0.mvfrm
[  99/1154  0s] MovedFromExtractor Library/Bee/artifacts/mvdfrm/UnityEditor.TextCoreTextEngineModule.dll_BC2189F818C220DE.mvfrm
[ 100/1154  0s] MovedFromExtractor Library/Bee/artifacts/mvdfrm/UnityEditor.TilemapModule.dll_F73311BFC499FDBF.mvfrm
[ 101/1154  0s] MovedFromExtractor Library/Bee/artifacts/mvdfrm/UnityEditor.TreeModule.dll_8972C1F03BF4E5C1.mvfrm
[ 102/1154  0s] MovedFromExtractor Library/Bee/artifacts/mvdfrm/UnityEditor.UIElementsSamplesModule.dll_A978B9F13E4B6ECF.mvfrm
[ 103/1154  0s] MovedFromExtractor Library/Bee/artifacts/mvdfrm/UnityEditor.TextRenderingModule.dll_7EA8442130FF1660.mvfrm
[ 104/1154  0s] MovedFromExtractor Library/Bee/artifacts/mvdfrm/UnityEditor.UIAutomationModule.dll_96B1053239FA23DE.mvfrm
[ 105/1154  0s] MovedFromExtractor Library/Bee/artifacts/mvdfrm/UnityEditor.U2DModule.dll_2D5E3FC4E1BCBC68.mvfrm
[ 106/1154  0s] MovedFromExtractor Library/Bee/artifacts/mvdfrm/UnityEditor.UIElementsModule.dll_2A994788C667C47E.mvfrm
[ 107/1154  0s] MovedFromExtractor Library/Bee/artifacts/mvdfrm/UnityEditor.UIToolkitAuthoringModule.dll_A78FE813A7C4EB80.mvfrm
[ 108/1154  0s] MovedFromExtractor Library/Bee/artifacts/mvdfrm/UnityEditor.UIBuilderModule.dll_7A83415E06FF46D8.mvfrm
[ 109/1154  0s] MovedFromExtractor Library/Bee/artifacts/mvdfrm/UnityEditor.UmbraModule.dll_032E97111FCDDB8A.mvfrm
[ 110/1154  0s] MovedFromExtractor Library/Bee/artifacts/mvdfrm/UnityEditor.UnityConnectModule.dll_E14A23B7C26A4038.mvfrm
[ 111/1154  0s] MovedFromExtractor Library/Bee/artifacts/mvdfrm/UnityEditor.VectorGraphicsModule.dll_E423001F05344B31.mvfrm
[ 112/1154  0s] MovedFromExtractor Library/Bee/artifacts/mvdfrm/UnityEditor.GIModule.dll_54CEAEB20EEED6E5.mvfrm
[ 113/1154  0s] MovedFromExtractor Library/Bee/artifacts/mvdfrm/UnityEditor.XRModule.dll_3D96ED5BFA7BC74D.mvfrm
[ 114/1154  0s] MovedFromExtractor Library/Bee/artifacts/mvdfrm/UnityEditor.VideoModule.dll_AD636F6355394BBC.mvfrm
[ 115/1154  0s] MovedFromExtractor Library/Bee/artifacts/mvdfrm/UnityEditor.dll_D2116E564491B173.mvfrm
[ 116/1154  0s] MovedFromExtractor Library/Bee/artifacts/mvdfrm/UnityEngine.ARModule.dll_B473BC373BDA815F.mvfrm
[ 117/1154  0s] MovedFromExtractor Library/Bee/artifacts/mvdfrm/UnityEngine.AIModule.dll_FB00F733DEBD2296.mvfrm
[ 118/1154  0s] MovedFromExtractor Library/Bee/artifacts/mvdfrm/UnityEngine.AndroidJNIModule.dll_A8E2305C0F873354.mvfrm
[ 119/1154  0s] MovedFromExtractor Library/Bee/artifacts/mvdfrm/UnityEngine.AdaptivePerformanceModule.dll_B1EEA3B1C99F90F0.mvfrm
[ 120/1154  0s] MovedFromExtractor Library/Bee/artifacts/mvdfrm/UnityEngine.AccessibilityModule.dll_67AA8D7CDF188CA4.mvfrm
[ 121/1154  0s] MovedFromExtractor Library/Bee/artifacts/mvdfrm/UnityEngine.AnimationModule.dll_F480106A6EA3A24A.mvfrm
[ 122/1154  0s] MovedFromExtractor Library/Bee/artifacts/mvdfrm/UnityEngine.AssetBundleModule.dll_C6E54B5A42F746B8.mvfrm
[ 123/1154  0s] MovedFromExtractor Library/Bee/artifacts/mvdfrm/UnityEngine.ClothModule.dll_B56F04579E413FA0.mvfrm
[ 124/1154  0s] MovedFromExtractor Library/Bee/artifacts/mvdfrm/UnityEngine.AudioModule.dll_4E86A75CC42460BC.mvfrm
[ 125/1154  0s] MovedFromExtractor Library/Bee/artifacts/mvdfrm/UnityEngine.ClusterRendererModule.dll_20C870515C7EC063.mvfrm
[ 126/1154  0s] MovedFromExtractor Library/Bee/artifacts/mvdfrm/UnityEngine.ClusterInputModule.dll_60E698CD73F212FE.mvfrm
[ 127/1154  0s] MovedFromExtractor Library/Bee/artifacts/mvdfrm/UnityEngine.ContentLoadModule.dll_5FFBA49B1179EEA5.mvfrm
[ 128/1154  0s] MovedFromExtractor Library/Bee/artifacts/mvdfrm/UnityEngine.UnityConsentModule.dll_A04F3EF2C9FCD733.mvfrm
[ 129/1154  0s] MovedFromExtractor Library/Bee/artifacts/mvdfrm/UnityEngine.CoreModule.dll_4EE7A0345C34BBAD.mvfrm
[ 130/1154  0s] MovedFromExtractor Library/Bee/artifacts/mvdfrm/UnityEditor.VFXModule.dll_018594E1AC205C09.mvfrm
[ 131/1154  0s] MovedFromExtractor Library/Bee/artifacts/mvdfrm/UnityEngine.UnityCurlModule.dll_279CB19BDEB79437.mvfrm
[ 132/1154  0s] MovedFromExtractor Library/Bee/artifacts/mvdfrm/UnityEngine.UnityWebRequestAudioModule.dll_5EB62C9825540804.mvfrm
[ 133/1154  0s] MovedFromExtractor Library/Bee/artifacts/mvdfrm/UnityEngine.UnityWebRequestAssetBundleModule.dll_3AF000A9561DF900.mvfrm
[ 134/1154  0s] WriteText Library/Bee/artifacts/1900b0aE.dag/UnityEngine.UI.rsp2
[ 135/1154  0s] WriteText Library/Bee/artifacts/1900b0aE.dag/UnityEngine.UI.UnityAdditionalFile.txt
[ 136/1154  0s] WriteText Library/Bee/artifacts/1900b0aE.dag/UnityEngine.TestRunner.dll.mvfrm.rsp
[ 137/1154  0s] WriteText Library/Bee/artifacts/1900b0aE.dag/UnityEngine.TestRunner.rsp
[ 138/1154  0s] MovedFromExtractor Library/Bee/artifacts/mvdfrm/UnityEngine.UnityWebRequestTextureModule.dll_58E68AC1362D8659.mvfrm
[ 139/1154  0s] MovedFromExtractor Library/Bee/artifacts/mvdfrm/UnityEngine.UnityWebRequestModule.dll_9E5975ABE99812D6.mvfrm
[ 140/1154  0s] MovedFromExtractor Library/Bee/artifacts/mvdfrm/UnityEngine.UnityWebRequestWWWModule.dll_05434AA71B7F9C15.mvfrm
[ 141/1154  0s] MovedFromExtractor Library/Bee/artifacts/mvdfrm/UnityEngine.VectorGraphicsModule.dll_9F4761BA2120DF3C.mvfrm
[ 142/1154  0s] MovedFromExtractor Library/Bee/artifacts/mvdfrm/UnityEngine.VehiclesModule.dll_B59A30C94189DCA5.mvfrm
[ 143/1154  0s] MovedFromExtractor Library/Bee/artifacts/mvdfrm/UnityEngine.VFXModule.dll_0DA737351BD06A0E.mvfrm
[ 144/1154  0s] MovedFromExtractor Library/Bee/artifacts/mvdfrm/UnityEngine.VideoModule.dll_73902BC786B67C61.mvfrm
[ 145/1154  0s] MovedFromExtractor Library/Bee/artifacts/mvdfrm/UnityEngine.VirtualTexturingModule.dll_13BDD08AF8B5000B.mvfrm
[ 146/1154  0s] MovedFromExtractor Library/Bee/artifacts/mvdfrm/UnityEngine.WindModule.dll_C5367B5CED6B3A16.mvfrm
[ 147/1154  0s] WriteText Library/Bee/artifacts/1900b0aE.dag/UnityEditor.TestRunner.rsp2
[ 148/1154  0s] WriteText Library/Bee/artifacts/1900b0aE.dag/UnityEditor.TestRunner.UnityAdditionalFile.txt
[ 149/1154  0s] WriteText Library/Bee/artifacts/1900b0aE.dag/UnityEngine.UI.dll.mvfrm.rsp
[ 150/1154  0s] WriteText Library/Bee/artifacts/1900b0aE.dag/UnityEngine.UI.rsp
[ 151/1154  0s] MovedFromExtractor Library/Bee/artifacts/mvdfrm/UnityEngine.XRModule.dll_7C057EEB65F8FB18.mvfrm
[ 152/1154  0s] MovedFromExtractor Library/Bee/artifacts/mvdfrm/UnityEngine.dll_04B5B52EA3053E58.mvfrm
[ 153/1154  0s] MovedFromExtractor Library/Bee/artifacts/mvdfrm/UnityEngine.UnityAnalyticsModule.dll_279F9C4F3B41BAEF.mvfrm
[ 154/1154  0s] WriteText Library/Bee/artifacts/1900b0aE.dag/UnityEditor.TestRunner.dll.mvfrm.rsp
[ 155/1154  0s] WriteText Library/Bee/artifacts/1900b0aE.dag/UnityEditor.TestRunner.rsp
[ 156/1154  0s] WriteText Library/Bee/artifacts/1900b0aE.dag/UnityEditor.UI.rsp2
[ 157/1154  0s] WriteText Library/Bee/artifacts/1900b0aE.dag/UnityEditor.UI.UnityAdditionalFile.txt
[ 158/1154  0s] WriteText Library/Bee/artifacts/1900b0aE.dag/UnityEditor.UI.dll.mvfrm.rsp
[ 159/1154  0s] WriteText Library/Bee/artifacts/1900b0aE.dag/UnityEditor.UI.rsp
[ 160/1154  0s] WriteText Library/Bee/artifacts/1900b0aE.dag/Unity.Mathematics.rsp2
[ 161/1154  0s] WriteText Library/Bee/artifacts/1900b0aE.dag/Unity.Mathematics.UnityAdditionalFile.txt
[ 162/1154  0s] WriteText Library/Bee/artifacts/1900b0aE.dag/Unity.Burst.rsp2
[ 163/1154  0s] WriteText Library/Bee/artifacts/1900b0aE.dag/Unity.Burst.UnityAdditionalFile.txt
[ 164/1154  0s] WriteText Library/Bee/artifacts/1900b0aE.dag/Unity.Mathematics.dll.mvfrm.rsp
[ 165/1154  0s] WriteText Library/Bee/artifacts/1900b0aE.dag/Unity.Mathematics.rsp
[ 166/1154  0s] MovedFromExtractor Library/Bee/artifacts/mvdfrm/UnityEngine.CrashReportingModule.dll_B4EDE2392108DD65.mvfrm
[ 167/1154  0s] WriteText Library/Bee/artifacts/1900b0aE.dag/Unity.Burst.dll.mvfrm.rsp
[ 168/1154  0s] WriteText Library/Bee/artifacts/1900b0aE.dag/Unity.Burst.rsp
[ 169/1154  0s] WriteText Library/Bee/artifacts/1900b0aE.dag/Unity.Collections.rsp2
[ 170/1154  0s] WriteText Library/Bee/artifacts/1900b0aE.dag/Unity.Collections.UnityAdditionalFile.txt
[ 171/1154  0s] WriteText Library/Bee/artifacts/1900b0aE.dag/Unity.InputSystem.UnityAdditionalFile.txt
[ 172/1154  0s] WriteText Library/Bee/artifacts/1900b0aE.dag/Unity.InputSystem.rsp2
[ 173/1154  0s] WriteText Library/Bee/artifacts/1900b0aE.dag/Unity.Collections.dll.mvfrm.rsp
[ 174/1154  0s] WriteText Library/Bee/artifacts/1900b0aE.dag/Unity.Collections.rsp
[ 175/1154  0s] WriteText Library/Bee/artifacts/1900b0aE.dag/Unity.Collections.CodeGen.UnityAdditionalFile.txt
[ 176/1154  0s] WriteText Library/Bee/artifacts/1900b0aE.dag/Unity.Burst.CodeGen.rsp2
[ 177/1154  0s] WriteText Library/Bee/artifacts/1900b0aE.dag/Unity.Burst.CodeGen.UnityAdditionalFile.txt
[ 178/1154  0s] WriteText Library/Bee/artifacts/1900b0aE.dag/Unity.Collections.CodeGen.rsp2
[ 179/1154  0s] WriteText Library/Bee/artifacts/1900b0aE.dag/Unity.InputSystem.dll.mvfrm.rsp
[ 180/1154  0s] WriteText Library/Bee/artifacts/1900b0aE.dag/Unity.InputSystem.rsp
[ 181/1154  0s] WriteText Library/Bee/artifacts/1900b0aE.dag/Unity.RenderPipelines.Core.Runtime.UnityAdditionalFile.txt
[ 182/1154  0s] WriteText Library/Bee/artifacts/1900b0aE.dag/Unity.RenderPipelines.Core.Runtime.rsp2
[ 183/1154  0s] MovedFromExtractor Library/Bee/artifacts/mvdfrm/UnityEngine.UnityConnectModule.dll_CEA9A7C6BCF240E3.mvfrm
[ 184/1154  0s] MovedFromExtractor Library/Bee/artifacts/mvdfrm/UnityEditor.WebGL.Extensions.dll_D9F97DDDC740FB4E.mvfrm
[ 185/1154  0s] MovedFromExtractor Library/Bee/artifacts/mvdfrm/UnityEditor.WindowsStandalone.Extensions.dll_BD47F7B50CF29B3E.mvfrm
[ 186/1154  0s] MovedFromExtractor Library/Bee/artifacts/mvdfrm/Unity.VisualScripting.Antlr3.Runtime.dll_E9EF366BD634428A.mvfrm
[ 187/1154  0s] MovedFromExtractor Library/Bee/artifacts/mvdfrm/Unity.Collections.LowLevel.ILSupport.dll_1F35A6B2AE06B873.mvfrm
[ 188/1154  0s] MovedFromExtractor Library/Bee/artifacts/mvdfrm/UnityEditor.Graphs.dll_D843495042DED8B4.mvfrm
[ 189/1154  0s] WriteText Library/Bee/artifacts/1900b0aE.dag/Unity.Burst.CodeGen.dll.mvfrm.rsp
[ 190/1154  0s] WriteText Library/Bee/artifacts/1900b0aE.dag/Unity.Collections.CodeGen.dll.mvfrm.rsp
[ 191/1154  0s] WriteText Library/Bee/artifacts/1900b0aE.dag/Unity.UnifiedRayTracing.Runtime.UnityAdditionalFile.txt
[ 192/1154  0s] WriteText Library/Bee/artifacts/1900b0aE.dag/Unity.UnifiedRayTracing.Runtime.rsp2
[ 193/1154  0s] WriteText Library/Bee/artifacts/1900b0aE.dag/Unity.RenderPipelines.Core.Runtime.dll.mvfrm.rsp
[ 194/1154  0s] WriteText Library/Bee/artifacts/1900b0aE.dag/Unity.Burst.CodeGen.rsp
[ 195/1154  0s] WriteText Library/Bee/artifacts/1900b0aE.dag/Unity.Collections.CodeGen.rsp
[ 196/1154  0s] WriteText Library/Bee/artifacts/1900b0aE.dag/Unity.RenderPipelines.Core.Runtime.rsp
[ 197/1154  0s] WriteText Library/Bee/artifacts/1900b0aE.dag/Unity.UnifiedRayTracing.Runtime.dll.mvfrm.rsp
[ 198/1154  0s] WriteText Library/Bee/artifacts/1900b0aE.dag/Unity.UnifiedRayTracing.Runtime.rsp
[ 199/1154  0s] WriteText Library/Bee/artifacts/1900b0aE.dag/Unity.VisualScripting.Core.rsp2
[ 200/1154  0s] WriteText Library/Bee/artifacts/1900b0aE.dag/Unity.VisualScripting.Core.UnityAdditionalFile.txt
[ 201/1154  0s] WriteText Library/Bee/artifacts/1900b0aE.dag/Unity.PathTracing.Runtime.UnityAdditionalFile.txt
[ 202/1154  0s] WriteText Library/Bee/artifacts/1900b0aE.dag/Unity.PathTracing.Runtime.rsp2
[ 203/1154  0s] WriteText Library/Bee/artifacts/1900b0aE.dag/Unity.AppUI.InternalAPIBridge.UnityAdditionalFile.txt
[ 204/1154  0s] WriteText Library/Bee/artifacts/1900b0aE.dag/Unity.AppUI.InternalAPIBridge.rsp2
[ 205/1154  0s] WriteText Library/Bee/artifacts/1900b0aE.dag/Unity.VisualScripting.Core.dll.mvfrm.rsp
[ 206/1154  0s] WriteText Library/Bee/artifacts/1900b0aE.dag/Unity.VisualScripting.Core.rsp
[ 207/1154  0s] WriteText Library/Bee/artifacts/1900b0aE.dag/Unity.PathTracing.Runtime.dll.mvfrm.rsp
[ 208/1154  0s] WriteText Library/Bee/artifacts/1900b0aE.dag/Unity.AppUI.InternalAPIBridge.dll.mvfrm.rsp
[ 209/1154  0s] WriteText Library/Bee/artifacts/1900b0aE.dag/Unity.PathTracing.Runtime.rsp
[ 210/1154  0s] WriteText Library/Bee/artifacts/1900b0aE.dag/Unity.AppUI.InternalAPIBridge.rsp
[ 211/1154  0s] WriteText Library/Bee/artifacts/1900b0aE.dag/Unity.InternalAPIEngineBridge.RenderPipelines.Core.Runtime.Shared.rsp2
[ 212/1154  0s] WriteText Library/Bee/artifacts/1900b0aE.dag/Unity.InternalAPIEngineBridge.RenderPipelines.Core.Runtime.Shared.UnityAdditionalFile.txt
[ 213/1154  0s] WriteText Library/Bee/artifacts/1900b0aE.dag/Unity.RenderPipelines.GPUDriven.Runtime.UnityAdditionalFile.txt
[ 214/1154  0s] WriteText Library/Bee/artifacts/1900b0aE.dag/Unity.RenderPipelines.GPUDriven.Runtime.rsp2
[ 215/1154  0s] WriteText Library/Bee/artifacts/1900b0aE.dag/Unity.AppUI.rsp2
[ 216/1154  0s] WriteText Library/Bee/artifacts/1900b0aE.dag/Unity.AppUI.UnityAdditionalFile.txt
[ 217/1154  0s] WriteText Library/Bee/artifacts/1900b0aE.dag/Unity.VisualScripting.Flow.UnityAdditionalFile.txt
[ 218/1154  0s] WriteText Library/Bee/artifacts/1900b0aE.dag/Unity.VisualScripting.Flow.rsp2
[ 219/1154  0s] WriteText Library/Bee/artifacts/1900b0aE.dag/Unity.InternalAPIEngineBridge.RenderPipelines.Core.Runtime.Shared.dll.mvfrm.rsp
[ 220/1154  0s] WriteText Library/Bee/artifacts/1900b0aE.dag/Unity.InternalAPIEngineBridge.RenderPipelines.Core.Runtime.Shared.rsp
[ 221/1154  0s] WriteText Library/Bee/artifacts/1900b0aE.dag/Unity.InternalAPIEngineBridge.RenderPipelines.Core.Editor.rsp2
[ 222/1154  0s] WriteText Library/Bee/artifacts/1900b0aE.dag/Unity.InternalAPIEngineBridge.RenderPipelines.Core.Editor.UnityAdditionalFile.txt
[ 223/1154  0s] WriteText Library/Bee/artifacts/1900b0aE.dag/Unity.PathTracing.Editor.UnityAdditionalFile.txt
[ 224/1154  0s] WriteText Library/Bee/artifacts/1900b0aE.dag/Unity.PathTracing.Editor.rsp2
[ 225/1154  0s] WriteText Library/Bee/artifacts/1900b0aE.dag/Unity.VisualScripting.Core.Editor.rsp2
[ 226/1154  0s] WriteText Library/Bee/artifacts/1900b0aE.dag/Unity.RenderPipelines.Core.Runtime.Shared.UnityAdditionalFile.txt
[ 227/1154  0s] WriteText Library/Bee/artifacts/1900b0aE.dag/Unity.RenderPipelines.Core.Runtime.Shared.rsp2
[ 228/1154  0s] WriteText Library/Bee/artifacts/1900b0aE.dag/Unity.VisualScripting.Core.Editor.UnityAdditionalFile.txt
[ 229/1154  0s] WriteText Library/Bee/artifacts/1900b0aE.dag/Unity.RenderPipelines.GPUDriven.Runtime.dll.mvfrm.rsp
[ 230/1154  0s] WriteText Library/Bee/artifacts/1900b0aE.dag/Unity.RenderPipeline.Universal.ShaderLibrary.rsp2
[ 231/1154  0s] WriteText Library/Bee/artifacts/1900b0aE.dag/Unity.RenderPipelines.GPUDriven.Runtime.rsp
[ 232/1154  0s] WriteText Library/Bee/artifacts/1900b0aE.dag/Unity.SurfaceCache.Runtime.UnityAdditionalFile.txt
[ 233/1154  0s] WriteText Library/Bee/artifacts/1900b0aE.dag/Unity.SurfaceCache.Runtime.rsp2
[ 234/1154  0s] WriteText Library/Bee/artifacts/1900b0aE.dag/Unity.RenderPipeline.Universal.ShaderLibrary.UnityAdditionalFile.txt
[ 235/1154  0s] WriteText Library/Bee/artifacts/1900b0aE.dag/Unity.RenderPipelines.Universal.Config.Runtime.UnityAdditionalFile.txt
[ 236/1154  0s] WriteText Library/Bee/artifacts/1900b0aE.dag/Unity.VisualScripting.Flow.dll.mvfrm.rsp
[ 237/1154  0s] WriteText Library/Bee/artifacts/1900b0aE.dag/Unity.RenderPipelines.Universal.Config.Runtime.rsp2
[ 238/1154  0s] WriteText Library/Bee/artifacts/1900b0aE.dag/Unity.InternalAPIEngineBridge.RenderPipelines.Core.Editor.dll.mvfrm.rsp
[ 239/1154  0s] WriteResponseFile Library/Bee/artifacts/rsp/4747638433968585886.rsp
[ 240/1154  0s] WriteText Library/Bee/artifacts/1900b0aE.dag/Unity.AppUI.dll.mvfrm.rsp
[ 241/1154  0s] WriteText Library/Bee/artifacts/1900b0aE.dag/Unity.VisualScripting.Flow.rsp
[ 242/1154  0s] WriteText Library/Bee/artifacts/1900b0aE.dag/Unity.InternalAPIEngineBridge.RenderPipelines.Core.Editor.rsp
[ 243/1154  0s] WriteText Library/Bee/artifacts/1900b0aE.dag/Unity.PathTracing.Editor.dll.mvfrm.rsp
[ 244/1154  0s] WriteText Library/Bee/artifacts/1900b0aE.dag/Unity.AppUI.rsp
[ 245/1154  0s] WriteText Library/Bee/artifacts/1900b0aE.dag/Unity.RenderPipelines.Core.Runtime.Shared.dll.mvfrm.rsp
[ 246/1154  0s] WriteText Library/Bee/artifacts/1900b0aE.dag/Unity.PathTracing.Editor.rsp
[ 247/1154  0s] WriteText Library/Bee/artifacts/1900b0aE.dag/Unity.VisualScripting.Core.Editor.dll.mvfrm.rsp
[ 248/1154  0s] WriteText Library/Bee/artifacts/1900b0aE.dag/Unity.SurfaceCache.Runtime.dll.mvfrm.rsp
[ 249/1154  0s] WriteText Library/Bee/artifacts/1900b0aE.dag/Unity.RenderPipelines.Core.Runtime.Shared.rsp
[ 250/1154  0s] WriteText Library/Bee/artifacts/1900b0aE.dag/Unity.RenderPipeline.Universal.ShaderLibrary.dll.mvfrm.rsp
[ 251/1154  0s] WriteText Library/Bee/artifacts/1900b0aE.dag/Unity.VisualScripting.Core.Editor.rsp
[ 252/1154  0s] WriteText Library/Bee/artifacts/1900b0aE.dag/Unity.RenderPipelines.Universal.Config.Runtime.dll.mvfrm.rsp
[ 253/1154  0s] WriteText Library/Bee/artifacts/1900b0aE.dag/Unity.RenderPipeline.Universal.ShaderLibrary.rsp
[ 254/1154  0s] WriteText Library/Bee/artifacts/1900b0aE.dag/Unity.SurfaceCache.Runtime.rsp
[ 255/1154  0s] WriteText Library/Bee/artifacts/1900b0aE.dag/Unity.InferenceEngine.rsp2
[ 256/1154  0s] WriteText Library/Bee/artifacts/1900b0aE.dag/Unity.RenderPipelines.Universal.Config.Runtime.rsp
[ 257/1154  0s] WriteText Library/Bee/artifacts/1900b0aE.dag/Unity.InferenceEngine.UnityAdditionalFile.txt
[ 258/1154  0s] WriteText Library/Bee/artifacts/1900b0aE.dag/Unity.RenderPipelines.Core.Editor.UnityAdditionalFile.txt
[ 259/1154  0s] WriteText Library/Bee/artifacts/1900b0aE.dag/Unity.RenderPipelines.Core.Editor.rsp2
[ 260/1154  0s] WriteText Library/Bee/artifacts/1900b0aE.dag/Unity.RenderPipelines.Universal.Runtime.rsp2
[ 261/1154  0s] WriteText Library/Bee/artifacts/1900b0aE.dag/Unity.RenderPipelines.Universal.Runtime.UnityAdditionalFile.txt
[ 262/1154  0s] WriteText Library/Bee/artifacts/1900b0aE.dag/Unity.VisualScripting.State.UnityAdditionalFile.txt
[ 263/1154  0s] WriteText Library/Bee/artifacts/1900b0aE.dag/Unity.VisualScripting.Flow.Editor.UnityAdditionalFile.txt
[ 264/1154  0s] WriteText Library/Bee/artifacts/1900b0aE.dag/Unity.VisualScripting.State.rsp2
[ 265/1154  0s] WriteText Library/Bee/artifacts/1900b0aE.dag/Unity.VisualScripting.Flow.Editor.rsp2
[ 266/1154  0s] WriteText Library/Bee/artifacts/1900b0aE.dag/Unity.Searcher.Editor.UnityAdditionalFile.txt
[ 267/1154  0s] WriteText Library/Bee/artifacts/1900b0aE.dag/Unity.Searcher.Editor.rsp2
[ 268/1154  0s] WriteText Library/Bee/artifacts/1900b0aE.dag/Unity.InternalAPIEditorBridge.ShaderGraph.Editor.rsp2
[ 269/1154  0s] WriteText Library/Bee/artifacts/1900b0aE.dag/Unity.InternalAPIEditorBridge.ShaderGraph.Editor.UnityAdditionalFile.txt
[ 270/1154  0s] WriteText Library/Bee/artifacts/1900b0aE.dag/Unity.InternalAPIEngineBridge.004.rsp2
[ 271/1154  0s] WriteText Library/Bee/artifacts/1900b0aE.dag/Unity.InternalAPIEngineBridge.004.UnityAdditionalFile.txt
[ 272/1154  0s] WriteText Library/Bee/artifacts/1900b0aE.dag/Unity.InferenceEngine.dll.mvfrm.rsp
[ 273/1154  0s] WriteText Library/Bee/artifacts/1900b0aE.dag/Unity.RenderPipelines.Core.Editor.dll.mvfrm.rsp
[ 274/1154  0s] WriteText Library/Bee/artifacts/1900b0aE.dag/Unity.AI.Navigation.Editor.ConversionSystem.UnityAdditionalFile.txt
[ 275/1154  0s] WriteText Library/Bee/artifacts/1900b0aE.dag/Unity.AI.Navigation.rsp2
[ 276/1154  0s] WriteText Library/Bee/artifacts/1900b0aE.dag/Unity.AI.Navigation.UnityAdditionalFile.txt
[ 277/1154  0s] WriteText Library/Bee/artifacts/1900b0aE.dag/Unity.AI.Navigation.Editor.ConversionSystem.rsp2
[ 278/1154  0s] WriteText Library/Bee/artifacts/1900b0aE.dag/Unity.InferenceEngine.rsp
[ 279/1154  0s] WriteText Library/Bee/artifacts/1900b0aE.dag/Unity.RenderPipelines.Core.Editor.rsp
[ 280/1154  0s] WriteText Library/Bee/artifacts/1900b0aE.dag/Unity.RenderPipelines.Universal.Runtime.dll.mvfrm.rsp
[ 281/1154  0s] WriteText Library/Bee/artifacts/1900b0aE.dag/Unity.AppUI.Redux.rsp2
[ 282/1154  0s] WriteText Library/Bee/artifacts/1900b0aE.dag/Unity.AppUI.Redux.UnityAdditionalFile.txt
[ 283/1154  0s] WriteText Library/Bee/artifacts/1900b0aE.dag/Unity.ShaderGraph.Utilities.UnityAdditionalFile.txt
[ 284/1154  0s] WriteText Library/Bee/artifacts/1900b0aE.dag/Unity.ShaderGraph.Utilities.rsp2
[ 285/1154  0s] WriteText Library/Bee/artifacts/1900b0aE.dag/Unity.RenderPipelines.Universal.Runtime.rsp
[ 286/1154  0s] WriteText Library/Bee/artifacts/1900b0aE.dag/Unity.VisualScripting.Flow.Editor.dll.mvfrm.rsp
[ 287/1154  0s] WriteText Library/Bee/artifacts/1900b0aE.dag/Unity.VisualScripting.State.dll.mvfrm.rsp
[ 288/1154  0s] WriteText Library/Bee/artifacts/1900b0aE.dag/Unity.Searcher.Editor.dll.mvfrm.rsp
[ 289/1154  0s] WriteText Library/Bee/artifacts/1900b0aE.dag/Unity.InternalAPIEditorBridge.ShaderGraph.Editor.dll.mvfrm.rsp
[ 290/1154  0s] WriteText Library/Bee/artifacts/1900b0aE.dag/Unity.InternalAPIEngineBridge.004.dll.mvfrm.rsp
[ 291/1154  0s] WriteText Library/Bee/artifacts/1900b0aE.dag/Unity.VisualScripting.State.rsp
[ 292/1154  0s] WriteText Library/Bee/artifacts/1900b0aE.dag/Unity.VisualScripting.Flow.Editor.rsp
[ 293/1154  0s] WriteText Library/Bee/artifacts/1900b0aE.dag/Unity.AI.Navigation.dll.mvfrm.rsp
[ 294/1154  0s] WriteText Library/Bee/artifacts/1900b0aE.dag/Unity.Searcher.Editor.rsp
[ 295/1154  0s] WriteText Library/Bee/artifacts/1900b0aE.dag/Unity.InternalAPIEngineBridge.004.rsp
[ 296/1154  0s] WriteText Library/Bee/artifacts/1900b0aE.dag/Unity.AI.Navigation.Editor.ConversionSystem.dll.mvfrm.rsp
[ 297/1154  0s] WriteText Library/Bee/artifacts/1900b0aE.dag/Unity.InternalAPIEditorBridge.ShaderGraph.Editor.rsp
[ 298/1154  0s] WriteText Library/Bee/artifacts/1900b0aE.dag/Unity.ShaderGraph.Utilities.dll.mvfrm.rsp
[ 299/1154  0s] WriteText Library/Bee/artifacts/1900b0aE.dag/Unity.AI.Navigation.Editor.ConversionSystem.rsp
[ 300/1154  0s] WriteText Library/Bee/artifacts/1900b0aE.dag/Unity.AI.Navigation.rsp
[ 301/1154  0s] WriteText Library/Bee/artifacts/1900b0aE.dag/Unity.PlasticSCM.Editor.rsp2
[ 302/1154  0s] WriteText Library/Bee/artifacts/1900b0aE.dag/Unity.PlasticSCM.Editor.UnityAdditionalFile.txt
[ 303/1154  0s] WriteText Library/Bee/artifacts/1900b0aE.dag/Unity.AppUI.Redux.dll.mvfrm.rsp
[ 304/1154  0s] WriteText Library/Bee/artifacts/1900b0aE.dag/Unity.ShaderGraph.Utilities.rsp
[ 305/1154  0s] WriteText Library/Bee/artifacts/1900b0aE.dag/Unity.InferenceEngine.Microsoft.Msagl.rsp2
[ 306/1154  0s] WriteText Library/Bee/artifacts/1900b0aE.dag/Unity.InferenceEngine.Microsoft.Msagl.UnityAdditionalFile.txt
[ 307/1154  0s] WriteText Library/Bee/artifacts/1900b0aE.dag/Unity.AppUI.Redux.rsp
[ 308/1154  0s] WriteText Library/Bee/artifacts/1900b0aE.dag/Unity.RenderPipelines.Core.Editor.Shared.rsp2
[ 309/1154  0s] WriteText Library/Bee/artifacts/1900b0aE.dag/Unity.RenderPipelines.Universal.2D.Runtime.UnityAdditionalFile.txt
[ 310/1154  0s] WriteText Library/Bee/artifacts/1900b0aE.dag/Unity.ShaderGraph.Editor.UnityAdditionalFile.txt
[ 311/1154  0s] WriteText Library/Bee/artifacts/1900b0aE.dag/Unity.RenderPipelines.Core.Editor.Shared.UnityAdditionalFile.txt
[ 312/1154  0s] WriteText Library/Bee/artifacts/1900b0aE.dag/Unity.Burst.Editor.rsp2
[ 313/1154  0s] WriteText Library/Bee/artifacts/1900b0aE.dag/Unity.Burst.Editor.UnityAdditionalFile.txt
[ 314/1154  0s] WriteText Library/Bee/artifacts/1900b0aE.dag/Unity.ShaderGraph.Editor.rsp2
[ 315/1154  0s] WriteText Library/Bee/artifacts/1900b0aE.dag/Unity.RenderPipelines.Universal.2D.Runtime.rsp2
[ 316/1154  0s] WriteText Library/Bee/artifacts/1900b0aE.dag/Unity.TextMeshPro.UnityAdditionalFile.txt
[ 317/1154  0s] WriteText Library/Bee/artifacts/1900b0aE.dag/Unity.AppUI.Editor.rsp2
[ 318/1154  0s] WriteText Library/Bee/artifacts/1900b0aE.dag/Unity.AppUI.Editor.UnityAdditionalFile.txt
[ 319/1154  0s] WriteText Library/Bee/artifacts/1900b0aE.dag/Unity.TextMeshPro.rsp2
[ 320/1154  0s] WriteText Library/Bee/artifacts/1900b0aE.dag/Unity.InferenceEngine.Microsoft.Msagl.dll.mvfrm.rsp
[ 321/1154  0s] WriteText Library/Bee/artifacts/1900b0aE.dag/Unity.InferenceEngine.Microsoft.Msagl.rsp
[ 322/1154  0s] MovedFromExtractor Library/Bee/artifacts/mvdfrm/Unity.Plastic.Newtonsoft.Json.dll_A9F4081CEEE10426.mvfrm
[ 323/1154  0s] MovedFromExtractor Library/Bee/artifacts/mvdfrm/Unity.VisualScripting.TextureAssets.dll_CFA038DE66389063.mvfrm
[ 324/1154  0s] WriteText Library/Bee/artifacts/1900b0aE.dag/Unity.PlasticSCM.Editor.dll.mvfrm.rsp
[ 325/1154  0s] WriteText Library/Bee/artifacts/1900b0aE.dag/Unity.AI.Navigation.Editor.UnityAdditionalFile.txt
[ 326/1154  0s] WriteText Library/Bee/artifacts/1900b0aE.dag/Unity.Timeline.rsp2
[ 327/1154  0s] WriteText Library/Bee/artifacts/1900b0aE.dag/Unity.VisualScripting.State.Editor.rsp2
[ 328/1154  0s] WriteText Library/Bee/artifacts/1900b0aE.dag/Unity.Multiplayer.Center.Common.UnityAdditionalFile.txt
[ 329/1154  0s] WriteText Library/Bee/artifacts/1900b0aE.dag/Unity.Multiplayer.Center.Common.rsp2
[ 330/1154  0s] WriteText Library/Bee/artifacts/1900b0aE.dag/Unity.Timeline.UnityAdditionalFile.txt
[ 331/1154  0s] WriteText Library/Bee/artifacts/1900b0aE.dag/Unity.AppUI.Navigation.rsp2
[ 332/1154  0s] WriteText Library/Bee/artifacts/1900b0aE.dag/Unity.AppUI.Navigation.UnityAdditionalFile.txt
[ 333/1154  0s] WriteText Library/Bee/artifacts/1900b0aE.dag/Unity.InferenceEngine.ONNX.Editor.rsp2
[ 334/1154  0s] WriteText Library/Bee/artifacts/1900b0aE.dag/Unity.VisualScripting.State.Editor.UnityAdditionalFile.txt
[ 335/1154  0s] WriteText Library/Bee/artifacts/1900b0aE.dag/Unity.InferenceEngine.ONNX.Editor.UnityAdditionalFile.txt
[ 336/1154  0s] WriteText Library/Bee/artifacts/1900b0aE.dag/Unity.AI.Navigation.Editor.rsp2
[ 337/1154  0s] WriteText Library/Bee/artifacts/1900b0aE.dag/Unity.Burst.Editor.dll.mvfrm.rsp
[ 338/1154  0s] WriteText Library/Bee/artifacts/1900b0aE.dag/Unity.PlasticSCM.Editor.rsp
[ 339/1154  0s] WriteText Library/Bee/artifacts/1900b0aE.dag/Unity.RenderPipelines.Core.Editor.Shared.dll.mvfrm.rsp
[ 340/1154  0s] WriteText Library/Bee/artifacts/1900b0aE.dag/Unity.ShaderGraph.Editor.dll.mvfrm.rsp
[ 341/1154  0s] WriteText Library/Bee/artifacts/1900b0aE.dag/Unity.AppUI.Editor.dll.mvfrm.rsp
[ 342/1154  0s] WriteText Library/Bee/artifacts/1900b0aE.dag/Unity.RenderPipelines.Universal.2D.Runtime.dll.mvfrm.rsp
[ 343/1154  0s] WriteText Library/Bee/artifacts/1900b0aE.dag/Unity.TextMeshPro.dll.mvfrm.rsp
[ 344/1154  0s] WriteText Library/Bee/artifacts/1900b0aE.dag/Unity.RenderPipelines.Core.Editor.Shared.rsp
[ 345/1154  0s] WriteText Library/Bee/artifacts/1900b0aE.dag/Unity.ShaderGraph.Editor.rsp
[ 346/1154  0s] WriteText Library/Bee/artifacts/1900b0aE.dag/Unity.RenderPipelines.Universal.2D.Runtime.rsp
[ 347/1154  0s] WriteText Library/Bee/artifacts/1900b0aE.dag/Unity.Burst.Editor.rsp
[ 348/1154  0s] WriteText Library/Bee/artifacts/1900b0aE.dag/Unity.AppUI.Editor.rsp
[ 349/1154  0s] WriteText Library/Bee/artifacts/1900b0aE.dag/Unity.TextMeshPro.rsp
[ 350/1154  0s] WriteText Library/Bee/artifacts/1900b0aE.dag/Unity.InferenceEngine.ONNX.Editor.dll.mvfrm.rsp
[ 351/1154  0s] WriteText Library/Bee/artifacts/1900b0aE.dag/Unity.AI.Navigation.Editor.dll.mvfrm.rsp
[ 352/1154  0s] WriteText Library/Bee/artifacts/1900b0aE.dag/Unity.InferenceEngine.Editor.Visualizer.rsp2
[ 353/1154  0s] WriteText Library/Bee/artifacts/1900b0aE.dag/Unity.VisualScripting.State.Editor.dll.mvfrm.rsp
[ 354/1154  0s] WriteText Library/Bee/artifacts/1900b0aE.dag/Unity.InferenceEngine.Editor.Visualizer.UnityAdditionalFile.txt
[ 355/1154  0s] WriteText Library/Bee/artifacts/1900b0aE.dag/Unity.AppUI.Navigation.dll.mvfrm.rsp
[ 356/1154  0s] WriteText Library/Bee/artifacts/1900b0aE.dag/Unity.Multiplayer.Center.Common.dll.mvfrm.rsp
[ 357/1154  0s] WriteText Library/Bee/artifacts/1900b0aE.dag/Unity.AI.Navigation.Editor.rsp
[ 358/1154  0s] WriteText Library/Bee/artifacts/1900b0aE.dag/Unity.InferenceEngine.ONNX.Editor.rsp
[ 359/1154  0s] WriteText Library/Bee/artifacts/1900b0aE.dag/Unity.Timeline.rsp
[ 360/1154  0s] WriteText Library/Bee/artifacts/1900b0aE.dag/Unity.VisualScripting.State.Editor.rsp
[ 361/1154  0s] WriteText Library/Bee/artifacts/1900b0aE.dag/Unity.Multiplayer.Center.Common.rsp
[ 362/1154  0s] WriteText Library/Bee/artifacts/1900b0aE.dag/Unity.AppUI.Navigation.rsp
[ 363/1154  0s] WriteText Library/Bee/artifacts/1900b0aE.dag/Unity.InferenceEngine.Editor.Visualizer.dll.mvfrm.rsp
[ 364/1154  0s] WriteText Library/Bee/artifacts/1900b0aE.dag/Unity.InferenceEngine.Editor.Visualizer.rsp
[ 365/1154  0s] WriteText Library/Bee/artifacts/1900b0aE.dag/MiniRTS.Runtime.UnityAdditionalFile.txt
[ 366/1154  0s] WriteText Library/Bee/artifacts/1900b0aE.dag/MiniRTS.Runtime.rsp2
[ 367/1154  0s] WriteText Library/Bee/artifacts/1900b0aE.dag/Unity.Rider.Editor.rsp2
[ 368/1154  0s] WriteText Library/Bee/artifacts/1900b0aE.dag/Unity.VisualStudio.Editor.UnityAdditionalFile.txt
[ 369/1154  0s] WriteText Library/Bee/artifacts/1900b0aE.dag/Unity.Timeline.dll.mvfrm.rsp
[ 370/1154  0s] WriteText Library/Bee/artifacts/1900b0aE.dag/Unity.VisualStudio.Editor.rsp2
[ 371/1154  0s] WriteText Library/Bee/artifacts/1900b0aE.dag/Unity.Rider.Editor.UnityAdditionalFile.txt
[ 372/1154  0s] WriteText Library/Bee/artifacts/1900b0aE.dag/UnityEditor.UI.Analytics.UnityAdditionalFile.txt
[ 373/1154  0s] WriteText Library/Bee/artifacts/1900b0aE.dag/UnityEditor.UI.Analytics.rsp2
[ 374/1154  0s] WriteText Library/Bee/artifacts/1900b0aE.dag/Unity.2D.Sprite.Editor.UnityAdditionalFile.txt
[ 375/1154  0s] WriteText Library/Bee/artifacts/1900b0aE.dag/Unity.2D.Sprite.Editor.rsp2
[ 376/1154  0s] WriteText Library/Bee/artifacts/1900b0aE.dag/Unity.AI.Navigation.Updater.UnityAdditionalFile.txt
[ 377/1154  0s] WriteText Library/Bee/artifacts/1900b0aE.dag/Unity.AI.Navigation.Updater.rsp2
[ 378/1154  0s] WriteText Library/Bee/artifacts/1900b0aE.dag/Unity.AppUI.MVVM.UnityAdditionalFile.txt
[ 379/1154  0s] WriteText Library/Bee/artifacts/1900b0aE.dag/Unity.VisualScripting.SettingsProvider.Editor.UnityAdditionalFile.txt
[ 380/1154  0s] WriteText Library/Bee/artifacts/1900b0aE.dag/Unity.AppUI.MVVM.rsp2
[ 381/1154  0s] WriteText Library/Bee/artifacts/1900b0aE.dag/Unity.AppUI.Navigation.Editor.UnityAdditionalFile.txt
[ 382/1154  0s] WriteText Library/Bee/artifacts/1900b0aE.dag/Unity.AppUI.Redux.Editor.rsp2
[ 383/1154  0s] WriteText Library/Bee/artifacts/1900b0aE.dag/Unity.AppUI.Undo.UnityAdditionalFile.txt
[ 384/1154  0s] WriteText Library/Bee/artifacts/1900b0aE.dag/Unity.AppUI.Undo.rsp2
[ 385/1154  0s] WriteText Library/Bee/artifacts/1900b0aE.dag/Unity.Collections.Editor.UnityAdditionalFile.txt
[ 386/1154  0s] WriteText Library/Bee/artifacts/1900b0aE.dag/Unity.Collections.Editor.rsp2
[ 387/1154  0s] WriteText Library/Bee/artifacts/1900b0aE.dag/Unity.InferenceEngine.Editor.UnityAdditionalFile.txt
[ 388/1154  0s] WriteText Library/Bee/artifacts/1900b0aE.dag/Unity.InferenceEngine.Editor.rsp2
[ 389/1154  0s] WriteText Library/Bee/artifacts/1900b0aE.dag/Unity.InferenceEngine.MacBLAS.UnityAdditionalFile.txt
[ 390/1154  0s] WriteText Library/Bee/artifacts/1900b0aE.dag/Unity.InferenceEngine.MacBLAS.rsp2
[ 391/1154  0s] WriteText Library/Bee/artifacts/1900b0aE.dag/Unity.InferenceEngine.Tokenization.UnityAdditionalFile.txt
[ 392/1154  0s] WriteText Library/Bee/artifacts/1900b0aE.dag/Unity.InferenceEngine.Tokenization.rsp2
[ 393/1154  0s] WriteText Library/Bee/artifacts/1900b0aE.dag/Unity.InferenceEngine.iOSBLAS.UnityAdditionalFile.txt
[ 394/1154  0s] WriteText Library/Bee/artifacts/1900b0aE.dag/Unity.InferenceEngine.iOSBLAS.rsp2
[ 395/1154  0s] WriteText Library/Bee/artifacts/1900b0aE.dag/Unity.InputSystem.ForUI.UnityAdditionalFile.txt
[ 396/1154  0s] WriteText Library/Bee/artifacts/1900b0aE.dag/Unity.InputSystem.ForUI.rsp2
[ 397/1154  0s] WriteText Library/Bee/artifacts/1900b0aE.dag/Unity.Multiplayer.Center.Editor.UnityAdditionalFile.txt
[ 398/1154  0s] WriteText Library/Bee/artifacts/1900b0aE.dag/Unity.Multiplayer.Center.Editor.rsp2
[ 399/1154  0s] WriteText Library/Bee/artifacts/1900b0aE.dag/Unity.PlasticSCM.Editor.Assistant.UnityAdditionalFile.txt
[ 400/1154  0s] WriteText Library/Bee/artifacts/1900b0aE.dag/Unity.PlasticSCM.Editor.Assistant.rsp2
[ 401/1154  0s] WriteText Library/Bee/artifacts/1900b0aE.dag/Unity.RenderPipelines.Core.ShaderLibrary.UnityAdditionalFile.txt
[ 402/1154  0s] WriteText Library/Bee/artifacts/1900b0aE.dag/Unity.AppUI.Redux.Editor.UnityAdditionalFile.txt
[ 403/1154  0s] WriteText Library/Bee/artifacts/1900b0aE.dag/Unity.RenderPipelines.Core.ShaderLibrary.rsp2
[ 404/1154  0s] WriteText Library/Bee/artifacts/1900b0aE.dag/Unity.RenderPipelines.ShaderGraph.ShaderGraphLibrary.UnityAdditionalFile.txt
[ 405/1154  0s] WriteText Library/Bee/artifacts/1900b0aE.dag/Unity.RenderPipelines.Universal.2D.Editor.Overrides.UnityAdditionalFile.txt
[ 406/1154  0s] WriteText Library/Bee/artifacts/1900b0aE.dag/Unity.RenderPipelines.ShaderGraph.ShaderGraphLibrary.rsp2
[ 407/1154  0s] WriteText Library/Bee/artifacts/1900b0aE.dag/Unity.RenderPipelines.Universal.2D.Editor.Overrides.rsp2
[ 408/1154  0s] WriteText Library/Bee/artifacts/1900b0aE.dag/Unity.RenderPipelines.Universal.Editor.UnityAdditionalFile.txt
[ 409/1154  0s] WriteText Library/Bee/artifacts/1900b0aE.dag/Unity.RenderPipelines.Universal.Shaders.UnityAdditionalFile.txt
[ 410/1154  0s] WriteText Library/Bee/artifacts/1900b0aE.dag/Unity.RenderPipelines.Universal.Shaders.rsp2
[ 411/1154  0s] WriteText Library/Bee/artifacts/1900b0aE.dag/Unity.RenderPipelines.Universal.Editor.rsp2
[ 412/1154  0s] WriteText Library/Bee/artifacts/1900b0aE.dag/Unity.Rendering.LightTransport.Editor.UnityAdditionalFile.txt
[ 413/1154  0s] WriteText Library/Bee/artifacts/1900b0aE.dag/Unity.Rendering.LightTransport.Editor.rsp2
[ 414/1154  0s] WriteText Library/Bee/artifacts/1900b0aE.dag/Unity.TextMeshPro.Editor.rsp2
[ 415/1154  0s] WriteText Library/Bee/artifacts/1900b0aE.dag/Unity.Timeline.Editor.UnityAdditionalFile.txt
[ 416/1154  0s] WriteText Library/Bee/artifacts/1900b0aE.dag/Unity.TextMeshPro.Editor.UnityAdditionalFile.txt
[ 417/1154  0s] WriteText Library/Bee/artifacts/1900b0aE.dag/Unity.Timeline.Editor.rsp2
[ 418/1154  0s] WriteText Library/Bee/artifacts/1900b0aE.dag/Unity.VisualScripting.SettingsProvider.Editor.rsp2
[ 419/1154  0s] WriteText Library/Bee/artifacts/1900b0aE.dag/Unity.VisualScripting.Shared.Editor.UnityAdditionalFile.txt
[ 420/1154  0s] WriteText Library/Bee/artifacts/1900b0aE.dag/Unity.VisualScripting.Shared.Editor.rsp2
[ 421/1154  0s] WriteText Library/Bee/artifacts/1900b0aE.dag/Unity.AppUI.Navigation.Editor.rsp2
[ 422/1154  0s] WriteText Library/Bee/artifacts/1900b0aE.dag/Unity.Rider.Editor.dll.mvfrm.rsp
[ 423/1154  0s] WriteText Library/Bee/artifacts/1900b0aE.dag/MiniRTS.Runtime.rsp
[ 424/1154  0s] WriteText Library/Bee/artifacts/1900b0aE.dag/MiniRTS.Runtime.dll.mvfrm.rsp
[ 425/1154  0s] WriteText Library/Bee/artifacts/1900b0aE.dag/Unity.VisualStudio.Editor.dll.mvfrm.rsp
[ 426/1154  0s] WriteText Library/Bee/artifacts/1900b0aE.dag/Unity.TextMeshPro.Editor.dll.mvfrm.rsp
[ 427/1154  0s] WriteText Library/Bee/artifacts/1900b0aE.dag/Unity.InferenceEngine.Editor.dll.mvfrm.rsp
[ 428/1154  0s] WriteText Library/Bee/artifacts/1900b0aE.dag/Unity.PlasticSCM.Editor.Assistant.dll.mvfrm.rsp
[ 429/1154  0s] WriteText Library/Bee/artifacts/1900b0aE.dag/Unity.AppUI.Redux.Editor.dll.mvfrm.rsp
[ 430/1154  0s] WriteText Library/Bee/artifacts/1900b0aE.dag/Unity.VisualScripting.Shared.Editor.dll.mvfrm.rsp
[ 431/1154  0s] WriteText Library/Bee/artifacts/1900b0aE.dag/UnityEditor.UI.Analytics.dll.mvfrm.rsp
[ 432/1154  0s] WriteText Library/Bee/artifacts/1900b0aE.dag/Unity.VisualScripting.SettingsProvider.Editor.dll.mvfrm.rsp
[ 433/1154  0s] WriteText Library/Bee/artifacts/1900b0aE.dag/Unity.Multiplayer.Center.Editor.dll.mvfrm.rsp
[ 434/1154  0s] WriteText Library/Bee/artifacts/1900b0aE.dag/Unity.Collections.Editor.dll.mvfrm.rsp
[ 435/1154  0s] WriteText Library/Bee/artifacts/1900b0aE.dag/Unity.2D.Sprite.Editor.dll.mvfrm.rsp
[ 436/1154  0s] WriteText Library/Bee/artifacts/1900b0aE.dag/Unity.InputSystem.ForUI.dll.mvfrm.rsp
[ 437/1154  0s] WriteText Library/Bee/artifacts/1900b0aE.dag/Unity.AI.Navigation.Updater.dll.mvfrm.rsp
[ 438/1154  0s] WriteText Library/Bee/artifacts/1900b0aE.dag/Unity.Rendering.LightTransport.Editor.dll.mvfrm.rsp
[ 439/1154  0s] WriteText Library/Bee/artifacts/1900b0aE.dag/Unity.AppUI.MVVM.dll.mvfrm.rsp
[ 440/1154  0s] WriteText Library/Bee/artifacts/1900b0aE.dag/Unity.InferenceEngine.iOSBLAS.dll.mvfrm.rsp
[ 441/1154  0s] WriteText Library/Bee/artifacts/1900b0aE.dag/Unity.RenderPipelines.Universal.Shaders.dll.mvfrm.rsp
[ 442/1154  0s] WriteText Library/Bee/artifacts/1900b0aE.dag/Unity.InferenceEngine.Tokenization.dll.mvfrm.rsp
[ 443/1154  0s] WriteText Library/Bee/artifacts/1900b0aE.dag/Unity.RenderPipelines.Universal.2D.Editor.Overrides.dll.mvfrm.rsp
[ 444/1154  0s] WriteText Library/Bee/artifacts/1900b0aE.dag/Unity.AppUI.Undo.dll.mvfrm.rsp
[ 445/1154  0s] WriteText Library/Bee/artifacts/1900b0aE.dag/Unity.AppUI.Navigation.Editor.dll.mvfrm.rsp
[ 446/1154  0s] WriteText Library/Bee/artifacts/1900b0aE.dag/Unity.RenderPipelines.Universal.Editor.dll.mvfrm.rsp
[ 447/1154  0s] WriteText Library/Bee/artifacts/1900b0aE.dag/Unity.InferenceEngine.MacBLAS.dll.mvfrm.rsp
[ 448/1154  0s] WriteText Library/Bee/artifacts/1900b0aE.dag/Unity.Timeline.Editor.dll.mvfrm.rsp
[ 449/1154  0s] WriteText Library/Bee/artifacts/1900b0aE.dag/Unity.RenderPipelines.Core.ShaderLibrary.dll.mvfrm.rsp
[ 450/1154  0s] WriteText Library/Bee/artifacts/1900b0aE.dag/Unity.Rider.Editor.rsp
[ 451/1154  0s] WriteText Library/Bee/artifacts/1900b0aE.dag/Unity.AI.Navigation.Updater.rsp
[ 452/1154  0s] WriteText Library/Bee/artifacts/1900b0aE.dag/Unity.VisualStudio.Editor.rsp
[ 453/1154  0s] WriteText Library/Bee/artifacts/1900b0aE.dag/Unity.AppUI.Redux.Editor.rsp
[ 454/1154  0s] WriteText Library/Bee/artifacts/1900b0aE.dag/Unity.TextMeshPro.Editor.rsp
[ 455/1154  0s] WriteText Library/Bee/artifacts/1900b0aE.dag/Unity.RenderPipelines.ShaderGraph.ShaderGraphLibrary.dll.mvfrm.rsp
[ 456/1154  0s] MovedFromExtractor Library/Bee/artifacts/mvdfrm/Unity.Plastic.Antlr3.Runtime.dll_A1B74C3F146A839F.mvfrm
[ 457/1154  0s] WriteText Library/Bee/artifacts/1900b0aE.dag/Unity.InferenceEngine.MacBLAS.rsp
[ 458/1154  0s] WriteText Library/Bee/artifacts/1900b0aE.dag/Unity.AppUI.Undo.rsp
[ 459/1154  0s] WriteText Library/Bee/artifacts/1900b0aE.dag/UnityEditor.UI.Analytics.rsp
[ 460/1154  0s] WriteText Library/Bee/artifacts/1900b0aE.dag/Unity.AppUI.MVVM.rsp
[ 461/1154  0s] MovedFromExtractor Library/Bee/artifacts/mvdfrm/Unity.VisualScripting.IonicZip.dll_415BC0E8E440EB61.mvfrm
[ 462/1154  0s] WriteText Library/Bee/artifacts/1900b0aE.dag/Unity.InputSystem.ForUI.rsp
[ 463/1154  0s] WriteText Library/Bee/artifacts/1900b0aE.dag/Unity.RenderPipelines.Universal.2D.Editor.Overrides.rsp
[ 464/1154  0s] WriteText Library/Bee/artifacts/1900b0aE.dag/Unity.VisualScripting.SettingsProvider.Editor.rsp
[ 465/1154  0s] WriteText Library/Bee/artifacts/1900b0aE.dag/Unity.2D.Sprite.Editor.rsp
[ 466/1154  0s] WriteText Library/Bee/artifacts/1900b0aE.dag/Unity.InferenceEngine.Tokenization.rsp
[ 467/1154  0s] WriteText Library/Bee/artifacts/1900b0aE.dag/Unity.Timeline.Editor.rsp
[ 468/1154  0s] WriteText Library/Bee/artifacts/1900b0aE.dag/Unity.RenderPipelines.Universal.Editor.rsp
[ 469/1154  0s] WriteText Library/Bee/artifacts/1900b0aE.dag/Unity.RenderPipelines.Universal.Shaders.rsp
[ 470/1154  0s] WriteText Library/Bee/artifacts/1900b0aE.dag/Unity.VisualScripting.Shared.Editor.rsp
[ 471/1154  0s] WriteText Library/Bee/artifacts/1900b0aE.dag/Unity.Multiplayer.Center.Editor.rsp
[ 472/1154  0s] WriteText Library/Bee/artifacts/1900b0aE.dag/Unity.RenderPipelines.Core.ShaderLibrary.rsp
[ 473/1154  0s] WriteText Library/Bee/artifacts/1900b0aE.dag/Unity.InferenceEngine.iOSBLAS.rsp
[ 474/1154  0s] WriteText Library/Bee/artifacts/1900b0aE.dag/Unity.PlasticSCM.Editor.Assistant.rsp
[ 475/1154  0s] WriteText Library/Bee/artifacts/1900b0aE.dag/Unity.Rendering.LightTransport.Editor.rsp
[ 476/1154  0s] WriteText Library/Bee/artifacts/1900b0aE.dag/Unity.AppUI.Navigation.Editor.rsp
[ 477/1154  0s] WriteText Library/Bee/artifacts/1900b0aE.dag/Unity.InferenceEngine.Editor.rsp
[ 478/1154  0s] WriteText Library/Bee/artifacts/1900b0aE.dag/MiniRTS.Editor.rsp2
[ 479/1154  0s] WriteText Library/Bee/artifacts/1900b0aE.dag/Unity.RenderPipelines.ShaderGraph.ShaderGraphLibrary.rsp
[ 480/1154  0s] WriteText Library/Bee/artifacts/1900b0aE.dag/MiniRTS.Editor.UnityAdditionalFile.txt
[ 481/1154  0s] WriteText Library/Bee/artifacts/1900b0aE.dag/Unity.Collections.Editor.rsp
[ 482/1154  0s] WriteText Library/Bee/artifacts/1900b0aE.dag/Unity.PerformanceTesting.rsp2
[ 483/1154  0s] WriteText Library/Bee/artifacts/1900b0aE.dag/Unity.PerformanceTesting.UnityAdditionalFile.txt
[ 484/1154  0s] WriteText Library/Bee/artifacts/1900b0aE.dag/Unity.PerformanceTesting.dll.mvfrm.rsp
[ 485/1154  0s] WriteText Library/Bee/artifacts/1900b0aE.dag/MiniRTS.Editor.dll.mvfrm.rsp
[ 486/1154  0s] WriteText Library/Bee/artifacts/1900b0aE.dag/Assembly-CSharp.rsp2
[ 487/1154  0s] WriteText Library/Bee/artifacts/1900b0aE.dag/Assembly-CSharp.UnityAdditionalFile.txt
[ 488/1154  0s] WriteText Library/Bee/artifacts/1900b0aE.dag/MiniRTS.Editor.rsp
[ 489/1154  0s] WriteText Library/Bee/artifacts/1900b0aE.dag/Assembly-CSharp.dll.mvfrm.rsp
[ 490/1154  0s] WriteText Library/Bee/artifacts/1900b0aE.dag/Assembly-CSharp.rsp
[ 491/1154  0s] WriteText Library/Bee/artifacts/1900b0aE.dag/Unity.InputSystem.TestFramework.dll.mvfrm.rsp
[ 492/1154  0s] WriteText Library/Bee/artifacts/1900b0aE.dag/MiniRTS.Tests.EditMode.dll.mvfrm.rsp
[ 493/1154  0s] WriteText Library/Bee/artifacts/1900b0aE.dag/Unity.PlasticSCM.Editor.Entities.dll.mvfrm.rsp
[ 494/1154  0s] WriteText Library/Bee/artifacts/1900b0aE.dag/Unity.InputSystem.TestFramework.UnityAdditionalFile.txt
[ 495/1154  0s] WriteText Library/Bee/artifacts/1900b0aE.dag/Unity.CollabProxy.Editor.dll.mvfrm.rsp
[ 496/1154  0s] WriteText Library/Bee/artifacts/1900b0aE.dag/Unity.InputSystem.TestFramework.rsp2
[ 497/1154  0s] WriteText Library/Bee/artifacts/1900b0aE.dag/Assembly-CSharp-Editor.dll.mvfrm.rsp
[ 498/1154  0s] WriteText Library/Bee/artifacts/1900b0aE.dag/Unity.VisualScripting.DocCodeExamples.UnityAdditionalFile.txt
[ 499/1154  0s] WriteText Library/Bee/artifacts/1900b0aE.dag/Unity.VisualScripting.DocCodeExamples.rsp2
[ 500/1154  0s] WriteText Library/Bee/artifacts/1900b0aE.dag/Unity.InputSystem.DocCodeSamples.dll.mvfrm.rsp
[ 501/1154  0s] WriteText Library/Bee/artifacts/1900b0aE.dag/Unity.PerformanceTesting.Editor.dll.mvfrm.rsp
[ 502/1154  0s] WriteText Library/Bee/artifacts/1900b0aE.dag/Assembly-CSharp-Editor.rsp2
[ 503/1154  0s] WriteText Library/Bee/artifacts/1900b0aE.dag/Unity.InputSystem.DocCodeSamples.rsp2
[ 504/1154  0s] WriteText Library/Bee/artifacts/1900b0aE.dag/Assembly-CSharp-Editor.UnityAdditionalFile.txt
[ 505/1154  0s] WriteText Library/Bee/artifacts/1900b0aE.dag/Unity.InputSystem.TestFramework.rsp
[ 506/1154  0s] WriteText Library/Bee/artifacts/1900b0aE.dag/Unity.PerformanceTesting.Editor.UnityAdditionalFile.txt
[ 507/1154  0s] WriteText Library/Bee/artifacts/1900b0aE.dag/Unity.PerformanceTesting.Editor.rsp2
[ 508/1154  0s] WriteText Library/Bee/artifacts/1900b0aE.dag/MiniRTS.Tests.EditMode.UnityAdditionalFile.txt
[ 509/1154  0s] WriteText Library/Bee/artifacts/1900b0aE.dag/Unity.CollabProxy.Editor.UnityAdditionalFile.txt
[ 510/1154  0s] WriteText Library/Bee/artifacts/1900b0aE.dag/MiniRTS.Tests.EditMode.rsp2
[ 511/1154  0s] WriteText Library/Bee/artifacts/1900b0aE.dag/Unity.VisualScripting.DocCodeExamples.rsp
[ 512/1154  0s] WriteText Library/Bee/artifacts/1900b0aE.dag/Unity.PlasticSCM.Editor.Entities.UnityAdditionalFile.txt
[ 513/1154  0s] WriteText Library/Bee/artifacts/1900b0aE.dag/Unity.PlasticSCM.Editor.Entities.rsp2
[ 514/1154  0s] WriteText Library/Bee/artifacts/1900b0aE.dag/Unity.CollabProxy.Editor.rsp2
[ 515/1154  0s] WriteText Library/Bee/artifacts/1900b0aE.dag/Unity.InputSystem.DocCodeSamples.UnityAdditionalFile.txt
[ 516/1154  0s] WriteText Library/Bee/artifacts/1900b0aE.dag/Assembly-CSharp-Editor.rsp
[ 517/1154  0s] WriteText Library/Bee/artifacts/1900b0aE.dag/MiniRTS.Tests.EditMode.rsp
[ 518/1154  0s] WriteText Library/Bee/artifacts/1900b0aE.dag/Unity.PerformanceTesting.Editor.rsp
[ 519/1154  0s] WriteText Library/Bee/artifacts/1900b0aE.dag/Unity.VisualScripting.DocCodeExamples.dll.mvfrm.rsp
[ 520/1154  0s] WriteText Library/Bee/artifacts/1900b0aE.dag/Unity.PerformanceTesting.rsp
[ 521/1154  0s] WriteText Library/Bee/artifacts/1900b0aE.dag/Unity.CollabProxy.Editor.rsp
[ 522/1154  0s] WriteText Library/Bee/artifacts/1900b0aE.dag/Unity.PlasticSCM.Editor.Entities.rsp
[ 523/1154  0s] WriteText Library/Bee/artifacts/1900b0aE.dag/Unity.InputSystem.DocCodeSamples.rsp
[ 524/1154  0s] WriteResponseFile Library/Bee/artifacts/rsp/11294775302662683298.rsp
[ 525/1154  0s] WriteResponseFile Library/Bee/artifacts/rsp/5546506141355401238.rsp
[ 526/1154  0s] WriteResponseFile Library/Bee/artifacts/rsp/2897256077774953845.rsp
[ 527/1154  0s] WriteResponseFile Library/Bee/artifacts/rsp/10678863128556690338.rsp
[ 528/1154  0s] WriteResponseFile Library/Bee/artifacts/rsp/10571807241835812913.rsp
[ 529/1154  0s] WriteResponseFile Library/Bee/artifacts/rsp/3064155424177982801.rsp
[ 530/1154  0s] WriteResponseFile Library/Bee/artifacts/rsp/15183482696195477058.rsp
[ 531/1154  0s] WriteResponseFile Library/Bee/artifacts/rsp/10010842633742469623.rsp
[ 532/1154  0s] WriteResponseFile Library/Bee/artifacts/rsp/17525389461119239690.rsp
[ 533/1154  0s] WriteResponseFile Library/Bee/artifacts/rsp/8687634500575384782.rsp
[ 534/1154  0s] WriteResponseFile Library/Bee/artifacts/rsp/1241893138779591018.rsp
[ 535/1154  0s] WriteResponseFile Library/Bee/artifacts/rsp/7144934147629065502.rsp
[ 536/1154  0s] WriteResponseFile Library/Bee/artifacts/rsp/13686715218353603589.rsp
[ 537/1154  0s] WriteResponseFile Library/Bee/artifacts/rsp/16955349575566033662.rsp
[ 538/1154  0s] WriteResponseFile Library/Bee/artifacts/rsp/8622521327744862675.rsp
[ 539/1154  0s] WriteResponseFile Library/Bee/artifacts/rsp/14832617886295879631.rsp
[ 540/1154  0s] WriteResponseFile Library/Bee/artifacts/rsp/8051171512430532380.rsp
[ 541/1154  0s] WriteResponseFile Library/Bee/artifacts/rsp/9971674143059154378.rsp
[ 542/1154  0s] WriteResponseFile Library/Bee/artifacts/rsp/4014436084419441659.rsp
[ 543/1154  0s] WriteResponseFile Library/Bee/artifacts/rsp/1418726328684876121.rsp
[ 544/1154  0s] WriteResponseFile Library/Bee/artifacts/rsp/5465330626836213513.rsp
[ 545/1154  0s] WriteResponseFile Library/Bee/artifacts/rsp/17346584914308636752.rsp
[ 546/1154  0s] WriteResponseFile Library/Bee/artifacts/rsp/1237274906319909237.rsp
[ 547/1154  0s] WriteResponseFile Library/Bee/artifacts/rsp/5249134988916615986.rsp
[ 548/1154  0s] WriteResponseFile Library/Bee/artifacts/rsp/15966515983506956808.rsp
[ 549/1154  0s] WriteResponseFile Library/Bee/artifacts/rsp/5916180605834378387.rsp
[ 550/1154  0s] WriteResponseFile Library/Bee/artifacts/rsp/13909235412005675431.rsp
[ 551/1154  0s] WriteResponseFile Library/Bee/artifacts/rsp/7606483801609891643.rsp
[ 552/1154  0s] WriteResponseFile Library/Bee/artifacts/rsp/9870516708743257357.rsp
[ 553/1154  0s] WriteResponseFile Library/Bee/artifacts/rsp/18218310762646611085.rsp
[ 554/1154  0s] WriteResponseFile Library/Bee/artifacts/rsp/5803490648119114145.rsp
[ 555/1154  0s] WriteResponseFile Library/Bee/artifacts/rsp/8899139255040401798.rsp
[ 556/1154  0s] WriteResponseFile Library/Bee/artifacts/rsp/10397561839769426034.rsp
[ 557/1154  0s] WriteResponseFile Library/Bee/artifacts/rsp/10411718816959651794.rsp
[ 558/1154  0s] WriteResponseFile Library/Bee/artifacts/rsp/15085861467720516389.rsp
[ 559/1154  0s] WriteResponseFile Library/Bee/artifacts/rsp/9362519405459664194.rsp
[ 560/1154  0s] WriteResponseFile Library/Bee/artifacts/rsp/2341729046521158156.rsp
[ 561/1154  0s] WriteResponseFile Library/Bee/artifacts/rsp/8157786106806150916.rsp
[ 562/1154  0s] WriteResponseFile Library/Bee/artifacts/rsp/1478594098268573080.rsp
[ 563/1154  0s] WriteResponseFile Library/Bee/artifacts/rsp/12192641585883629681.rsp
[ 564/1154  0s] WriteResponseFile Library/Bee/artifacts/rsp/4691676790321305727.rsp
[ 565/1154  0s] WriteResponseFile Library/Bee/artifacts/rsp/15183149355271759364.rsp
[ 566/1154  0s] WriteResponseFile Library/Bee/artifacts/rsp/6841316898876630997.rsp
[ 567/1154  0s] WriteResponseFile Library/Bee/artifacts/rsp/11820488456832421373.rsp
[ 568/1154  0s] WriteResponseFile Library/Bee/artifacts/rsp/17296387151066238333.rsp
[ 569/1154  0s] WriteResponseFile Library/Bee/artifacts/rsp/6413563044966999158.rsp
[ 570/1154  0s] WriteResponseFile Library/Bee/artifacts/rsp/6083568660615989563.rsp
[ 571/1154  0s] WriteResponseFile Library/Bee/artifacts/rsp/12812556936427222528.rsp
[ 572/1154  0s] WriteResponseFile Library/Bee/artifacts/rsp/3648465134513896125.rsp
[ 573/1154  0s] WriteResponseFile Library/Bee/artifacts/rsp/16285879237017002407.rsp
[ 574/1154  0s] WriteResponseFile Library/Bee/artifacts/rsp/8430359774541989196.rsp
[ 575/1154  0s] WriteResponseFile Library/Bee/artifacts/rsp/2781082588993088484.rsp
[ 576/1154  0s] WriteResponseFile Library/Bee/artifacts/rsp/17723086061372457914.rsp
[ 577/1154  0s] WriteResponseFile Library/Bee/artifacts/rsp/5652260764500437206.rsp
[ 578/1154  0s] WriteResponseFile Library/Bee/artifacts/rsp/10142702499866438521.rsp
[ 579/1154  0s] WriteResponseFile Library/Bee/artifacts/rsp/2157608619508796868.rsp
[ 580/1154  0s] WriteResponseFile Library/Bee/artifacts/rsp/12900333509587573630.rsp
[ 581/1154  0s] WriteResponseFile Library/Bee/artifacts/rsp/1723042715960067801.rsp
[ 582/1154  0s] WriteResponseFile Library/Bee/artifacts/rsp/8863518860715653438.rsp
[ 583/1154  0s] WriteResponseFile Library/Bee/artifacts/rsp/4772145154433932943.rsp
[ 584/1154  0s] WriteResponseFile Library/Bee/artifacts/rsp/9708598661318103069.rsp
[ 585/1154  0s] WriteResponseFile Library/Bee/artifacts/rsp/9703144790800738880.rsp
[ 586/1154  0s] WriteResponseFile Library/Bee/artifacts/rsp/18426938688076938391.rsp
[ 587/1154  0s] WriteResponseFile Library/Bee/artifacts/rsp/15394042617203071315.rsp
[ 588/1154  0s] WriteResponseFile Library/Bee/artifacts/rsp/10292501669419677951.rsp
[ 589/1154  0s] WriteResponseFile Library/Bee/artifacts/rsp/4072909336905052351.rsp
[ 590/1154  0s] WriteResponseFile Library/Bee/artifacts/rsp/10890691014931692714.rsp
[ 591/1154  0s] WriteResponseFile Library/Bee/artifacts/rsp/1752845699120550178.rsp
[ 592/1154  0s] WriteResponseFile Library/Bee/artifacts/rsp/2400031028012695012.rsp
[ 593/1154  0s] WriteResponseFile Library/Bee/artifacts/rsp/2240406767038398906.rsp
[ 594/1154  0s] WriteResponseFile Library/Bee/artifacts/rsp/9963604852455136489.rsp
[ 595/1154  0s] WriteResponseFile Library/Bee/artifacts/rsp/17234613055290522353.rsp
[ 596/1154  0s] WriteResponseFile Library/Bee/artifacts/rsp/1488387367365330867.rsp
[ 597/1154  0s] WriteResponseFile Library/Bee/artifacts/rsp/6262281476893245489.rsp
[ 598/1154  0s] WriteResponseFile Library/Bee/artifacts/rsp/10831531723267835799.rsp
[ 599/1154  0s] WriteResponseFile Library/Bee/artifacts/rsp/7759033573704817190.rsp
[ 600/1154  0s] WriteResponseFile Library/Bee/artifacts/rsp/15312589170787849123.rsp
[ 601/1154  0s] WriteResponseFile Library/Bee/artifacts/rsp/9111662996337956171.rsp
[ 602/1154  0s] WriteResponseFile Library/Bee/artifacts/rsp/9675442845102135732.rsp
[ 603/1154  0s] WriteResponseFile Library/Bee/artifacts/rsp/3938377011463375229.rsp
[ 604/1154  0s] WriteResponseFile Library/Bee/artifacts/rsp/3388064732626934676.rsp
[ 605/1154  0s] WriteResponseFile Library/Bee/artifacts/rsp/14566447020836459352.rsp
[ 606/1154  0s] WriteResponseFile Library/Bee/artifacts/rsp/14402696373757716438.rsp
[ 607/1154  0s] WriteResponseFile Library/Bee/artifacts/rsp/8339687817580181739.rsp
[ 608/1154  0s] WriteResponseFile Library/Bee/artifacts/rsp/10864296189774257271.rsp
[ 609/1154  0s] WriteResponseFile Library/Bee/artifacts/rsp/12248871281822510316.rsp
[ 610/1154  0s] MovedFromExtractor Library/Bee/artifacts/mvdfrm/UnityEngine.NVIDIAModule.dll_0B9984B8D4D0D7B9.mvfrm
[ 611/1154  0s] MovedFromExtractor Library/Bee/artifacts/mvdfrm/Unity.VisualScripting.YamlDotNet.dll_38820F8AA56B326B.mvfrm
[ 612/1154  0s] MovedFromExtractor Library/Bee/artifacts/mvdfrm/UnityEngine.HierarchyModule.dll_C9548C0637A5BE4B.mvfrm
[ 613/1154  0s] MovedFromExtractor Library/Bee/artifacts/mvdfrm/UnityEngine.AMDModule.dll_8E38DB611E32854E.mvfrm
[ 614/1154  0s] MovedFromExtractor-Combine Library/Bee/artifacts/1900b0aE.dag/UnityEngine.TestRunner.dll.mvfrm
[ 615/1154  0s] MovedFromExtractor Library/Bee/artifacts/mvdfrm/Unity.Burst.Unsafe.dll_21890BB978BF4350.mvfrm
[ 616/1154  0s] MovedFromExtractor Library/Bee/artifacts/mvdfrm/Unity.Burst.Cecil.Rocks.dll_4860FB3DE0B45A53.mvfrm
[ 617/1154  0s] MovedFromExtractor Library/Bee/artifacts/mvdfrm/Unity.Burst.Cecil.dll_FAA4E5A1BE03D053.mvfrm
[ 618/1154  0s] MovedFromExtractor Library/Bee/artifacts/mvdfrm/Unity.Burst.Cecil.Mdb.dll_2CFFC6FBE2DD1050.mvfrm
[ 619/1154  0s] MovedFromExtractor Library/Bee/artifacts/mvdfrm/Unity.CompilationPipeline.Common.dll_A02237E0AD0510F0.mvfrm
[ 620/1154  0s] MovedFromExtractor Library/Bee/artifacts/mvdfrm/Unity.Burst.Cecil.Pdb.dll_44523F6B619211D3.mvfrm
[ 621/1154  0s] MovedFromExtractor-Combine Library/Bee/artifacts/1900b0aE.dag/UnityEngine.UI.dll.mvfrm
[ 621/1154  0s] Csc Library/Bee/artifacts/1900b0aE.dag/UnityEngine.TestRunner.dll (+2 others) [CacheHit 9e7a5d7b678c6a9b968daee19904822b00000000000000000000000000000006]
[ 622/1154  0s] Csc Library/Bee/artifacts/1900b0aE.dag/UnityEngine.TestRunner.dll (+2 others)
[ 624/1154  0s] CopyFiles Library/ScriptAssemblies/UnityEngine.TestRunner.pdb
[ 623/1154  0s] Csc Library/Bee/artifacts/1900b0aE.dag/UnityEngine.UI.dll (+2 others) [CacheHit cd865fd6e38cc46a7e91278bf48184b900000000000000000000000000000006]
[ 625/1154  0s] Csc Library/Bee/artifacts/1900b0aE.dag/UnityEngine.UI.dll (+2 others)
[ 627/1154  0s] CopyFiles Library/ScriptAssemblies/UnityEngine.TestRunner.dll
[ 628/1154  0s] MovedFromExtractor Library/Bee/artifacts/mvdfrm/UnityEngine.TestRunner.ref.dll_E55D0F7C63F01D9E.mvfrm
[ 629/1154  0s] MovedFromExtractor Library/Bee/artifacts/mvdfrm/UnityEngine.UI.ref.dll_08FEAA520A2EFD60.mvfrm
[ 630/1154  0s] MovedFromExtractor-Combine Library/Bee/artifacts/1900b0aE.dag/UnityEditor.TestRunner.dll.mvfrm
[ 628/1154  0s] Csc Library/Bee/artifacts/1900b0aE.dag/UnityEditor.TestRunner.dll (+2 others) [CacheHit 00215b22e8bd724d211d56cfb780293b00000000000000000000000000000006]
[ 631/1154  0s] Csc Library/Bee/artifacts/1900b0aE.dag/UnityEditor.TestRunner.dll (+2 others)
[ 633/1154  0s] CopyFiles Library/ScriptAssemblies/UnityEditor.TestRunner.pdb
[ 634/1154  0s] CopyFiles Library/ScriptAssemblies/UnityEditor.TestRunner.dll
[ 635/1154  0s] MovedFromExtractor Library/Bee/artifacts/mvdfrm/UnityEditor.TestRunner.ref.dll_193EC4CE382CBFB3.mvfrm
[ 636/1154  0s] MovedFromExtractor-Combine Library/Bee/artifacts/1900b0aE.dag/UnityEditor.UI.dll.mvfrm
[ 633/1154  0s] Csc Library/Bee/artifacts/1900b0aE.dag/UnityEditor.UI.dll (+2 others) [CacheHit 91cec263d1d6a48d419300672c863cd900000000000000000000000000000006]
[ 637/1154  0s] Csc Library/Bee/artifacts/1900b0aE.dag/UnityEditor.UI.dll (+2 others)
[ 639/1154  0s] MovedFromExtractor Library/Bee/artifacts/mvdfrm/UnityEditor.UI.ref.dll_4C98D3F7040CD4F5.mvfrm
[ 640/1154  0s] MovedFromExtractor-Combine Library/Bee/artifacts/1900b0aE.dag/Unity.AI.Navigation.dll.mvfrm
[ 641/1154  0s] MovedFromExtractor-Combine Library/Bee/artifacts/1900b0aE.dag/Unity.InputSystem.dll.mvfrm
[ 642/1154  0s] MovedFromExtractor-Combine Library/Bee/artifacts/1900b0aE.dag/Unity.Burst.dll.mvfrm
[ 643/1154  0s] MovedFromExtractor-Combine Library/Bee/artifacts/1900b0aE.dag/Unity.InternalAPIEditorBridge.ShaderGraph.Editor.dll.mvfrm
[ 644/1154  0s] MovedFromExtractor-Combine Library/Bee/artifacts/1900b0aE.dag/Unity.ShaderGraph.Utilities.dll.mvfrm
[ 645/1154  0s] MovedFromExtractor-Combine Library/Bee/artifacts/1900b0aE.dag/Unity.AI.Navigation.Editor.ConversionSystem.dll.mvfrm
[ 646/1154  0s] MovedFromExtractor-Combine Library/Bee/artifacts/1900b0aE.dag/Unity.InferenceEngine.Microsoft.Msagl.dll.mvfrm
[ 647/1154  0s] MovedFromExtractor-Combine Library/Bee/artifacts/1900b0aE.dag/Unity.Rider.Editor.dll.mvfrm
[ 648/1154  0s] MovedFromExtractor-Combine Library/Bee/artifacts/1900b0aE.dag/Unity.Timeline.dll.mvfrm
[ 649/1154  0s] MovedFromExtractor-Combine Library/Bee/artifacts/1900b0aE.dag/Unity.InternalAPIEngineBridge.RenderPipelines.Core.Runtime.Shared.dll.mvfrm
[ 650/1154  0s] MovedFromExtractor-Combine Library/Bee/artifacts/1900b0aE.dag/Unity.InternalAPIEngineBridge.RenderPipelines.Core.Editor.dll.mvfrm
[ 651/1154  0s] MovedFromExtractor-Combine Library/Bee/artifacts/1900b0aE.dag/Unity.Multiplayer.Center.Common.dll.mvfrm
[ 652/1154  0s] MovedFromExtractor-Combine Library/Bee/artifacts/1900b0aE.dag/Unity.InternalAPIEngineBridge.004.dll.mvfrm
[ 653/1154  0s] MovedFromExtractor-Combine Library/Bee/artifacts/1900b0aE.dag/Unity.AppUI.InternalAPIBridge.dll.mvfrm
[ 654/1154  0s] MovedFromExtractor-Combine Library/Bee/artifacts/1900b0aE.dag/Unity.Mathematics.dll.mvfrm
[ 655/1154  0s] MovedFromExtractor-Combine Library/Bee/artifacts/1900b0aE.dag/Unity.Searcher.Editor.dll.mvfrm
[ 651/1154  0s] Csc Library/Bee/artifacts/1900b0aE.dag/Unity.InternalAPIEngineBridge.RenderPipelines.Core.Editor.dll (+2 others) [CacheHit a35aa508a22d00c47c32b1cfeaad499a00000000000000000000000000000006]
[ 656/1154  0s] Csc Library/Bee/artifacts/1900b0aE.dag/Unity.InternalAPIEngineBridge.RenderPipelines.Core.Editor.dll (+2 others)
[ 652/1154  0s] Csc Library/Bee/artifacts/1900b0aE.dag/Unity.InternalAPIEditorBridge.ShaderGraph.Editor.dll (+2 others) [CacheHit 220f23459b420167635751bd7fe612fa00000000000000000000000000000006]
[ 658/1154  0s] Csc Library/Bee/artifacts/1900b0aE.dag/Unity.InternalAPIEditorBridge.ShaderGraph.Editor.dll (+2 others)
[ 653/1154  0s] Csc Library/Bee/artifacts/1900b0aE.dag/Unity.Multiplayer.Center.Common.dll (+2 others) [CacheHit f5fcea55cbae4af20dba0d3e2e0ac9bf00000000000000000000000000000006]
[ 660/1154  0s] Csc Library/Bee/artifacts/1900b0aE.dag/Unity.Multiplayer.Center.Common.dll (+2 others)
[ 654/1154  0s] Csc Library/Bee/artifacts/1900b0aE.dag/Unity.InternalAPIEngineBridge.RenderPipelines.Core.Runtime.Shared.dll (+2 others) [CacheHit dcad6b5d8bee444097ad837a8da868e700000000000000000000000000000006]
[ 662/1154  0s] Csc Library/Bee/artifacts/1900b0aE.dag/Unity.InternalAPIEngineBridge.RenderPipelines.Core.Runtime.Shared.dll (+2 others)
[ 655/1154  0s] Csc Library/Bee/artifacts/1900b0aE.dag/Unity.AI.Navigation.Editor.ConversionSystem.dll (+2 others) [CacheHit 55daf93e4edf7f2ee3c6ed3fc975a65700000000000000000000000000000006]
[ 664/1154  0s] Csc Library/Bee/artifacts/1900b0aE.dag/Unity.AI.Navigation.Editor.ConversionSystem.dll (+2 others)
[ 656/1154  0s] Csc Library/Bee/artifacts/1900b0aE.dag/Unity.ShaderGraph.Utilities.dll (+2 others) [CacheHit f143b3084403f14890e655435def633f00000000000000000000000000000006]
[ 666/1154  0s] Csc Library/Bee/artifacts/1900b0aE.dag/Unity.ShaderGraph.Utilities.dll (+2 others)
[ 657/1154  0s] Csc Library/Bee/artifacts/1900b0aE.dag/Unity.Burst.dll (+2 others) [CacheHit e36134b62980b4c87ce30792f45e0b5b00000000000000000000000000000006]
[ 668/1154  0s] Csc Library/Bee/artifacts/1900b0aE.dag/Unity.Burst.dll (+2 others)
[ 658/1154  0s] Csc Library/Bee/artifacts/1900b0aE.dag/Unity.AI.Navigation.dll (+2 others) [CacheHit ccde57eaabf22d2d6759d531021ca4ec00000000000000000000000000000006]
[ 670/1154  0s] Csc Library/Bee/artifacts/1900b0aE.dag/Unity.AI.Navigation.dll (+2 others)
[ 659/1154  0s] Csc Library/Bee/artifacts/1900b0aE.dag/Unity.InputSystem.dll (+2 others) [CacheHit acf27dbdac6e02ccea73995f09e2783800000000000000000000000000000006]
[ 672/1154  0s] Csc Library/Bee/artifacts/1900b0aE.dag/Unity.InputSystem.dll (+2 others)
[ 660/1154  0s] Csc Library/Bee/artifacts/1900b0aE.dag/Unity.Timeline.dll (+2 others) [CacheHit 2d53bff8631d052878a9a42257b8093000000000000000000000000000000006]
[ 674/1154  0s] Csc Library/Bee/artifacts/1900b0aE.dag/Unity.Timeline.dll (+2 others)
[ 661/1154  0s] Csc Library/Bee/artifacts/1900b0aE.dag/Unity.Mathematics.dll (+2 others) [CacheHit 4ed2958f284c82f0200b80d93b9f701000000000000000000000000000000006]
[ 676/1154  0s] Csc Library/Bee/artifacts/1900b0aE.dag/Unity.Mathematics.dll (+2 others)
[ 662/1154  0s] Csc Library/Bee/artifacts/1900b0aE.dag/Unity.InternalAPIEngineBridge.004.dll (+2 others) [CacheHit f0b90865715dd39e7257369c6bc0180600000000000000000000000000000006]
[ 678/1154  0s] Csc Library/Bee/artifacts/1900b0aE.dag/Unity.InternalAPIEngineBridge.004.dll (+2 others)
[ 663/1154  0s] Csc Library/Bee/artifacts/1900b0aE.dag/Unity.AppUI.InternalAPIBridge.dll (+2 others) [CacheHit 2fd355afa6fb546899b90470d379c85d00000000000000000000000000000006]
[ 680/1154  0s] Csc Library/Bee/artifacts/1900b0aE.dag/Unity.AppUI.InternalAPIBridge.dll (+2 others)
[ 664/1154  0s] Csc Library/Bee/artifacts/1900b0aE.dag/Unity.Searcher.Editor.dll (+2 others) [CacheHit 9f58053beb49ce412787bbcc5458f1a300000000000000000000000000000006]
[ 682/1154  0s] Csc Library/Bee/artifacts/1900b0aE.dag/Unity.Searcher.Editor.dll (+2 others)
[ 665/1154  0s] Csc Library/Bee/artifacts/1900b0aE.dag/Unity.InferenceEngine.Microsoft.Msagl.dll (+2 others) [CacheHit 6419b9d8092845b4adce2518dcbb5c7f00000000000000000000000000000006]
[ 684/1154  0s] Csc Library/Bee/artifacts/1900b0aE.dag/Unity.InferenceEngine.Microsoft.Msagl.dll (+2 others)
[ 686/1154  0s] MovedFromExtractor-Combine Library/Bee/artifacts/1900b0aE.dag/Unity.VisualStudio.Editor.dll.mvfrm
[ 687/1154  0s] MovedFromExtractor Library/Bee/artifacts/mvdfrm/Unity.InternalAPIEditorBridge.ShaderGraph.Editor.ref.dll_F96C86A2A70A815B.mvfrm
[ 688/1154  0s] MovedFromExtractor Library/Bee/artifacts/mvdfrm/Unity.AI.Navigation.Editor.ConversionSystem.ref.dll_D58562F0DF82BCBA.mvfrm
[ 689/1154  0s] MovedFromExtractor Library/Bee/artifacts/mvdfrm/Unity.InternalAPIEngineBridge.RenderPipelines.Core.Runtime.Shared.ref.dll_5653DD95D72A0F49.mvfrm
[ 690/1154  0s] MovedFromExtractor Library/Bee/artifacts/mvdfrm/Unity.InternalAPIEngineBridge.RenderPipelines.Core.Editor.ref.dll_9BED7CE7214FD91B.mvfrm
[ 691/1154  0s] MovedFromExtractor Library/Bee/artifacts/mvdfrm/Unity.Multiplayer.Center.Common.ref.dll_EE36537354EA42C8.mvfrm
[ 692/1154  0s] MovedFromExtractor Library/Bee/artifacts/mvdfrm/Unity.Timeline.ref.dll_621CDDF9C514DF8F.mvfrm
[ 693/1154  0s] MovedFromExtractor Library/Bee/artifacts/mvdfrm/Unity.Burst.ref.dll_F30DFA20C0DD1968.mvfrm
[ 694/1154  0s] MovedFromExtractor Library/Bee/artifacts/mvdfrm/Unity.ShaderGraph.Utilities.ref.dll_0524057423981A9D.mvfrm
[ 695/1154  0s] MovedFromExtractor Library/Bee/artifacts/mvdfrm/Unity.Mathematics.ref.dll_E8EFDB1B8D5C174E.mvfrm
[ 696/1154  0s] MovedFromExtractor Library/Bee/artifacts/mvdfrm/Unity.InternalAPIEngineBridge.004.ref.dll_9F91F1CFF2D20E26.mvfrm
[ 697/1154  0s] MovedFromExtractor Library/Bee/artifacts/mvdfrm/Unity.Searcher.Editor.ref.dll_12B7E1785E41BE0E.mvfrm
[ 698/1154  0s] MovedFromExtractor Library/Bee/artifacts/mvdfrm/Unity.AppUI.InternalAPIBridge.ref.dll_9D5090373B030875.mvfrm
[ 699/1154  0s] MovedFromExtractor Library/Bee/artifacts/mvdfrm/Unity.AI.Navigation.ref.dll_407F07063643C512.mvfrm
[ 700/1154  0s] MovedFromExtractor-Combine Library/Bee/artifacts/1900b0aE.dag/Unity.2D.Sprite.Editor.dll.mvfrm
[ 701/1154  0s] MovedFromExtractor Library/Bee/artifacts/mvdfrm/Unity.InputSystem.ref.dll_FD2EC87C14EBE081.mvfrm
[ 702/1154  0s] MovedFromExtractor Library/Bee/artifacts/mvdfrm/Unity.InferenceEngine.Microsoft.Msagl.ref.dll_2A0B58B0A1168A45.mvfrm
[ 703/1154  0s] MovedFromExtractor-Combine Library/Bee/artifacts/1900b0aE.dag/Unity.Rendering.LightTransport.Editor.dll.mvfrm
[ 704/1154  0s] MovedFromExtractor-Combine Library/Bee/artifacts/1900b0aE.dag/Unity.RenderPipelines.Core.ShaderLibrary.dll.mvfrm
[ 705/1154  0s] MovedFromExtractor-Combine Library/Bee/artifacts/1900b0aE.dag/Unity.RenderPipelines.Universal.Shaders.dll.mvfrm
[ 706/1154  0s] MovedFromExtractor-Combine Library/Bee/artifacts/1900b0aE.dag/Unity.InferenceEngine.Tokenization.dll.mvfrm
[ 707/1154  0s] MovedFromExtractor-Combine Library/Bee/artifacts/1900b0aE.dag/Unity.Burst.CodeGen.dll.mvfrm
[ 708/1154  0s] MovedFromExtractor-Combine Library/Bee/artifacts/1900b0aE.dag/Unity.Timeline.Editor.dll.mvfrm
[ 689/1154  0s] Csc Library/Bee/artifacts/1900b0aE.dag/Unity.VisualStudio.Editor.dll (+2 others) [CacheHit 57da713c0542eefc583bbc83a7e7f5bf00000000000000000000000000000006]
[ 709/1154  0s] Csc Library/Bee/artifacts/1900b0aE.dag/Unity.VisualStudio.Editor.dll (+2 others)
[ 711/1154  0s] MovedFromExtractor-Combine Library/Bee/artifacts/1900b0aE.dag/Unity.Multiplayer.Center.Editor.dll.mvfrm
[ 712/1154  0s] MovedFromExtractor-Combine Library/Bee/artifacts/1900b0aE.dag/Unity.Burst.Editor.dll.mvfrm
[ 713/1154  0s] MovedFromExtractor-Combine Library/Bee/artifacts/1900b0aE.dag/Unity.TextMeshPro.dll.mvfrm
[ 714/1154  0s] MovedFromExtractor-Combine Library/Bee/artifacts/1900b0aE.dag/Unity.Collections.dll.mvfrm
[ 715/1154  0s] MovedFromExtractor-Combine Library/Bee/artifacts/1900b0aE.dag/Unity.AppUI.Undo.dll.mvfrm
[ 695/1154  0s] Csc Library/Bee/artifacts/1900b0aE.dag/Unity.RenderPipelines.Universal.Shaders.dll (+2 others) [CacheHit ad849f7e655f52b613be52f68c8ad74200000000000000000000000000000006]
[ 716/1154  0s] MovedFromExtractor-Combine Library/Bee/artifacts/1900b0aE.dag/Unity.AI.Navigation.Editor.dll.mvfrm
[ 717/1154  0s] Csc Library/Bee/artifacts/1900b0aE.dag/Unity.RenderPipelines.Universal.Shaders.dll (+2 others)
[ 697/1154  0s] Csc Library/Bee/artifacts/1900b0aE.dag/Unity.Burst.CodeGen.dll (+2 others) [CacheHit 058aebf156586ad31571b5cbfe25af4900000000000000000000000000000006]
[ 719/1154  0s] Csc Library/Bee/artifacts/1900b0aE.dag/Unity.Burst.CodeGen.dll (+2 others)
[ 721/1154  0s] MovedFromExtractor-Combine Library/Bee/artifacts/1900b0aE.dag/Unity.RenderPipelines.ShaderGraph.ShaderGraphLibrary.dll.mvfrm
[ 699/1154  0s] Csc Library/Bee/artifacts/1900b0aE.dag/Unity.InferenceEngine.Tokenization.dll (+2 others) [CacheHit 4f9996fccfefd7140869781f665753ec00000000000000000000000000000006]
[ 722/1154  0s] Csc Library/Bee/artifacts/1900b0aE.dag/Unity.InferenceEngine.Tokenization.dll (+2 others)
[ 700/1154  0s] Csc Library/Bee/artifacts/1900b0aE.dag/Unity.Multiplayer.Center.Editor.dll (+2 others) [CacheHit ce13b9ea6de0e21c1c529a4aaf4c784700000000000000000000000000000006]
[ 724/1154  0s] Csc Library/Bee/artifacts/1900b0aE.dag/Unity.Multiplayer.Center.Editor.dll (+2 others)
[ 701/1154  0s] Csc Library/Bee/artifacts/1900b0aE.dag/Unity.Rider.Editor.dll (+2 others) [CacheHit 1a393918515bd4386934d5186c61ee6600000000000000000000000000000006]
[ 726/1154  0s] Csc Library/Bee/artifacts/1900b0aE.dag/Unity.Rider.Editor.dll (+2 others)
[ 702/1154  0s] Csc Library/Bee/artifacts/1900b0aE.dag/Unity.Timeline.Editor.dll (+2 others) [CacheHit 9e52e907efbf2cb9bc70e187c3c170e600000000000000000000000000000006]
[ 728/1154  0s] Csc Library/Bee/artifacts/1900b0aE.dag/Unity.Timeline.Editor.dll (+2 others)
[ 703/1154  0s] Csc Library/Bee/artifacts/1900b0aE.dag/Unity.Burst.Editor.dll (+2 others) [CacheHit 8c8c14132b3e172a3abac28eccfac15a00000000000000000000000000000006]
[ 730/1154  0s] MovedFromExtractor-Combine Library/Bee/artifacts/1900b0aE.dag/Unity.VisualScripting.Core.dll.mvfrm
[ 731/1154  0s] Csc Library/Bee/artifacts/1900b0aE.dag/Unity.Burst.Editor.dll (+2 others)
[ 705/1154  0s] Csc Library/Bee/artifacts/1900b0aE.dag/Unity.TextMeshPro.dll (+2 others) [CacheHit 9ae7064939ddd41993831a6c6e74e27f00000000000000000000000000000006]
[ 733/1154  0s] Csc Library/Bee/artifacts/1900b0aE.dag/Unity.TextMeshPro.dll (+2 others)
[ 735/1154  0s] MovedFromExtractor-Combine Library/Bee/artifacts/1900b0aE.dag/Unity.AppUI.dll.mvfrm
[ 707/1154  0s] Csc Library/Bee/artifacts/1900b0aE.dag/Unity.Rendering.LightTransport.Editor.dll (+2 others) [CacheHit 4652c0b8d8178544c900d1f8d484efd900000000000000000000000000000006]
[ 736/1154  0s] Csc Library/Bee/artifacts/1900b0aE.dag/Unity.Rendering.LightTransport.Editor.dll (+2 others)
[ 708/1154  0s] Csc Library/Bee/artifacts/1900b0aE.dag/Unity.Collections.dll (+2 others) [CacheHit 48b1704aa8b22360a4f1f9f0f0baf30900000000000000000000000000000006]
[ 738/1154  0s] Csc Library/Bee/artifacts/1900b0aE.dag/Unity.Collections.dll (+2 others)
[ 709/1154  0s] Csc Library/Bee/artifacts/1900b0aE.dag/Unity.AppUI.Undo.dll (+2 others) [CacheHit 742e918e4e8626b5aa6fb6a27e9c133300000000000000000000000000000006]
[ 740/1154  0s] Csc Library/Bee/artifacts/1900b0aE.dag/Unity.AppUI.Undo.dll (+2 others)
[ 710/1154  0s] Csc Library/Bee/artifacts/1900b0aE.dag/Unity.RenderPipelines.Core.ShaderLibrary.dll (+2 others) [CacheHit c2ea994448c7e3e846a787ec1e1fd4a500000000000000000000000000000006]
[ 742/1154  0s] Csc Library/Bee/artifacts/1900b0aE.dag/Unity.RenderPipelines.Core.ShaderLibrary.dll (+2 others)
[ 711/1154  0s] Csc Library/Bee/artifacts/1900b0aE.dag/Unity.AI.Navigation.Editor.dll (+2 others) [CacheHit 6f9e8055cbee88a0dcfb8af599a1c3af00000000000000000000000000000006]
[ 744/1154  0s] Csc Library/Bee/artifacts/1900b0aE.dag/Unity.AI.Navigation.Editor.dll (+2 others)
[ 746/1154  0s] MovedFromExtractor-Combine Library/Bee/artifacts/1900b0aE.dag/Unity.InputSystem.ForUI.dll.mvfrm
[ 713/1154  0s] Csc Library/Bee/artifacts/1900b0aE.dag/Unity.RenderPipelines.ShaderGraph.ShaderGraphLibrary.dll (+2 others) [CacheHit f180d800e3efbf74397cc2a81cd9e45c00000000000000000000000000000006]
[ 747/1154  0s] Csc Library/Bee/artifacts/1900b0aE.dag/Unity.RenderPipelines.ShaderGraph.ShaderGraphLibrary.dll (+2 others)
[ 749/1154  0s] MovedFromExtractor-Combine Library/Bee/artifacts/1900b0aE.dag/MiniRTS.Runtime.dll.mvfrm
[ 715/1154  0s] Csc Library/Bee/artifacts/1900b0aE.dag/Unity.2D.Sprite.Editor.dll (+2 others) [CacheHit 0228b1579e6843e4f227cac608a3620800000000000000000000000000000006]
[ 750/1154  0s] Csc Library/Bee/artifacts/1900b0aE.dag/Unity.2D.Sprite.Editor.dll (+2 others)
[ 716/1154  0s] Csc Library/Bee/artifacts/1900b0aE.dag/Unity.AppUI.dll (+2 others) [CacheHit 039e6d1d9659aae0f26bd0b612a9136d00000000000000000000000000000006]
[ 752/1154  0s] Csc Library/Bee/artifacts/1900b0aE.dag/Unity.AppUI.dll (+2 others)
[ 717/1154  0s] Csc Library/Bee/artifacts/1900b0aE.dag/Unity.VisualScripting.Core.dll (+2 others) [CacheHit fa5a5f8a2a361857187098fd2fb5c22700000000000000000000000000000006]
[ 754/1154  0s] Csc Library/Bee/artifacts/1900b0aE.dag/Unity.VisualScripting.Core.dll (+2 others)
[ 718/1154  0s] Csc Library/Bee/artifacts/1900b0aE.dag/Unity.InputSystem.ForUI.dll (+2 others) [CacheHit af1949da408e5b5fb64f306a278219a100000000000000000000000000000006]
[ 756/1154  0s] Csc Library/Bee/artifacts/1900b0aE.dag/Unity.InputSystem.ForUI.dll (+2 others)
[ 758/1154  0s] MovedFromExtractor-Combine Library/Bee/artifacts/1900b0aE.dag/Unity.PerformanceTesting.dll.mvfrm
[ 759/1154  0s] MovedFromExtractor-Combine Library/Bee/artifacts/1900b0aE.dag/MiniRTS.Editor.dll.mvfrm
[ 760/1154  0s] MovedFromExtractor Library/Bee/artifacts/mvdfrm/Unity.Burst.Editor.ref.dll_E2F92DAB6C167CC9.mvfrm
[ 761/1154  0s] MovedFromExtractor Library/Bee/artifacts/mvdfrm/Unity.Timeline.Editor.ref.dll_0D3D3C0B73557612.mvfrm
[ 762/1154  0s] MovedFromExtractor Library/Bee/artifacts/mvdfrm/Unity.AI.Navigation.Editor.ref.dll_7989A1C8D57EF9BF.mvfrm
[ 763/1154  0s] MovedFromExtractor Library/Bee/artifacts/mvdfrm/Unity.AppUI.Undo.ref.dll_B26B726F785E464B.mvfrm
[ 764/1154  0s] MovedFromExtractor Library/Bee/artifacts/mvdfrm/Unity.TextMeshPro.ref.dll_84A4293DBDD182DB.mvfrm
[ 765/1154  0s] MovedFromExtractor Library/Bee/artifacts/mvdfrm/Unity.RenderPipelines.Core.ShaderLibrary.ref.dll_7F2C410A434F5518.mvfrm
[ 766/1154  0s] MovedFromExtractor Library/Bee/artifacts/mvdfrm/Unity.RenderPipelines.ShaderGraph.ShaderGraphLibrary.ref.dll_1A2083B43FB0BF18.mvfrm
[ 728/1154  0s] Csc Library/Bee/artifacts/1900b0aE.dag/Unity.PerformanceTesting.dll (+2 others) [CacheHit e4cfbf7bd3f7ab0c26a8f59d9751dd1300000000000000000000000000000006]
[ 767/1154  0s] Csc Library/Bee/artifacts/1900b0aE.dag/Unity.PerformanceTesting.dll (+2 others)
[ 769/1154  0s] MovedFromExtractor Library/Bee/artifacts/mvdfrm/Unity.Rendering.LightTransport.Editor.ref.dll_F96E2A343514CFAE.mvfrm
[ 770/1154  0s] MovedFromExtractor Library/Bee/artifacts/mvdfrm/Unity.Collections.ref.dll_656D7410E7809ECD.mvfrm
[ 771/1154  0s] MovedFromExtractor Library/Bee/artifacts/mvdfrm/Unity.AppUI.ref.dll_A533BF42C323A64D.mvfrm
[ 772/1154  0s] MovedFromExtractor Library/Bee/artifacts/mvdfrm/Unity.2D.Sprite.Editor.ref.dll_DDBAA27A82CE9E28.mvfrm
[ 773/1154  0s] MovedFromExtractor Library/Bee/artifacts/mvdfrm/Unity.VisualScripting.Core.ref.dll_D75DF4EA1AFE54F4.mvfrm
[ 774/1154  0s] MovedFromExtractor Library/Bee/artifacts/mvdfrm/Unity.InputSystem.ForUI.ref.dll_0478B67D1094CE70.mvfrm
[ 775/1154  0s] MovedFromExtractor Library/Bee/artifacts/mvdfrm/Unity.Multiplayer.Center.Editor.ref.dll_EB1F4B6E56116D4A.mvfrm
[ 776/1154  0s] MovedFromExtractor Library/Bee/artifacts/mvdfrm/Unity.Rider.Editor.ref.dll_9B5591808ABA37AF.mvfrm
[ 777/1154  0s] MovedFromExtractor Library/Bee/artifacts/mvdfrm/Unity.InferenceEngine.Tokenization.ref.dll_BFF55A0AF17E8B9C.mvfrm
[ 778/1154  0s] MovedFromExtractor-Combine Library/Bee/artifacts/1900b0aE.dag/Unity.AI.Navigation.Updater.dll.mvfrm
[ 779/1154  0s] MovedFromExtractor-Combine Library/Bee/artifacts/1900b0aE.dag/Unity.InputSystem.TestFramework.dll.mvfrm
[ 780/1154  0s] MovedFromExtractor-Combine Library/Bee/artifacts/1900b0aE.dag/Unity.Collections.CodeGen.dll.mvfrm
[ 781/1154  0s] MovedFromExtractor-Combine Library/Bee/artifacts/1900b0aE.dag/UnityEditor.UI.Analytics.dll.mvfrm
[ 782/1154  0s] MovedFromExtractor-Combine Library/Bee/artifacts/1900b0aE.dag/Unity.InputSystem.DocCodeSamples.dll.mvfrm
[ 783/1154  0s] MovedFromExtractor Library/Bee/artifacts/mvdfrm/Unity.VisualStudio.Editor.ref.dll_3A975DBA53ABA4AD.mvfrm
[ 784/1154  0s] MovedFromExtractor Library/Bee/artifacts/mvdfrm/Unity.PerformanceTesting.ref.dll_F99DC928B1D72E5E.mvfrm
[ 785/1154  0s] MovedFromExtractor Library/Bee/artifacts/mvdfrm/Unity.RenderPipelines.Universal.Shaders.ref.dll_9468B054363B0720.mvfrm
[ 786/1154  0s] MovedFromExtractor-Combine Library/Bee/artifacts/1900b0aE.dag/Unity.UnifiedRayTracing.Runtime.dll.mvfrm
[ 787/1154  0s] MovedFromExtractor-Combine Library/Bee/artifacts/1900b0aE.dag/Unity.RenderPipelines.Core.Runtime.dll.mvfrm
[ 788/1154  0s] MovedFromExtractor-Combine Library/Bee/artifacts/1900b0aE.dag/Unity.VisualScripting.Flow.dll.mvfrm
[ 749/1154  0s] Csc Library/Bee/artifacts/1900b0aE.dag/Unity.Collections.CodeGen.dll (+2 others) [CacheHit 814375dd6a4718c07f901dd89122396f00000000000000000000000000000006]
[ 789/1154  0s] Csc Library/Bee/artifacts/1900b0aE.dag/Unity.Collections.CodeGen.dll (+2 others)
[ 791/1154  0s] MovedFromExtractor-Combine Library/Bee/artifacts/1900b0aE.dag/Unity.VisualScripting.Core.Editor.dll.mvfrm
[ 751/1154  0s] Csc Library/Bee/artifacts/1900b0aE.dag/UnityEditor.UI.Analytics.dll (+2 others) [CacheHit 88ded41304d1d1ddef85465285152bf400000000000000000000000000000006]
[ 792/1154  0s] Csc Library/Bee/artifacts/1900b0aE.dag/UnityEditor.UI.Analytics.dll (+2 others)
[ 752/1154  0s] Csc Library/Bee/artifacts/1900b0aE.dag/Unity.AI.Navigation.Updater.dll (+2 others) [CacheHit f6e08f7fce1f3b9f3f5a1319407c45a300000000000000000000000000000006]
[ 794/1154  0s] Csc Library/Bee/artifacts/1900b0aE.dag/Unity.AI.Navigation.Updater.dll (+2 others)
[ 796/1154  0s] MovedFromExtractor-Combine Library/Bee/artifacts/1900b0aE.dag/Unity.InferenceEngine.dll.mvfrm
[ 756/1154  0s] Csc Library/Bee/artifacts/1900b0aE.dag/Unity.UnifiedRayTracing.Runtime.dll (+2 others) [CacheHit 1072bcee0904c4aa6c585513026a31f900000000000000000000000000000006]
[ 797/1154  0s] Csc Library/Bee/artifacts/1900b0aE.dag/Unity.UnifiedRayTracing.Runtime.dll (+2 others)
[ 799/1154  0s] MovedFromExtractor-Combine Library/Bee/artifacts/1900b0aE.dag/Unity.PlasticSCM.Editor.dll.mvfrm
[ 800/1154  0s] MovedFromExtractor-Combine Library/Bee/artifacts/1900b0aE.dag/Unity.AppUI.Redux.dll.mvfrm
[ 801/1154  0s] MovedFromExtractor-Combine Library/Bee/artifacts/1900b0aE.dag/Unity.Collections.Editor.dll.mvfrm
[ 802/1154  0s] MovedFromExtractor-Combine Library/Bee/artifacts/1900b0aE.dag/Unity.AppUI.Navigation.dll.mvfrm
[ 803/1154  0s] MovedFromExtractor-Combine Library/Bee/artifacts/1900b0aE.dag/Unity.AppUI.MVVM.dll.mvfrm
[ 762/1154  0s] Csc Library/Bee/artifacts/1900b0aE.dag/Unity.VisualScripting.Flow.dll (+2 others) [CacheHit f78dae4a8f69b7113c60ec885e35b6f600000000000000000000000000000006]
[ 804/1154  0s] Csc Library/Bee/artifacts/1900b0aE.dag/Unity.VisualScripting.Flow.dll (+2 others)
[ 763/1154  0s] Csc Library/Bee/artifacts/1900b0aE.dag/Unity.VisualScripting.Core.Editor.dll (+2 others) [CacheHit dce80d8c3a10df9dbfd49a3f2f587fbb00000000000000000000000000000006]
[ 806/1154  0s] Csc Library/Bee/artifacts/1900b0aE.dag/Unity.VisualScripting.Core.Editor.dll (+2 others)
[ 808/1154  0s] MovedFromExtractor-Combine Library/Bee/artifacts/1900b0aE.dag/Unity.AppUI.Editor.dll.mvfrm
[ 765/1154  0s] Csc Library/Bee/artifacts/1900b0aE.dag/Unity.RenderPipelines.Core.Runtime.dll (+2 others) [CacheHit 8092a5eaab56ffc4b843f4a40c9e276600000000000000000000000000000006]
[ 809/1154  0s] Csc Library/Bee/artifacts/1900b0aE.dag/Unity.RenderPipelines.Core.Runtime.dll (+2 others)
[ 811/1154  0s] MovedFromExtractor-Combine Library/Bee/artifacts/1900b0aE.dag/Unity.PerformanceTesting.Editor.dll.mvfrm
[ 767/1154  0s] Csc Library/Bee/artifacts/1900b0aE.dag/Unity.InferenceEngine.dll (+2 others) [CacheHit 99afe356cbbe05f912abad8fe663dead00000000000000000000000000000006]
[ 812/1154  0s] Csc Library/Bee/artifacts/1900b0aE.dag/Unity.InferenceEngine.dll (+2 others)
[ 768/1154  0s] Csc Library/Bee/artifacts/1900b0aE.dag/Unity.Collections.Editor.dll (+2 others) [CacheHit 31e2b96419ad14f8ebe385f60cc70e8600000000000000000000000000000006]
[ 814/1154  0s] Csc Library/Bee/artifacts/1900b0aE.dag/Unity.Collections.Editor.dll (+2 others)
[ 769/1154  0s] Csc Library/Bee/artifacts/1900b0aE.dag/Unity.AppUI.Navigation.dll (+2 others) [CacheHit 9631d1cbed60aa09c0641e43733879e600000000000000000000000000000006]
[ 816/1154  0s] Csc Library/Bee/artifacts/1900b0aE.dag/Unity.AppUI.Navigation.dll (+2 others)
[ 770/1154  0s] Csc Library/Bee/artifacts/1900b0aE.dag/Unity.AppUI.Redux.dll (+2 others) [CacheHit 420881c7fce1c4ac77f4f092ec912f4e00000000000000000000000000000006]
[ 818/1154  0s] Csc Library/Bee/artifacts/1900b0aE.dag/Unity.AppUI.Redux.dll (+2 others)
[ 820/1154  0s] MovedFromExtractor-Combine Library/Bee/artifacts/1900b0aE.dag/MiniRTS.Tests.EditMode.dll.mvfrm
[ 773/1154  0s] Csc Library/Bee/artifacts/1900b0aE.dag/Unity.InputSystem.TestFramework.dll (+2 others) [CacheHit 2719d1c69c9e19e54a7cdaf7c494e23a00000000000000000000000000000006]
[ 821/1154  0s] Csc Library/Bee/artifacts/1900b0aE.dag/Unity.InputSystem.TestFramework.dll (+2 others)
[ 774/1154  0s] Csc Library/Bee/artifacts/1900b0aE.dag/Unity.PlasticSCM.Editor.dll (+2 others) [CacheHit c1393b5a9820ca51436b4eac3b77c12000000000000000000000000000000006]
[ 823/1154  0s] Csc Library/Bee/artifacts/1900b0aE.dag/Unity.PlasticSCM.Editor.dll (+2 others)
[ 775/1154  0s] Csc Library/Bee/artifacts/1900b0aE.dag/Unity.AppUI.MVVM.dll (+2 others) [CacheHit 38d79924c544e3d2b1d0cf1036b7019000000000000000000000000000000006]
[ 825/1154  0s] Csc Library/Bee/artifacts/1900b0aE.dag/Unity.AppUI.MVVM.dll (+2 others)
[ 776/1154  0s] Csc Library/Bee/artifacts/1900b0aE.dag/Unity.AppUI.Editor.dll (+2 others) [CacheHit d32a0ee612412b1bfc45774d1c2ce6fd00000000000000000000000000000006]
[ 827/1154  0s] Csc Library/Bee/artifacts/1900b0aE.dag/Unity.AppUI.Editor.dll (+2 others)
[ 829/1154  0s] MovedFromExtractor Library/Bee/artifacts/mvdfrm/UnityEditor.UI.Analytics.ref.dll_3B64A5A3A726AD5D.mvfrm
[ 830/1154  0s] CopyFiles Library/ScriptAssemblies/Unity.Collections.CodeGen.pdb
[ 831/1154  0s] MovedFromExtractor Library/Bee/artifacts/mvdfrm/Unity.AI.Navigation.Updater.ref.dll_34B8D5B7DED6E76D.mvfrm
[ 832/1154  0s] CopyFiles Library/ScriptAssemblies/Unity.Rider.Editor.pdb
[ 781/1154  0s] Csc Library/Bee/artifacts/1900b0aE.dag/Unity.InputSystem.DocCodeSamples.dll (+2 others) [CacheHit 78ab8e5258c069da062cc73065ba02a900000000000000000000000000000006]
[ 833/1154  0s] Csc Library/Bee/artifacts/1900b0aE.dag/Unity.InputSystem.DocCodeSamples.dll (+2 others)
[ 835/1154  0s] CopyFiles Library/ScriptAssemblies/Unity.Burst.CodeGen.dll
[ 836/1154  0s] MovedFromExtractor Library/Bee/artifacts/mvdfrm/Unity.UnifiedRayTracing.Runtime.ref.dll_1311DEF2651EFE0C.mvfrm
[ 837/1154  0s] CopyFiles Library/ScriptAssemblies/Unity.Collections.CodeGen.dll
[ 838/1154  0s] CopyFiles Library/ScriptAssemblies/Unity.Burst.CodeGen.pdb
[ 839/1154  0s] CopyFiles Library/ScriptAssemblies/Unity.VisualStudio.Editor.pdb
[ 787/1154  0s] Csc Library/Bee/artifacts/1900b0aE.dag/Unity.PerformanceTesting.Editor.dll (+2 others) [CacheHit 35dbfdfa712af54a449fef30c748f54700000000000000000000000000000006]
[ 840/1154  0s] Csc Library/Bee/artifacts/1900b0aE.dag/Unity.PerformanceTesting.Editor.dll (+2 others)
[ 842/1154  0s] MovedFromExtractor Library/Bee/artifacts/mvdfrm/Unity.VisualScripting.Core.Editor.ref.dll_EDC8690F57C5BDFD.mvfrm
[ 843/1154  0s] MovedFromExtractor Library/Bee/artifacts/mvdfrm/Unity.AppUI.Navigation.ref.dll_1ED6E38AD34C496B.mvfrm
[ 844/1154  0s] MovedFromExtractor Library/Bee/artifacts/mvdfrm/Unity.VisualScripting.Flow.ref.dll_1E6ED5409D07C9A3.mvfrm
[ 845/1154  0s] CopyFiles Library/ScriptAssemblies/Unity.VisualStudio.Editor.dll
[ 846/1154  0s] MovedFromExtractor Library/Bee/artifacts/mvdfrm/Unity.RenderPipelines.Core.Runtime.ref.dll_CE6A42C97D96EB0A.mvfrm
[ 847/1154  0s] MovedFromExtractor Library/Bee/artifacts/mvdfrm/Unity.Collections.Editor.ref.dll_E4491E98C71DB4B4.mvfrm
[ 848/1154  0s] MovedFromExtractor Library/Bee/artifacts/mvdfrm/Unity.InferenceEngine.ref.dll_9EDECC8B8B16B6F3.mvfrm
[ 849/1154  0s] MovedFromExtractor Library/Bee/artifacts/mvdfrm/Unity.AppUI.Editor.ref.dll_4AB738DF8C95A534.mvfrm
[ 850/1154  0s] MovedFromExtractor Library/Bee/artifacts/mvdfrm/Unity.AppUI.Redux.ref.dll_DB614A214C776B53.mvfrm
[ 851/1154  0s] CopyFiles Library/ScriptAssemblies/Unity.Rider.Editor.dll
[ 852/1154  0s] MovedFromExtractor Library/Bee/artifacts/mvdfrm/Unity.PlasticSCM.Editor.ref.dll_257AEB342BE77856.mvfrm
[ 853/1154  0s] MovedFromExtractor Library/Bee/artifacts/mvdfrm/Unity.AppUI.MVVM.ref.dll_BC24948F7C353607.mvfrm
[ 854/1154  0s] MovedFromExtractor-Combine Library/Bee/artifacts/1900b0aE.dag/Unity.VisualScripting.Flow.Editor.dll.mvfrm
[ 855/1154  0s] MovedFromExtractor-Combine Library/Bee/artifacts/1900b0aE.dag/Unity.VisualScripting.State.dll.mvfrm
[ 856/1154  0s] MovedFromExtractor-Combine Library/Bee/artifacts/1900b0aE.dag/Unity.VisualScripting.DocCodeExamples.dll.mvfrm
[ 857/1154  0s] MovedFromExtractor-Combine Library/Bee/artifacts/1900b0aE.dag/Unity.RenderPipelines.Core.Runtime.Shared.dll.mvfrm
[ 858/1154  0s] MovedFromExtractor-Combine Library/Bee/artifacts/1900b0aE.dag/Unity.TextMeshPro.Editor.dll.mvfrm
[ 859/1154  0s] MovedFromExtractor-Combine Library/Bee/artifacts/1900b0aE.dag/Unity.RenderPipelines.GPUDriven.Runtime.dll.mvfrm
[ 860/1154  0s] MovedFromExtractor-Combine Library/Bee/artifacts/1900b0aE.dag/Unity.RenderPipelines.Universal.Config.Runtime.dll.mvfrm
[ 861/1154  0s] MovedFromExtractor-Combine Library/Bee/artifacts/1900b0aE.dag/Unity.RenderPipeline.Universal.ShaderLibrary.dll.mvfrm
[ 862/1154  0s] MovedFromExtractor-Combine Library/Bee/artifacts/1900b0aE.dag/Unity.PathTracing.Runtime.dll.mvfrm
[ 863/1154  0s] MovedFromExtractor-Combine Library/Bee/artifacts/1900b0aE.dag/Unity.InferenceEngine.ONNX.Editor.dll.mvfrm
[ 810/1154  0s] Csc Library/Bee/artifacts/1900b0aE.dag/Unity.VisualScripting.State.dll (+2 others) [CacheHit 29ea453b48a3576df93e8e5d6cb8c54600000000000000000000000000000006]
[ 864/1154  0s] Csc Library/Bee/artifacts/1900b0aE.dag/Unity.VisualScripting.State.dll (+2 others)
[ 811/1154  0s] Csc Library/Bee/artifacts/1900b0aE.dag/Unity.VisualScripting.Flow.Editor.dll (+2 others) [CacheHit 67a94cfe743beee4a2193e711648377700000000000000000000000000000006]
[ 866/1154  0s] Csc Library/Bee/artifacts/1900b0aE.dag/Unity.VisualScripting.Flow.Editor.dll (+2 others)
[ 812/1154  0s] Csc Library/Bee/artifacts/1900b0aE.dag/Unity.RenderPipelines.Core.Runtime.Shared.dll (+2 others) [CacheHit d52782e8e4bee24dda406539d112fa5e00000000000000000000000000000006]
[ 868/1154  0s] Csc Library/Bee/artifacts/1900b0aE.dag/Unity.RenderPipelines.Core.Runtime.Shared.dll (+2 others)
[ 870/1154  0s] MovedFromExtractor-Combine Library/Bee/artifacts/1900b0aE.dag/Unity.PlasticSCM.Editor.Assistant.dll.mvfrm
[ 871/1154  0s] MovedFromExtractor-Combine Library/Bee/artifacts/1900b0aE.dag/Unity.InferenceEngine.iOSBLAS.dll.mvfrm
[ 872/1154  0s] MovedFromExtractor-Combine Library/Bee/artifacts/1900b0aE.dag/Unity.AppUI.Redux.Editor.dll.mvfrm
[           0s] Csc Library/Bee/artifacts/1900b0aE.dag/Unity.RenderPipelines.Universal.Config.Runtime.dll (+2 others) [CacheMiss a5b44298f7c7a9340d2d2485438fcccc00000000000000000000000000000006]
[ 873/1154  0s] MovedFromExtractor-Combine Library/Bee/artifacts/1900b0aE.dag/Unity.InferenceEngine.Editor.Visualizer.dll.mvfrm
[ 874/1154  0s] MovedFromExtractor-Combine Library/Bee/artifacts/1900b0aE.dag/Unity.AppUI.Navigation.Editor.dll.mvfrm
[ 818/1154  0s] Csc Library/Bee/artifacts/1900b0aE.dag/Unity.RenderPipelines.GPUDriven.Runtime.dll (+2 others) [CacheHit da8f13af44720046a061d0160efaef1900000000000000000000000000000006]
[ 875/1154  0s] Csc Library/Bee/artifacts/1900b0aE.dag/Unity.RenderPipelines.GPUDriven.Runtime.dll (+2 others)
[ 819/1154  0s] Csc Library/Bee/artifacts/1900b0aE.dag/Unity.TextMeshPro.Editor.dll (+2 others) [CacheHit fb25a412ac875f661ba678d341544e1700000000000000000000000000000006]
[ 877/1154  0s] Csc Library/Bee/artifacts/1900b0aE.dag/Unity.TextMeshPro.Editor.dll (+2 others)
[ 820/1154  0s] Csc Library/Bee/artifacts/1900b0aE.dag/Unity.RenderPipeline.Universal.ShaderLibrary.dll (+2 others) [CacheHit d368c75a992895eda25bdcf834c4e9d900000000000000000000000000000006]
[ 879/1154  0s] Csc Library/Bee/artifacts/1900b0aE.dag/Unity.RenderPipeline.Universal.ShaderLibrary.dll (+2 others)
[ 821/1154  0s] Csc Library/Bee/artifacts/1900b0aE.dag/Unity.PathTracing.Runtime.dll (+2 others) [CacheHit f7f3cfdb1d972b77f03ddd8dc393b8b500000000000000000000000000000006]
[ 881/1154  0s] Csc Library/Bee/artifacts/1900b0aE.dag/Unity.PathTracing.Runtime.dll (+2 others)
[ 822/1154  0s] Csc Library/Bee/artifacts/1900b0aE.dag/Unity.InferenceEngine.ONNX.Editor.dll (+2 others) [CacheHit 9f8aa4ed2b606bf03dbdf3f44bc26c5c00000000000000000000000000000006]
[ 883/1154  0s] Csc Library/Bee/artifacts/1900b0aE.dag/Unity.InferenceEngine.ONNX.Editor.dll (+2 others)
[ 823/1154  0s] Csc Library/Bee/artifacts/1900b0aE.dag/Unity.PlasticSCM.Editor.Assistant.dll (+2 others) [CacheHit 709277bf16d6d03fe5f687d3cc98269100000000000000000000000000000006]
[ 885/1154  0s] Csc Library/Bee/artifacts/1900b0aE.dag/Unity.PlasticSCM.Editor.Assistant.dll (+2 others)
[ 824/1154  0s] Csc Library/Bee/artifacts/1900b0aE.dag/Unity.InferenceEngine.iOSBLAS.dll (+2 others) [CacheHit 27a087ee14628a87d8fe49b87e8ab76b00000000000000000000000000000006]
[ 887/1154  0s] Csc Library/Bee/artifacts/1900b0aE.dag/Unity.InferenceEngine.iOSBLAS.dll (+2 others)
[ 825/1154  0s] Csc Library/Bee/artifacts/1900b0aE.dag/Unity.AppUI.Redux.Editor.dll (+2 others) [CacheHit a388ae11fa67bcbfdac84637e209c5c700000000000000000000000000000006]
[ 889/1154  0s] Csc Library/Bee/artifacts/1900b0aE.dag/Unity.AppUI.Redux.Editor.dll (+2 others)
[ 826/1154  0s] Csc Library/Bee/artifacts/1900b0aE.dag/Unity.InferenceEngine.Editor.Visualizer.dll (+2 others) [CacheHit 5d6bfa7e33b557f61d61a80c3998432000000000000000000000000000000006]
[ 891/1154  0s] Csc Library/Bee/artifacts/1900b0aE.dag/Unity.InferenceEngine.Editor.Visualizer.dll (+2 others)
[ 827/1154  0s] Csc Library/Bee/artifacts/1900b0aE.dag/Unity.AppUI.Navigation.Editor.dll (+2 others) [CacheHit 1369927234806a3eb70fe92064c1911700000000000000000000000000000006]
[ 893/1154  0s] Csc Library/Bee/artifacts/1900b0aE.dag/Unity.AppUI.Navigation.Editor.dll (+2 others)
[ 895/1154  0s] MovedFromExtractor-Combine Library/Bee/artifacts/1900b0aE.dag/Unity.InferenceEngine.MacBLAS.dll.mvfrm
[ 896/1154  0s] MovedFromExtractor Library/Bee/artifacts/mvdfrm/Unity.VisualScripting.State.ref.dll_D91762B7076BE462.mvfrm
[ 897/1154  0s] MovedFromExtractor Library/Bee/artifacts/mvdfrm/Unity.RenderPipelines.Core.Runtime.Shared.ref.dll_547B576A1A56EABF.mvfrm
[ 898/1154  0s] MovedFromExtractor Library/Bee/artifacts/mvdfrm/Unity.VisualScripting.Flow.Editor.ref.dll_6AF951BE66A4493E.mvfrm
[ 899/1154  0s] MovedFromExtractor Library/Bee/artifacts/mvdfrm/Unity.TextMeshPro.Editor.ref.dll_159E061D77A10B86.mvfrm
[ 833/1154  0s] Csc Library/Bee/artifacts/1900b0aE.dag/Unity.InferenceEngine.MacBLAS.dll (+2 others) [CacheHit bd04f28729b8da3c2ba8035aadc6c6d600000000000000000000000000000006]
[ 900/1154  0s] Csc Library/Bee/artifacts/1900b0aE.dag/Unity.InferenceEngine.MacBLAS.dll (+2 others)
[ 902/1154  0s] MovedFromExtractor Library/Bee/artifacts/mvdfrm/Unity.PathTracing.Runtime.ref.dll_A3836DD8411AE5EF.mvfrm
[ 903/1154  0s] MovedFromExtractor Library/Bee/artifacts/mvdfrm/Unity.RenderPipelines.GPUDriven.Runtime.ref.dll_94F5458D7254E99F.mvfrm
[ 904/1154  0s] MovedFromExtractor Library/Bee/artifacts/mvdfrm/Unity.RenderPipeline.Universal.ShaderLibrary.ref.dll_5436F99F8BDCED8B.mvfrm
[ 905/1154  0s] MovedFromExtractor Library/Bee/artifacts/mvdfrm/Unity.InferenceEngine.iOSBLAS.ref.dll_74AE02281564048E.mvfrm
[ 906/1154  0s] MovedFromExtractor Library/Bee/artifacts/mvdfrm/Unity.InferenceEngine.ONNX.Editor.ref.dll_C15286C7F5D85607.mvfrm
[ 907/1154  0s] MovedFromExtractor Library/Bee/artifacts/mvdfrm/Unity.PlasticSCM.Editor.Assistant.ref.dll_8E2FBDF189F35426.mvfrm
[ 908/1154  0s] MovedFromExtractor Library/Bee/artifacts/mvdfrm/Unity.InferenceEngine.Editor.Visualizer.ref.dll_DF84C9EF207349E4.mvfrm
[ 909/1154  0s] MovedFromExtractor Library/Bee/artifacts/mvdfrm/Unity.AppUI.Redux.Editor.ref.dll_F05833706030528E.mvfrm
[ 910/1154  0s] Csc Library/Bee/artifacts/1900b0aE.dag/Unity.RenderPipelines.Universal.Config.Runtime.dll (+2 others)
[ 911/1154  0s] MovedFromExtractor Library/Bee/artifacts/mvdfrm/Unity.AppUI.Navigation.Editor.ref.dll_72B3D71B833FDDF6.mvfrm
[ 843/1154  0s] Csc Library/Bee/artifacts/1900b0aE.dag/Unity.VisualScripting.DocCodeExamples.dll (+2 others) [CacheHit 2d1d49267055d0af98aee0d930b0c19200000000000000000000000000000006]
[ 912/1154  0s] Csc Library/Bee/artifacts/1900b0aE.dag/Unity.VisualScripting.DocCodeExamples.dll (+2 others)
[ 914/1154  0s] MovedFromExtractor-Combine Library/Bee/artifacts/1900b0aE.dag/Unity.CollabProxy.Editor.dll.mvfrm
[ 915/1154  0s] MovedFromExtractor-Combine Library/Bee/artifacts/1900b0aE.dag/Unity.PlasticSCM.Editor.Entities.dll.mvfrm
[           0s] Csc Library/Bee/artifacts/1900b0aE.dag/Unity.RenderPipelines.Universal.Config.Runtime.dll (+2 others) [CacheWrite a5b44298f7c7a9340d2d2485438fcccc00000000000000000000000000000006]
[ 847/1154  0s] Csc Library/Bee/artifacts/1900b0aE.dag/Unity.CollabProxy.Editor.dll (+2 others) [CacheHit b17de603434e8f3820d5279a25f13f0800000000000000000000000000000006]
[ 916/1154  0s] Csc Library/Bee/artifacts/1900b0aE.dag/Unity.CollabProxy.Editor.dll (+2 others)
[ 848/1154  0s] Csc Library/Bee/artifacts/1900b0aE.dag/Unity.PlasticSCM.Editor.Entities.dll (+2 others) [CacheHit ef5ce20a43cc5f13ff10dfb3a27e977400000000000000000000000000000006]
[ 918/1154  0s] Csc Library/Bee/artifacts/1900b0aE.dag/Unity.PlasticSCM.Editor.Entities.dll (+2 others)
[ 920/1154  0s] MovedFromExtractor-Combine Library/Bee/artifacts/1900b0aE.dag/Unity.VisualScripting.SettingsProvider.Editor.dll.mvfrm
[ 921/1154  0s] MovedFromExtractor-Combine Library/Bee/artifacts/1900b0aE.dag/Unity.VisualScripting.State.Editor.dll.mvfrm
[ 922/1154  0s] MovedFromExtractor-Combine Library/Bee/artifacts/1900b0aE.dag/Unity.SurfaceCache.Runtime.dll.mvfrm
[ 923/1154  0s] MovedFromExtractor-Combine Library/Bee/artifacts/1900b0aE.dag/Unity.PathTracing.Editor.dll.mvfrm
[ 924/1154  0s] MovedFromExtractor Library/Bee/artifacts/mvdfrm/Unity.InferenceEngine.MacBLAS.ref.dll_2B21D447C3B68490.mvfrm
[ 854/1154  0s] Csc Library/Bee/artifacts/1900b0aE.dag/Unity.VisualScripting.SettingsProvider.Editor.dll (+2 others) [CacheHit dc1fdeb07c04a90f281fd46081b3195900000000000000000000000000000006]
[ 925/1154  0s] Csc Library/Bee/artifacts/1900b0aE.dag/Unity.VisualScripting.SettingsProvider.Editor.dll (+2 others)
[ 855/1154  0s] Csc Library/Bee/artifacts/1900b0aE.dag/Unity.SurfaceCache.Runtime.dll (+2 others) [CacheHit ad14e864bae657537af0f1f0a2c94cf100000000000000000000000000000006]
[ 927/1154  0s] Csc Library/Bee/artifacts/1900b0aE.dag/Unity.SurfaceCache.Runtime.dll (+2 others)
[ 856/1154  0s] Csc Library/Bee/artifacts/1900b0aE.dag/Unity.VisualScripting.State.Editor.dll (+2 others) [CacheHit 177df2d6564f641c61ed13c567cdc15f00000000000000000000000000000006]
[ 929/1154  0s] Csc Library/Bee/artifacts/1900b0aE.dag/Unity.VisualScripting.State.Editor.dll (+2 others)
[ 931/1154  0s] ILPP-Configuration Library/ilpp-configuration.nevergeneratedoutput
[ 932/1154  0s] MovedFromExtractor-Combine Library/Bee/artifacts/1900b0aE.dag/Unity.InferenceEngine.Editor.dll.mvfrm
[ 858/1154  0s] Csc Library/Bee/artifacts/1900b0aE.dag/Unity.PathTracing.Editor.dll (+2 others) [CacheHit dddc44b1b110e4d1bfdc5ef91bcfed8a00000000000000000000000000000006]
[ 933/1154  0s] Csc Library/Bee/artifacts/1900b0aE.dag/Unity.PathTracing.Editor.dll (+2 others)
[ 861/1154  0s] Csc Library/Bee/artifacts/1900b0aE.dag/Unity.InferenceEngine.Editor.dll (+2 others) [CacheHit b56ec64b8b9c1cd49e19402ae8c175e500000000000000000000000000000006]
[ 935/1154  0s] Csc Library/Bee/artifacts/1900b0aE.dag/Unity.InferenceEngine.Editor.dll (+2 others)
[ 937/1154  0s] MovedFromExtractor Library/Bee/artifacts/mvdfrm/Unity.RenderPipelines.Universal.Config.Runtime.ref.dll_5D92000A132D4840.mvfrm
[ 938/1154  0s] MovedFromExtractor Library/Bee/artifacts/mvdfrm/Unity.VisualScripting.SettingsProvider.Editor.ref.dll_A1A44354E0B583A8.mvfrm
[ 939/1154  0s] MovedFromExtractor Library/Bee/artifacts/mvdfrm/Unity.SurfaceCache.Runtime.ref.dll_1F80B23B2A61B75D.mvfrm
[ 940/1154  0s] MovedFromExtractor Library/Bee/artifacts/mvdfrm/Unity.VisualScripting.State.Editor.ref.dll_E03858E727F23F6F.mvfrm
[ 941/1154  0s] MovedFromExtractor Library/Bee/artifacts/mvdfrm/Unity.PathTracing.Editor.ref.dll_D122108C09459E7C.mvfrm
[ 942/1154  0s] MovedFromExtractor Library/Bee/artifacts/mvdfrm/Unity.InferenceEngine.Editor.ref.dll_4D8CFC134AD7A0EE.mvfrm
[ 943/1154  0s] MovedFromExtractor-Combine Library/Bee/artifacts/1900b0aE.dag/Unity.RenderPipelines.Universal.Runtime.dll.mvfrm
[ 944/1154  0s] MovedFromExtractor-Combine Library/Bee/artifacts/1900b0aE.dag/Unity.VisualScripting.Shared.Editor.dll.mvfrm
[ 945/1154  0s] MovedFromExtractor-Combine Library/Bee/artifacts/1900b0aE.dag/Unity.RenderPipelines.Core.Editor.dll.mvfrm
[ 871/1154  0s] Csc Library/Bee/artifacts/1900b0aE.dag/Unity.VisualScripting.Shared.Editor.dll (+2 others) [CacheHit c1caced97699ab175ad8e0015c1c999b00000000000000000000000000000006]
[ 946/1154  0s] Csc Library/Bee/artifacts/1900b0aE.dag/Unity.VisualScripting.Shared.Editor.dll (+2 others)
[ 872/1154  0s] Csc Library/Bee/artifacts/1900b0aE.dag/Unity.RenderPipelines.Universal.Runtime.dll (+2 others) [CacheHit f01039227c7057dc8b59b89fe1b2db0f00000000000000000000000000000006]
[ 948/1154  0s] Csc Library/Bee/artifacts/1900b0aE.dag/Unity.RenderPipelines.Universal.Runtime.dll (+2 others)
[ 873/1154  0s] Csc Library/Bee/artifacts/1900b0aE.dag/Unity.RenderPipelines.Core.Editor.dll (+2 others) [CacheHit 29b0384dc86c3470a4341ac7273132f000000000000000000000000000000006]
[ 950/1154  0s] Csc Library/Bee/artifacts/1900b0aE.dag/Unity.RenderPipelines.Core.Editor.dll (+2 others)
[ 952/1154  0s] MovedFromExtractor Library/Bee/artifacts/mvdfrm/Unity.VisualScripting.Shared.Editor.ref.dll_9669F6EBFF6DFFB7.mvfrm
[ 953/1154  0s] MovedFromExtractor Library/Bee/artifacts/mvdfrm/Unity.RenderPipelines.Universal.Runtime.ref.dll_5400A10AF7CC6BEA.mvfrm
[ 954/1154  0s] MovedFromExtractor Library/Bee/artifacts/mvdfrm/Unity.RenderPipelines.Core.Editor.ref.dll_46EB9B6930B27991.mvfrm
[ 955/1154  0s] ILPostProcess Library/Bee/artifacts/1900b0aE.dag/post-processed/Unity.SurfaceCache.Runtime.dll (+pdb)
Processing assembly Library/Bee/artifacts/1900b0aE.dag/Unity.SurfaceCache.Runtime.dll, with 142 defines and 301 references

processors: Unity.Jobs.CodeGen.JobsILPostProcessor, zzzUnity.Burst.CodeGen.BurstILPostProcessor

running Unity.Jobs.CodeGen.JobsILPostProcessor

running zzzUnity.Burst.CodeGen.BurstILPostProcessor
[ 956/1154  0s] ILPostProcess Library/Bee/artifacts/1900b0aE.dag/post-processed/Unity.VisualScripting.State.dll (+pdb)
Processing assembly Library/Bee/artifacts/1900b0aE.dag/Unity.VisualScripting.State.dll, with 142 defines and 299 references

processors: Unity.Jobs.CodeGen.JobsILPostProcessor, zzzUnity.Burst.CodeGen.BurstILPostProcessor

running Unity.Jobs.CodeGen.JobsILPostProcessor

running zzzUnity.Burst.CodeGen.BurstILPostProcessor
[ 957/1154  0s] ILPostProcess Library/Bee/artifacts/1900b0aE.dag/post-processed/Unity.RenderPipelines.Universal.Shaders.dll (+pdb)
Processing assembly Library/Bee/artifacts/1900b0aE.dag/Unity.RenderPipelines.Universal.Shaders.dll, with 142 defines and 297 references

processors: Unity.Jobs.CodeGen.JobsILPostProcessor, zzzUnity.Burst.CodeGen.BurstILPostProcessor

running Unity.Jobs.CodeGen.JobsILPostProcessor

running zzzUnity.Burst.CodeGen.BurstILPostProcessor
[ 958/1154  0s] ILPostProcess Library/Bee/artifacts/1900b0aE.dag/post-processed/Unity.InferenceEngine.iOSBLAS.dll (+pdb)
Processing assembly Library/Bee/artifacts/1900b0aE.dag/Unity.InferenceEngine.iOSBLAS.dll, with 142 defines and 298 references

processors: Unity.Jobs.CodeGen.JobsILPostProcessor, zzzUnity.Burst.CodeGen.BurstILPostProcessor

running Unity.Jobs.CodeGen.JobsILPostProcessor

running zzzUnity.Burst.CodeGen.BurstILPostProcessor
[ 959/1154  0s] ILPostProcess Library/Bee/artifacts/1900b0aE.dag/post-processed/Unity.InternalAPIEngineBridge.004.dll (+pdb)
Processing assembly Library/Bee/artifacts/1900b0aE.dag/Unity.InternalAPIEngineBridge.004.dll, with 142 defines and 297 references

processors: Unity.Jobs.CodeGen.JobsILPostProcessor, zzzUnity.Burst.CodeGen.BurstILPostProcessor

running Unity.Jobs.CodeGen.JobsILPostProcessor

running zzzUnity.Burst.CodeGen.BurstILPostProcessor
[ 960/1154  0s] ILPostProcess Library/Bee/artifacts/1900b0aE.dag/post-processed/UnityEngine.UI.dll (+pdb)
Processing assembly Library/Bee/artifacts/1900b0aE.dag/UnityEngine.UI.dll, with 148 defines and 295 references

processors: Unity.Jobs.CodeGen.JobsILPostProcessor, zzzUnity.Burst.CodeGen.BurstILPostProcessor

running Unity.Jobs.CodeGen.JobsILPostProcessor

running zzzUnity.Burst.CodeGen.BurstILPostProcessor
[ 961/1154  0s] ILPostProcess Library/Bee/artifacts/1900b0aE.dag/post-processed/Unity.InferenceEngine.Tokenization.dll (+pdb)
Processing assembly Library/Bee/artifacts/1900b0aE.dag/Unity.InferenceEngine.Tokenization.dll, with 142 defines and 283 references

processors: Unity.Jobs.CodeGen.JobsILPostProcessor, zzzUnity.Burst.CodeGen.BurstILPostProcessor

running Unity.Jobs.CodeGen.JobsILPostProcessor

running zzzUnity.Burst.CodeGen.BurstILPostProcessor
[ 962/1154  0s] ILPostProcess Library/Bee/artifacts/1900b0aE.dag/post-processed/Unity.InferenceEngine.MacBLAS.dll (+pdb)
Processing assembly Library/Bee/artifacts/1900b0aE.dag/Unity.InferenceEngine.MacBLAS.dll, with 142 defines and 298 references

processors: Unity.Jobs.CodeGen.JobsILPostProcessor, zzzUnity.Burst.CodeGen.BurstILPostProcessor

running Unity.Jobs.CodeGen.JobsILPostProcessor

running zzzUnity.Burst.CodeGen.BurstILPostProcessor
[ 963/1154  0s] ILPostProcess Library/Bee/artifacts/1900b0aE.dag/post-processed/Unity.AppUI.Navigation.dll (+pdb)
Processing assembly Library/Bee/artifacts/1900b0aE.dag/Unity.AppUI.Navigation.dll, with 144 defines and 286 references

processors: Unity.Jobs.CodeGen.JobsILPostProcessor, zzzUnity.Burst.CodeGen.BurstILPostProcessor

running Unity.Jobs.CodeGen.JobsILPostProcessor

running zzzUnity.Burst.CodeGen.BurstILPostProcessor
[ 964/1154  0s] ILPostProcess Library/Bee/artifacts/1900b0aE.dag/post-processed/Unity.VisualScripting.Core.dll (+pdb)
Processing assembly Library/Bee/artifacts/1900b0aE.dag/Unity.VisualScripting.Core.dll, with 147 defines and 298 references

processors: Unity.Jobs.CodeGen.JobsILPostProcessor, zzzUnity.Burst.CodeGen.BurstILPostProcessor

running Unity.Jobs.CodeGen.JobsILPostProcessor

running zzzUnity.Burst.CodeGen.BurstILPostProcessor
[ 965/1154  0s] ILPostProcess Library/Bee/artifacts/1900b0aE.dag/post-processed/Unity.PerformanceTesting.dll (+pdb)
Processing assembly Library/Bee/artifacts/1900b0aE.dag/Unity.PerformanceTesting.dll, with 143 defines and 281 references

processors: Unity.Jobs.CodeGen.JobsILPostProcessor, zzzUnity.Burst.CodeGen.BurstILPostProcessor

running Unity.Jobs.CodeGen.JobsILPostProcessor

running zzzUnity.Burst.CodeGen.BurstILPostProcessor
[ 966/1154  0s] MovedFromExtractor-Combine Library/Bee/artifacts/1900b0aE.dag/Unity.RenderPipelines.Universal.2D.Runtime.dll.mvfrm
[ 967/1154  0s] ILPostProcess Library/Bee/artifacts/1900b0aE.dag/post-processed/Unity.RenderPipelines.Core.ShaderLibrary.dll (+pdb)
Processing assembly Library/Bee/artifacts/1900b0aE.dag/Unity.RenderPipelines.Core.ShaderLibrary.dll, with 142 defines and 297 references

processors: Unity.Jobs.CodeGen.JobsILPostProcessor, zzzUnity.Burst.CodeGen.BurstILPostProcessor

running Unity.Jobs.CodeGen.JobsILPostProcessor

running zzzUnity.Burst.CodeGen.BurstILPostProcessor
[ 968/1154  0s] ILPostProcess Library/Bee/artifacts/1900b0aE.dag/post-processed/Unity.InternalAPIEngineBridge.RenderPipelines.Core.Runtime.Shared.dll (+pdb)
Processing assembly Library/Bee/artifacts/1900b0aE.dag/Unity.InternalAPIEngineBridge.RenderPipelines.Core.Runtime.Shared.dll, with 142 defines and 297 references

processors: Unity.Jobs.CodeGen.JobsILPostProcessor, zzzUnity.Burst.CodeGen.BurstILPostProcessor

running Unity.Jobs.CodeGen.JobsILPostProcessor

running zzzUnity.Burst.CodeGen.BurstILPostProcessor
[ 969/1154  0s] MovedFromExtractor-Combine Library/Bee/artifacts/1900b0aE.dag/Unity.ShaderGraph.Editor.dll.mvfrm
[ 892/1154  0s] Csc Library/Bee/artifacts/1900b0aE.dag/Unity.RenderPipelines.Universal.2D.Runtime.dll (+2 others) [CacheHit a48bb451e2b6b9ddbf4a0e4f401ce3ca00000000000000000000000000000006]
[ 970/1154  0s] Csc Library/Bee/artifacts/1900b0aE.dag/Unity.RenderPipelines.Universal.2D.Runtime.dll (+2 others)
[ 972/1154  0s] MovedFromExtractor-Combine Library/Bee/artifacts/1900b0aE.dag/Unity.RenderPipelines.Core.Editor.Shared.dll.mvfrm
[ 973/1154  0s] ILPostProcess Library/Bee/artifacts/1900b0aE.dag/post-processed/Unity.VisualScripting.Flow.dll (+pdb)
Processing assembly Library/Bee/artifacts/1900b0aE.dag/Unity.VisualScripting.Flow.dll, with 150 defines and 299 references

processors: Unity.Jobs.CodeGen.JobsILPostProcessor, zzzUnity.Burst.CodeGen.BurstILPostProcessor

running Unity.Jobs.CodeGen.JobsILPostProcessor

running zzzUnity.Burst.CodeGen.BurstILPostProcessor
[ 974/1154  0s] ILPostProcess Library/Bee/artifacts/1900b0aE.dag/post-processed/Unity.VisualScripting.DocCodeExamples.dll (+pdb)
Processing assembly Library/Bee/artifacts/1900b0aE.dag/Unity.VisualScripting.DocCodeExamples.dll, with 142 defines and 284 references

processors: Unity.Jobs.CodeGen.JobsILPostProcessor, zzzUnity.Burst.CodeGen.BurstILPostProcessor

running Unity.Jobs.CodeGen.JobsILPostProcessor

running zzzUnity.Burst.CodeGen.BurstILPostProcessor
[ 894/1154  0s] Csc Library/Bee/artifacts/1900b0aE.dag/Unity.RenderPipelines.Core.Editor.Shared.dll (+2 others) [CacheHit 17264da8a3a88739fda32ddac72da9d800000000000000000000000000000006]
[ 975/1154  0s] Csc Library/Bee/artifacts/1900b0aE.dag/Unity.RenderPipelines.Core.Editor.Shared.dll (+2 others)
[ 977/1154  0s] ILPostProcess Library/Bee/artifacts/1900b0aE.dag/post-processed/Unity.InputSystem.ForUI.dll (+pdb)
Processing assembly Library/Bee/artifacts/1900b0aE.dag/Unity.InputSystem.ForUI.dll, with 142 defines and 298 references

processors: Unity.Jobs.CodeGen.JobsILPostProcessor, zzzUnity.Burst.CodeGen.BurstILPostProcessor

running Unity.Jobs.CodeGen.JobsILPostProcessor

running zzzUnity.Burst.CodeGen.BurstILPostProcessor
[ 978/1154  0s] ILPostProcess Library/Bee/artifacts/1900b0aE.dag/post-processed/Unity.RenderPipelines.ShaderGraph.ShaderGraphLibrary.dll (+pdb)
Processing assembly Library/Bee/artifacts/1900b0aE.dag/Unity.RenderPipelines.ShaderGraph.ShaderGraphLibrary.dll, with 142 defines and 297 references

processors: Unity.Jobs.CodeGen.JobsILPostProcessor, zzzUnity.Burst.CodeGen.BurstILPostProcessor

running Unity.Jobs.CodeGen.JobsILPostProcessor

running zzzUnity.Burst.CodeGen.BurstILPostProcessor
[ 979/1154  0s] ILPostProcess Library/Bee/artifacts/1900b0aE.dag/post-processed/Unity.AI.Navigation.dll (+pdb)
Processing assembly Library/Bee/artifacts/1900b0aE.dag/Unity.AI.Navigation.dll, with 143 defines and 297 references

processors: Unity.Jobs.CodeGen.JobsILPostProcessor, zzzUnity.Burst.CodeGen.BurstILPostProcessor

running Unity.Jobs.CodeGen.JobsILPostProcessor

running zzzUnity.Burst.CodeGen.BurstILPostProcessor
[ 980/1154  0s] ILPostProcess Library/Bee/artifacts/1900b0aE.dag/post-processed/Unity.AppUI.Redux.dll (+pdb)
Processing assembly Library/Bee/artifacts/1900b0aE.dag/Unity.AppUI.Redux.dll, with 142 defines and 286 references

processors: Unity.Jobs.CodeGen.JobsILPostProcessor, zzzUnity.Burst.CodeGen.BurstILPostProcessor

running Unity.Jobs.CodeGen.JobsILPostProcessor

running zzzUnity.Burst.CodeGen.BurstILPostProcessor
[ 900/1154  0s] Csc Library/Bee/artifacts/1900b0aE.dag/Unity.ShaderGraph.Editor.dll (+2 others) [CacheHit d465f81ddb71f5cb00a521d74b6c0f0500000000000000000000000000000006]
[ 981/1154  0s] Csc Library/Bee/artifacts/1900b0aE.dag/Unity.ShaderGraph.Editor.dll (+2 others)
[ 983/1154  0s] MovedFromExtractor Library/Bee/artifacts/mvdfrm/Unity.RenderPipelines.Universal.2D.Runtime.ref.dll_D60199621A6AEC70.mvfrm
[ 984/1154  0s] ILPostProcess Library/Bee/artifacts/1900b0aE.dag/post-processed/Unity.Multiplayer.Center.Common.dll (+pdb)
Processing assembly Library/Bee/artifacts/1900b0aE.dag/Unity.Multiplayer.Center.Common.dll, with 142 defines and 297 references

processors: Unity.Jobs.CodeGen.JobsILPostProcessor, zzzUnity.Burst.CodeGen.BurstILPostProcessor

running Unity.Jobs.CodeGen.JobsILPostProcessor

running zzzUnity.Burst.CodeGen.BurstILPostProcessor
[ 985/1154  0s] ILPostProcess Library/Bee/artifacts/1900b0aE.dag/post-processed/Unity.TextMeshPro.dll (+pdb)
Processing assembly Library/Bee/artifacts/1900b0aE.dag/Unity.TextMeshPro.dll, with 143 defines and 298 references

processors: Unity.Jobs.CodeGen.JobsILPostProcessor, zzzUnity.Burst.CodeGen.BurstILPostProcessor

running Unity.Jobs.CodeGen.JobsILPostProcessor

running zzzUnity.Burst.CodeGen.BurstILPostProcessor
[ 986/1154  0s] ILPostProcess Library/Bee/artifacts/1900b0aE.dag/post-processed/Unity.AppUI.InternalAPIBridge.dll (+pdb)
Processing assembly Library/Bee/artifacts/1900b0aE.dag/Unity.AppUI.InternalAPIBridge.dll, with 143 defines and 284 references

processors: Unity.Jobs.CodeGen.JobsILPostProcessor, zzzUnity.Burst.CodeGen.BurstILPostProcessor

running Unity.Jobs.CodeGen.JobsILPostProcessor

running zzzUnity.Burst.CodeGen.BurstILPostProcessor
[ 987/1154  0s] MovedFromExtractor Library/Bee/artifacts/mvdfrm/Unity.RenderPipelines.Core.Editor.Shared.ref.dll_FAA396FB17B8C1A8.mvfrm
[ 988/1154  0s] ILPostProcess Library/Bee/artifacts/1900b0aE.dag/post-processed/Unity.Timeline.dll (+pdb)
Processing assembly Library/Bee/artifacts/1900b0aE.dag/Unity.Timeline.dll, with 143 defines and 297 references

processors: Unity.Jobs.CodeGen.JobsILPostProcessor, zzzUnity.Burst.CodeGen.BurstILPostProcessor

running Unity.Jobs.CodeGen.JobsILPostProcessor

running zzzUnity.Burst.CodeGen.BurstILPostProcessor
[ 989/1154  0s] MovedFromExtractor Library/Bee/artifacts/mvdfrm/Unity.ShaderGraph.Editor.ref.dll_0F50152946DB09D0.mvfrm
[ 990/1154  0s] ILPostProcess Library/Bee/artifacts/1900b0aE.dag/post-processed/Unity.AppUI.dll (+pdb)
Processing assembly Library/Bee/artifacts/1900b0aE.dag/Unity.AppUI.dll, with 151 defines and 286 references

processors: Unity.Jobs.CodeGen.JobsILPostProcessor, zzzUnity.Burst.CodeGen.BurstILPostProcessor

running Unity.Jobs.CodeGen.JobsILPostProcessor

running zzzUnity.Burst.CodeGen.BurstILPostProcessor
[ 991/1154  0s] ILPostProcess Library/Bee/artifacts/1900b0aE.dag/post-processed/Unity.RenderPipeline.Universal.ShaderLibrary.dll (+pdb)
Processing assembly Library/Bee/artifacts/1900b0aE.dag/Unity.RenderPipeline.Universal.ShaderLibrary.dll, with 142 defines and 298 references

processors: Unity.Jobs.CodeGen.JobsILPostProcessor, zzzUnity.Burst.CodeGen.BurstILPostProcessor

running Unity.Jobs.CodeGen.JobsILPostProcessor

running zzzUnity.Burst.CodeGen.BurstILPostProcessor
[ 992/1154  0s] ILPostProcess Library/Bee/artifacts/1900b0aE.dag/post-processed/Unity.AppUI.MVVM.dll (+pdb)
Processing assembly Library/Bee/artifacts/1900b0aE.dag/Unity.AppUI.MVVM.dll, with 143 defines and 286 references

processors: Unity.Jobs.CodeGen.JobsILPostProcessor, zzzUnity.Burst.CodeGen.BurstILPostProcessor

running Unity.Jobs.CodeGen.JobsILPostProcessor

running zzzUnity.Burst.CodeGen.BurstILPostProcessor
[ 993/1154  0s] ILPostProcess Library/Bee/artifacts/1900b0aE.dag/post-processed/Unity.RenderPipelines.Universal.Config.Runtime.dll (+pdb)
Processing assembly Library/Bee/artifacts/1900b0aE.dag/Unity.RenderPipelines.Universal.Config.Runtime.dll, with 142 defines and 298 references

processors: Unity.Jobs.CodeGen.JobsILPostProcessor, zzzUnity.Burst.CodeGen.BurstILPostProcessor

running Unity.Jobs.CodeGen.JobsILPostProcessor

running zzzUnity.Burst.CodeGen.BurstILPostProcessor
[ 994/1154  0s] ILPostProcess Library/Bee/artifacts/1900b0aE.dag/post-processed/Unity.Mathematics.dll (+pdb)
Processing assembly Library/Bee/artifacts/1900b0aE.dag/Unity.Mathematics.dll, with 142 defines and 297 references

processors: Unity.Jobs.CodeGen.JobsILPostProcessor, zzzUnity.Burst.CodeGen.BurstILPostProcessor

running Unity.Jobs.CodeGen.JobsILPostProcessor

running zzzUnity.Burst.CodeGen.BurstILPostProcessor
[ 995/1154  0s] MovedFromExtractor-Combine Library/Bee/artifacts/1900b0aE.dag/Unity.RenderPipelines.Universal.2D.Editor.Overrides.dll.mvfrm
[ 996/1154  0s] MovedFromExtractor-Combine Library/Bee/artifacts/1900b0aE.dag/Unity.RenderPipelines.Universal.Editor.dll.mvfrm
[ 916/1154  0s] Csc Library/Bee/artifacts/1900b0aE.dag/Unity.RenderPipelines.Universal.2D.Editor.Overrides.dll (+2 others) [CacheHit 1947265bec3c2bafcf1477a220449bbb00000000000000000000000000000006]
[ 997/1154  0s] Csc Library/Bee/artifacts/1900b0aE.dag/Unity.RenderPipelines.Universal.2D.Editor.Overrides.dll (+2 others)
[ 917/1154  0s] Csc Library/Bee/artifacts/1900b0aE.dag/Unity.RenderPipelines.Universal.Editor.dll (+2 others) [CacheHit e3f6a095707144bcb8ca27dcb1f8b6bb00000000000000000000000000000006]
[ 999/1154  0s] Csc Library/Bee/artifacts/1900b0aE.dag/Unity.RenderPipelines.Universal.Editor.dll (+2 others)
[1001/1154  0s] MovedFromExtractor Library/Bee/artifacts/mvdfrm/Unity.RenderPipelines.Universal.2D.Editor.Overrides.ref.dll_FE6C8CE3BFF0C484.mvfrm
[1002/1154  0s] MovedFromExtractor Library/Bee/artifacts/mvdfrm/Unity.RenderPipelines.Universal.Editor.ref.dll_0FF7AC68384616B1.mvfrm
[1003/1154  1s] ILPostProcess Library/Bee/artifacts/1900b0aE.dag/post-processed/Unity.RenderPipelines.Core.Runtime.dll (+pdb)
Processing assembly Library/Bee/artifacts/1900b0aE.dag/Unity.RenderPipelines.Core.Runtime.dll, with 146 defines and 301 references

processors: Unity.Jobs.CodeGen.JobsILPostProcessor, zzzUnity.Burst.CodeGen.BurstILPostProcessor

running Unity.Jobs.CodeGen.JobsILPostProcessor

running zzzUnity.Burst.CodeGen.BurstILPostProcessor
[1004/1154  0s] ILPostProcess Library/Bee/artifacts/1900b0aE.dag/post-processed/Unity.RenderPipelines.Core.Runtime.Shared.dll (+pdb)
Processing assembly Library/Bee/artifacts/1900b0aE.dag/Unity.RenderPipelines.Core.Runtime.Shared.dll, with 142 defines and 300 references

processors: Unity.Jobs.CodeGen.JobsILPostProcessor, zzzUnity.Burst.CodeGen.BurstILPostProcessor

running Unity.Jobs.CodeGen.JobsILPostProcessor

running zzzUnity.Burst.CodeGen.BurstILPostProcessor
[1005/1154  0s] MovedFromExtractor-Combine Library/Bee/artifacts/1900b0aE.dag/Assembly-CSharp.dll.mvfrm
[1006/1154  0s] MovedFromExtractor-Combine Library/Bee/artifacts/1900b0aE.dag/Assembly-CSharp-Editor.dll.mvfrm
[1007/1154  0s] ILPostProcess Library/Bee/artifacts/1900b0aE.dag/post-processed/Unity.RenderPipelines.Universal.Runtime.dll (+pdb)
Processing assembly Library/Bee/artifacts/1900b0aE.dag/Unity.RenderPipelines.Universal.Runtime.dll, with 148 defines and 307 references

processors: Unity.Jobs.CodeGen.JobsILPostProcessor, zzzUnity.Burst.CodeGen.BurstILPostProcessor

running Unity.Jobs.CodeGen.JobsILPostProcessor

running zzzUnity.Burst.CodeGen.BurstILPostProcessor
[1008/1154  0s] ILPostProcess Library/Bee/artifacts/1900b0aE.dag/post-processed/Unity.InputSystem.TestFramework.dll (+pdb)
Processing assembly Library/Bee/artifacts/1900b0aE.dag/Unity.InputSystem.TestFramework.dll, with 143 defines and 283 references

processors: Unity.Jobs.CodeGen.JobsILPostProcessor, zzzUnity.Burst.CodeGen.BurstILPostProcessor

running Unity.Jobs.CodeGen.JobsILPostProcessor

running zzzUnity.Burst.CodeGen.BurstILPostProcessor
[1009/1154  0s] ILPostProcess Library/Bee/artifacts/1900b0aE.dag/post-processed/Unity.AppUI.Undo.dll (+pdb)
Processing assembly Library/Bee/artifacts/1900b0aE.dag/Unity.AppUI.Undo.dll, with 142 defines and 284 references

processors: Unity.Jobs.CodeGen.JobsILPostProcessor, zzzUnity.Burst.CodeGen.BurstILPostProcessor

running Unity.Jobs.CodeGen.JobsILPostProcessor

running zzzUnity.Burst.CodeGen.BurstILPostProcessor
[1010/1154  1s] ILPostProcess Library/Bee/artifacts/1900b0aE.dag/post-processed/Unity.PathTracing.Runtime.dll (+pdb)
Processing assembly Library/Bee/artifacts/1900b0aE.dag/Unity.PathTracing.Runtime.dll, with 143 defines and 301 references

processors: Unity.Jobs.CodeGen.JobsILPostProcessor, zzzUnity.Burst.CodeGen.BurstILPostProcessor

running Unity.Jobs.CodeGen.JobsILPostProcessor

running zzzUnity.Burst.CodeGen.BurstILPostProcessor
[1011/1154  0s] ILPostProcess Library/Bee/artifacts/1900b0aE.dag/post-processed/Unity.InputSystem.dll (+pdb)
Processing assembly Library/Bee/artifacts/1900b0aE.dag/Unity.InputSystem.dll, with 154 defines and 297 references

processors: Unity.Jobs.CodeGen.JobsILPostProcessor, zzzUnity.Burst.CodeGen.BurstILPostProcessor

running Unity.Jobs.CodeGen.JobsILPostProcessor

running zzzUnity.Burst.CodeGen.BurstILPostProcessor
[1012/1154  0s] ILPostProcess Library/Bee/artifacts/1900b0aE.dag/post-processed/UnityEditor.UI.Analytics.dll (+pdb)
Processing assembly Library/Bee/artifacts/1900b0aE.dag/UnityEditor.UI.Analytics.dll, with 140 defines and 307 references

processors: Unity.Jobs.CodeGen.JobsILPostProcessor, zzzUnity.Burst.CodeGen.BurstILPostProcessor

running Unity.Jobs.CodeGen.JobsILPostProcessor

running zzzUnity.Burst.CodeGen.BurstILPostProcessor
[1013/1154  0s] ILPostProcess Library/Bee/artifacts/1900b0aE.dag/post-processed/Unity.InferenceEngine.Microsoft.Msagl.dll (+pdb)
Processing assembly Library/Bee/artifacts/1900b0aE.dag/Unity.InferenceEngine.Microsoft.Msagl.dll, with 140 defines and 306 references

processors: Unity.Jobs.CodeGen.JobsILPostProcessor, zzzUnity.Burst.CodeGen.BurstILPostProcessor

running Unity.Jobs.CodeGen.JobsILPostProcessor

running zzzUnity.Burst.CodeGen.BurstILPostProcessor
[1014/1154  1s] ILPostProcess Library/Bee/artifacts/1900b0aE.dag/post-processed/Unity.UnifiedRayTracing.Runtime.dll (+pdb)
Processing assembly Library/Bee/artifacts/1900b0aE.dag/Unity.UnifiedRayTracing.Runtime.dll, with 143 defines and 300 references

processors: Unity.Jobs.CodeGen.JobsILPostProcessor, zzzUnity.Burst.CodeGen.BurstILPostProcessor

running Unity.Jobs.CodeGen.JobsILPostProcessor

running zzzUnity.Burst.CodeGen.BurstILPostProcessor
[1015/1154  0s] ILPostProcess Library/Bee/artifacts/1900b0aE.dag/post-processed/Unity.2D.Sprite.Editor.dll (+pdb)
Processing assembly Library/Bee/artifacts/1900b0aE.dag/Unity.2D.Sprite.Editor.dll, with 140 defines and 306 references

processors: Unity.Jobs.CodeGen.JobsILPostProcessor, zzzUnity.Burst.CodeGen.BurstILPostProcessor

running Unity.Jobs.CodeGen.JobsILPostProcessor

running zzzUnity.Burst.CodeGen.BurstILPostProcessor
[1016/1154  0s] ILPostProcess Library/Bee/artifacts/1900b0aE.dag/post-processed/Unity.AI.Navigation.Editor.ConversionSystem.dll (+pdb)
Processing assembly Library/Bee/artifacts/1900b0aE.dag/Unity.AI.Navigation.Editor.ConversionSystem.dll, with 140 defines and 306 references

processors: Unity.Jobs.CodeGen.JobsILPostProcessor, zzzUnity.Burst.CodeGen.BurstILPostProcessor

running Unity.Jobs.CodeGen.JobsILPostProcessor

running zzzUnity.Burst.CodeGen.BurstILPostProcessor
[1017/1154  0s] ILPostProcess Library/Bee/artifacts/1900b0aE.dag/post-processed/UnityEditor.UI.dll (+pdb)
Processing assembly Library/Bee/artifacts/1900b0aE.dag/UnityEditor.UI.dll, with 143 defines and 305 references

processors: Unity.Jobs.CodeGen.JobsILPostProcessor, zzzUnity.Burst.CodeGen.BurstILPostProcessor

running Unity.Jobs.CodeGen.JobsILPostProcessor

running zzzUnity.Burst.CodeGen.BurstILPostProcessor
[1018/1154  0s] ILPostProcess Library/Bee/artifacts/1900b0aE.dag/post-processed/Unity.Multiplayer.Center.Editor.dll (+pdb)
Processing assembly Library/Bee/artifacts/1900b0aE.dag/Unity.Multiplayer.Center.Editor.dll, with 140 defines and 307 references

processors: Unity.Jobs.CodeGen.JobsILPostProcessor, zzzUnity.Burst.CodeGen.BurstILPostProcessor

running Unity.Jobs.CodeGen.JobsILPostProcessor

running zzzUnity.Burst.CodeGen.BurstILPostProcessor
[1019/1154  0s] ILPostProcess Library/Bee/artifacts/1900b0aE.dag/post-processed/Unity.InputSystem.DocCodeSamples.dll (+pdb)
Processing assembly Library/Bee/artifacts/1900b0aE.dag/Unity.InputSystem.DocCodeSamples.dll, with 140 defines and 292 references

processors: Unity.Jobs.CodeGen.JobsILPostProcessor, zzzUnity.Burst.CodeGen.BurstILPostProcessor

running Unity.Jobs.CodeGen.JobsILPostProcessor

running zzzUnity.Burst.CodeGen.BurstILPostProcessor
[1020/1154  0s] ILPostProcess Library/Bee/artifacts/1900b0aE.dag/post-processed/Unity.VisualScripting.SettingsProvider.Editor.dll (+pdb)
Processing assembly Library/Bee/artifacts/1900b0aE.dag/Unity.VisualScripting.SettingsProvider.Editor.dll, with 140 defines and 311 references

processors: Unity.Jobs.CodeGen.JobsILPostProcessor, zzzUnity.Burst.CodeGen.BurstILPostProcessor

running Unity.Jobs.CodeGen.JobsILPostProcessor

running zzzUnity.Burst.CodeGen.BurstILPostProcessor
[1021/1154  0s] ILPostProcess Library/Bee/artifacts/1900b0aE.dag/post-processed/Unity.VisualScripting.Shared.Editor.dll (+pdb)
Processing assembly Library/Bee/artifacts/1900b0aE.dag/Unity.VisualScripting.Shared.Editor.dll, with 140 defines and 312 references

processors: Unity.Jobs.CodeGen.JobsILPostProcessor, zzzUnity.Burst.CodeGen.BurstILPostProcessor

running Unity.Jobs.CodeGen.JobsILPostProcessor

running zzzUnity.Burst.CodeGen.BurstILPostProcessor
[1022/1154  0s] ILPostProcess Library/Bee/artifacts/1900b0aE.dag/post-processed/Unity.InternalAPIEditorBridge.ShaderGraph.Editor.dll (+pdb)
Processing assembly Library/Bee/artifacts/1900b0aE.dag/Unity.InternalAPIEditorBridge.ShaderGraph.Editor.dll, with 140 defines and 306 references

processors: Unity.Jobs.CodeGen.JobsILPostProcessor, zzzUnity.Burst.CodeGen.BurstILPostProcessor

running Unity.Jobs.CodeGen.JobsILPostProcessor

running zzzUnity.Burst.CodeGen.BurstILPostProcessor
[1023/1154  0s] ILPostProcess Library/Bee/artifacts/1900b0aE.dag/post-processed/Unity.InferenceEngine.ONNX.Editor.dll (+pdb)
Processing assembly Library/Bee/artifacts/1900b0aE.dag/Unity.InferenceEngine.ONNX.Editor.dll, with 140 defines and 292 references

processors: Unity.Jobs.CodeGen.JobsILPostProcessor, zzzUnity.Burst.CodeGen.BurstILPostProcessor

running Unity.Jobs.CodeGen.JobsILPostProcessor

running zzzUnity.Burst.CodeGen.BurstILPostProcessor
[1024/1154  0s] ILPostProcess Library/Bee/artifacts/1900b0aE.dag/post-processed/Unity.CollabProxy.Editor.dll (+pdb)
Processing assembly Library/Bee/artifacts/1900b0aE.dag/Unity.CollabProxy.Editor.dll, with 140 defines and 307 references

processors: Unity.Jobs.CodeGen.JobsILPostProcessor, zzzUnity.Burst.CodeGen.BurstILPostProcessor

running Unity.Jobs.CodeGen.JobsILPostProcessor

running zzzUnity.Burst.CodeGen.BurstILPostProcessor
[1025/1154  0s] ILPostProcess Library/Bee/artifacts/1900b0aE.dag/post-processed/Unity.VisualScripting.Core.Editor.dll (+pdb)
Processing assembly Library/Bee/artifacts/1900b0aE.dag/Unity.VisualScripting.Core.Editor.dll, with 140 defines and 307 references

processors: Unity.Jobs.CodeGen.JobsILPostProcessor, zzzUnity.Burst.CodeGen.BurstILPostProcessor

running Unity.Jobs.CodeGen.JobsILPostProcessor

running zzzUnity.Burst.CodeGen.BurstILPostProcessor
[1026/1154  0s] ILPostProcess Library/Bee/artifacts/1900b0aE.dag/post-processed/Unity.PlasticSCM.Editor.Entities.dll (+pdb)
Processing assembly Library/Bee/artifacts/1900b0aE.dag/Unity.PlasticSCM.Editor.Entities.dll, with 140 defines and 307 references

processors: Unity.Jobs.CodeGen.JobsILPostProcessor, zzzUnity.Burst.CodeGen.BurstILPostProcessor

running Unity.Jobs.CodeGen.JobsILPostProcessor

running zzzUnity.Burst.CodeGen.BurstILPostProcessor
[1027/1154  0s] ILPostProcess Library/Bee/artifacts/1900b0aE.dag/post-processed/Unity.PerformanceTesting.Editor.dll (+pdb)
Processing assembly Library/Bee/artifacts/1900b0aE.dag/Unity.PerformanceTesting.Editor.dll, with 141 defines and 292 references

processors: Unity.Jobs.CodeGen.JobsILPostProcessor, zzzUnity.Burst.CodeGen.BurstILPostProcessor

running Unity.Jobs.CodeGen.JobsILPostProcessor

running zzzUnity.Burst.CodeGen.BurstILPostProcessor
[1028/1154  0s] ILPostProcess Library/Bee/artifacts/1900b0aE.dag/post-processed/Unity.PathTracing.Editor.dll (+pdb)
Processing assembly Library/Bee/artifacts/1900b0aE.dag/Unity.PathTracing.Editor.dll, with 141 defines and 310 references

processors: Unity.Jobs.CodeGen.JobsILPostProcessor, zzzUnity.Burst.CodeGen.BurstILPostProcessor

running Unity.Jobs.CodeGen.JobsILPostProcessor

running zzzUnity.Burst.CodeGen.BurstILPostProcessor
[1029/1154  0s] ILPostProcess Library/Bee/artifacts/1900b0aE.dag/post-processed/Unity.AI.Navigation.Editor.dll (+pdb)
Processing assembly Library/Bee/artifacts/1900b0aE.dag/Unity.AI.Navigation.Editor.dll, with 141 defines and 308 references

processors: Unity.Jobs.CodeGen.JobsILPostProcessor, zzzUnity.Burst.CodeGen.BurstILPostProcessor

running Unity.Jobs.CodeGen.JobsILPostProcessor

running zzzUnity.Burst.CodeGen.BurstILPostProcessor
[1030/1154  0s] ILPostProcess Library/Bee/artifacts/1900b0aE.dag/post-processed/Unity.AI.Navigation.Updater.dll (+pdb)
Processing assembly Library/Bee/artifacts/1900b0aE.dag/Unity.AI.Navigation.Updater.dll, with 140 defines and 309 references

processors: Unity.Jobs.CodeGen.JobsILPostProcessor, zzzUnity.Burst.CodeGen.BurstILPostProcessor

running Unity.Jobs.CodeGen.JobsILPostProcessor

running zzzUnity.Burst.CodeGen.BurstILPostProcessor
[1031/1154  0s] ILPostProcess Library/Bee/artifacts/1900b0aE.dag/post-processed/Unity.InternalAPIEngineBridge.RenderPipelines.Core.Editor.dll (+pdb)
Processing assembly Library/Bee/artifacts/1900b0aE.dag/Unity.InternalAPIEngineBridge.RenderPipelines.Core.Editor.dll, with 140 defines and 306 references

processors: Unity.Jobs.CodeGen.JobsILPostProcessor, zzzUnity.Burst.CodeGen.BurstILPostProcessor

running Unity.Jobs.CodeGen.JobsILPostProcessor

running zzzUnity.Burst.CodeGen.BurstILPostProcessor
[1032/1154  1s] ILPostProcess Library/Bee/artifacts/1900b0aE.dag/post-processed/Unity.RenderPipelines.Universal.2D.Runtime.dll (+pdb)
Processing assembly Library/Bee/artifacts/1900b0aE.dag/Unity.RenderPipelines.Universal.2D.Runtime.dll, with 144 defines and 302 references

processors: Unity.Jobs.CodeGen.JobsILPostProcessor, zzzUnity.Burst.CodeGen.BurstILPostProcessor

running Unity.Jobs.CodeGen.JobsILPostProcessor

running zzzUnity.Burst.CodeGen.BurstILPostProcessor
[1033/1154  0s] ILPostProcess Library/Bee/artifacts/1900b0aE.dag/post-processed/Unity.ShaderGraph.Utilities.dll (+pdb)
Processing assembly Library/Bee/artifacts/1900b0aE.dag/Unity.ShaderGraph.Utilities.dll, with 140 defines and 306 references

processors: Unity.Jobs.CodeGen.JobsILPostProcessor, zzzUnity.Burst.CodeGen.BurstILPostProcessor

running Unity.Jobs.CodeGen.JobsILPostProcessor

running zzzUnity.Burst.CodeGen.BurstILPostProcessor
[1034/1154  0s] ILPostProcess Library/Bee/artifacts/1900b0aE.dag/post-processed/Unity.RenderPipelines.Universal.2D.Editor.Overrides.dll (+pdb)
Processing assembly Library/Bee/artifacts/1900b0aE.dag/Unity.RenderPipelines.Universal.2D.Editor.Overrides.dll, with 141 defines and 315 references

processors: Unity.Jobs.CodeGen.JobsILPostProcessor, zzzUnity.Burst.CodeGen.BurstILPostProcessor

running Unity.Jobs.CodeGen.JobsILPostProcessor

running zzzUnity.Burst.CodeGen.BurstILPostProcessor
[1035/1154  2s] ILPostProcess Library/Bee/artifacts/1900b0aE.dag/post-processed/Unity.Burst.dll (+pdb)
Processing assembly Library/Bee/artifacts/1900b0aE.dag/Unity.Burst.dll, with 142 defines and 283 references

processors: Unity.Jobs.CodeGen.JobsILPostProcessor, zzzUnity.Burst.CodeGen.BurstILPostProcessor

running Unity.Jobs.CodeGen.JobsILPostProcessor

running zzzUnity.Burst.CodeGen.BurstILPostProcessor
[1036/1154  0s] ILPostProcess Library/Bee/artifacts/1900b0aE.dag/post-processed/Unity.RenderPipelines.Universal.Editor.dll (+pdb)
Processing assembly Library/Bee/artifacts/1900b0aE.dag/Unity.RenderPipelines.Universal.Editor.dll, with 142 defines and 319 references

processors: Unity.Jobs.CodeGen.JobsILPostProcessor, zzzUnity.Burst.CodeGen.BurstILPostProcessor

running Unity.Jobs.CodeGen.JobsILPostProcessor

running zzzUnity.Burst.CodeGen.BurstILPostProcessor
[1037/1154  0s] ILPostProcess Library/Bee/artifacts/1900b0aE.dag/post-processed/Unity.PlasticSCM.Editor.Assistant.dll (+pdb)
Processing assembly Library/Bee/artifacts/1900b0aE.dag/Unity.PlasticSCM.Editor.Assistant.dll, with 140 defines and 307 references

processors: Unity.Jobs.CodeGen.JobsILPostProcessor, zzzUnity.Burst.CodeGen.BurstILPostProcessor

running Unity.Jobs.CodeGen.JobsILPostProcessor

running zzzUnity.Burst.CodeGen.BurstILPostProcessor
[1038/1154  2s] ILPostProcess Library/Bee/artifacts/1900b0aE.dag/post-processed/Unity.Collections.dll (+pdb)
Processing assembly Library/Bee/artifacts/1900b0aE.dag/Unity.Collections.dll, with 144 defines and 299 references

processors: Unity.Jobs.CodeGen.JobsILPostProcessor, zzzUnity.Burst.CodeGen.BurstILPostProcessor

running Unity.Jobs.CodeGen.JobsILPostProcessor

running zzzUnity.Burst.CodeGen.BurstILPostProcessor
[1039/1154  0s] ILPostProcess Library/Bee/artifacts/1900b0aE.dag/post-processed/Unity.AppUI.Navigation.Editor.dll (+pdb)
Processing assembly Library/Bee/artifacts/1900b0aE.dag/Unity.AppUI.Navigation.Editor.dll, with 141 defines and 310 references

processors: Unity.Jobs.CodeGen.JobsILPostProcessor, zzzUnity.Burst.CodeGen.BurstILPostProcessor

running Unity.Jobs.CodeGen.JobsILPostProcessor

running zzzUnity.Burst.CodeGen.BurstILPostProcessor
[1040/1154  0s] ILPostProcess Library/Bee/artifacts/1900b0aE.dag/post-processed/Unity.VisualScripting.State.Editor.dll (+pdb)
Processing assembly Library/Bee/artifacts/1900b0aE.dag/Unity.VisualScripting.State.Editor.dll, with 140 defines and 311 references

processors: Unity.Jobs.CodeGen.JobsILPostProcessor, zzzUnity.Burst.CodeGen.BurstILPostProcessor

running Unity.Jobs.CodeGen.JobsILPostProcessor

running zzzUnity.Burst.CodeGen.BurstILPostProcessor
[1041/1154  0s] ILPostProcess Library/Bee/artifacts/1900b0aE.dag/post-processed/Unity.AppUI.Editor.dll (+pdb)
Processing assembly Library/Bee/artifacts/1900b0aE.dag/Unity.AppUI.Editor.dll, with 143 defines and 308 references

processors: Unity.Jobs.CodeGen.JobsILPostProcessor, zzzUnity.Burst.CodeGen.BurstILPostProcessor

running Unity.Jobs.CodeGen.JobsILPostProcessor

running zzzUnity.Burst.CodeGen.BurstILPostProcessor
[1042/1154  0s] ILPostProcess Library/Bee/artifacts/1900b0aE.dag/post-processed/Unity.VisualScripting.Flow.Editor.dll (+pdb)
Processing assembly Library/Bee/artifacts/1900b0aE.dag/Unity.VisualScripting.Flow.Editor.dll, with 142 defines and 310 references

processors: Unity.Jobs.CodeGen.JobsILPostProcessor, zzzUnity.Burst.CodeGen.BurstILPostProcessor

running Unity.Jobs.CodeGen.JobsILPostProcessor

running zzzUnity.Burst.CodeGen.BurstILPostProcessor
[1043/1154  0s] CopyFiles Library/ScriptAssemblies/Unity.TextMeshPro.dll
[1044/1154  0s] CopyFiles Library/ScriptAssemblies/Unity.AppUI.MVVM.dll
[1045/1154  0s] CopyFiles Library/ScriptAssemblies/Unity.UnifiedRayTracing.Runtime.dll
[1046/1154  0s] CopyFiles Library/ScriptAssemblies/Unity.VisualScripting.State.dll
[1047/1154  0s] CopyFiles Library/ScriptAssemblies/Unity.Burst.dll
[1048/1154  0s] CopyFiles Library/ScriptAssemblies/Unity.AppUI.Redux.dll
[1049/1154  0s] CopyFiles Library/ScriptAssemblies/Unity.AppUI.InternalAPIBridge.dll
[1050/1154  0s] ILPostProcess Library/Bee/artifacts/1900b0aE.dag/post-processed/Unity.Rendering.LightTransport.Editor.dll (+pdb)
Processing assembly Library/Bee/artifacts/1900b0aE.dag/Unity.Rendering.LightTransport.Editor.dll, with 140 defines and 306 references

processors: Unity.Jobs.CodeGen.JobsILPostProcessor, zzzUnity.Burst.CodeGen.BurstILPostProcessor

running Unity.Jobs.CodeGen.JobsILPostProcessor

running zzzUnity.Burst.CodeGen.BurstILPostProcessor
[1051/1154  0s] CopyFiles Library/ScriptAssemblies/Unity.RenderPipelines.ShaderGraph.ShaderGraphLibrary.dll
[1052/1154  0s] CopyFiles Library/ScriptAssemblies/Unity.Collections.dll
[1053/1154  0s] CopyFiles Library/ScriptAssemblies/Unity.InferenceEngine.iOSBLAS.dll
[1054/1154  0s] ILPostProcess Library/Bee/artifacts/1900b0aE.dag/post-processed/Unity.RenderPipelines.Core.Editor.Shared.dll (+pdb)
Processing assembly Library/Bee/artifacts/1900b0aE.dag/Unity.RenderPipelines.Core.Editor.Shared.dll, with 140 defines and 313 references

processors: Unity.Jobs.CodeGen.JobsILPostProcessor, zzzUnity.Burst.CodeGen.BurstILPostProcessor

running Unity.Jobs.CodeGen.JobsILPostProcessor

running zzzUnity.Burst.CodeGen.BurstILPostProcessor
[1055/1154  0s] CopyFiles Library/ScriptAssemblies/Unity.VisualScripting.DocCodeExamples.dll
[1056/1154  0s] CopyFiles Library/ScriptAssemblies/Unity.RenderPipelines.Universal.2D.Runtime.dll
[1057/1154  0s] CopyFiles Library/ScriptAssemblies/Unity.InternalAPIEngineBridge.RenderPipelines.Core.Runtime.Shared.dll
[1058/1154  0s] CopyFiles Library/ScriptAssemblies/Unity.AppUI.Navigation.dll
[1059/1154  0s] CopyFiles Library/ScriptAssemblies/Unity.RenderPipeline.Universal.ShaderLibrary.dll
[1060/1154  0s] CopyFiles Library/ScriptAssemblies/Unity.InputSystem.TestFramework.dll
[1061/1154  0s] CopyFiles Library/ScriptAssemblies/Unity.Timeline.dll
[1062/1154  0s] CopyFiles Library/ScriptAssemblies/Unity.AppUI.Undo.dll
[1063/1154  0s] CopyFiles Library/ScriptAssemblies/Unity.InferenceEngine.MacBLAS.dll
[1064/1154  0s] CopyFiles Library/ScriptAssemblies/Unity.RenderPipelines.Universal.Runtime.dll
[1065/1154  0s] CopyFiles Library/ScriptAssemblies/Unity.Mathematics.dll
[1066/1154  0s] CopyFiles Library/ScriptAssemblies/Unity.InternalAPIEngineBridge.004.dll
[1067/1154  0s] CopyFiles Library/ScriptAssemblies/Unity.AppUI.dll
[1068/1154  0s] ILPostProcess Library/Bee/artifacts/1900b0aE.dag/post-processed/Unity.Searcher.Editor.dll (+pdb)
Processing assembly Library/Bee/artifacts/1900b0aE.dag/Unity.Searcher.Editor.dll, with 140 defines and 306 references

processors: Unity.Jobs.CodeGen.JobsILPostProcessor, zzzUnity.Burst.CodeGen.BurstILPostProcessor

running Unity.Jobs.CodeGen.JobsILPostProcessor

running zzzUnity.Burst.CodeGen.BurstILPostProcessor
[1069/1154  0s] CopyFiles Library/ScriptAssemblies/Unity.InferenceEngine.Tokenization.dll
[1070/1154  0s] CopyFiles Library/ScriptAssemblies/Unity.InputSystem.dll
[1071/1154  0s] CopyFiles Library/ScriptAssemblies/Unity.VisualScripting.Flow.dll
[1072/1154  0s] ILPostProcess Library/Bee/artifacts/1900b0aE.dag/post-processed/Unity.AppUI.Redux.Editor.dll (+pdb)
Processing assembly Library/Bee/artifacts/1900b0aE.dag/Unity.AppUI.Redux.Editor.dll, with 144 defines and 296 references

processors: Unity.Jobs.CodeGen.JobsILPostProcessor, zzzUnity.Burst.CodeGen.BurstILPostProcessor

running Unity.Jobs.CodeGen.JobsILPostProcessor

running zzzUnity.Burst.CodeGen.BurstILPostProcessor
[1073/1154  0s] CopyFiles Library/ScriptAssemblies/Unity.RenderPipelines.Core.ShaderLibrary.dll
[1074/1154  0s] CopyFiles Library/ScriptAssemblies/Unity.RenderPipelines.Core.Runtime.dll
[1075/1154  0s] CopyFiles Library/ScriptAssemblies/Unity.RenderPipelines.Universal.Shaders.dll
[1076/1154  0s] CopyFiles Library/ScriptAssemblies/Unity.RenderPipelines.Core.Runtime.Shared.dll
[1077/1154  0s] CopyFiles Library/ScriptAssemblies/Unity.PerformanceTesting.dll
[1078/1154  0s] CopyFiles Library/ScriptAssemblies/Unity.AI.Navigation.dll
[1079/1154  0s] CopyFiles Library/ScriptAssemblies/Unity.PathTracing.Runtime.dll
[1080/1154  0s] CopyFiles Library/ScriptAssemblies/Unity.VisualScripting.Core.dll
[1081/1154  0s] CopyFiles Library/ScriptAssemblies/Unity.RenderPipelines.Universal.Config.Runtime.dll
[1082/1154  0s] CopyFiles Library/ScriptAssemblies/UnityEngine.UI.dll
[1083/1154  0s] CopyFiles Library/ScriptAssemblies/Unity.InputSystem.ForUI.dll
[1084/1154  0s] CopyFiles Library/ScriptAssemblies/Unity.Multiplayer.Center.Common.dll
[1085/1154  0s] CopyFiles Library/ScriptAssemblies/Unity.SurfaceCache.Runtime.dll
[1086/1154  0s] CopyFiles Library/ScriptAssemblies/Unity.Rendering.LightTransport.Editor.dll
[1087/1154  0s] CopyFiles Library/ScriptAssemblies/Unity.Rendering.LightTransport.Editor.pdb
[1088/1154  0s] CopyFiles Library/ScriptAssemblies/Unity.RenderPipelines.Core.Editor.Shared.pdb
[1089/1154  0s] CopyFiles Library/ScriptAssemblies/Unity.VisualScripting.Flow.Editor.pdb
[1090/1154  0s] CopyFiles Library/ScriptAssemblies/Unity.VisualScripting.Flow.Editor.dll
[1091/1154  0s] CopyFiles Library/ScriptAssemblies/Unity.AppUI.Editor.pdb
[1092/1154  0s] CopyFiles Library/ScriptAssemblies/Unity.VisualScripting.State.Editor.dll
[1093/1154  0s] CopyFiles Library/ScriptAssemblies/Unity.VisualScripting.State.Editor.pdb
[1094/1154  0s] CopyFiles Library/ScriptAssemblies/Unity.AppUI.Navigation.Editor.dll
[1095/1154  0s] CopyFiles Library/ScriptAssemblies/Unity.AppUI.Navigation.Editor.pdb
[1096/1154  0s] CopyFiles Library/ScriptAssemblies/Unity.Collections.pdb
[1097/1154  0s] CopyFiles Library/ScriptAssemblies/Unity.PlasticSCM.Editor.Assistant.dll
[1098/1154  0s] CopyFiles Library/ScriptAssemblies/Unity.Searcher.Editor.pdb
[1099/1154  0s] CopyFiles Library/ScriptAssemblies/Unity.PlasticSCM.Editor.Assistant.pdb
[1100/1154  0s] CopyFiles Library/ScriptAssemblies/Unity.AppUI.Editor.dll
[1101/1154  0s] CopyFiles Library/ScriptAssemblies/Unity.RenderPipelines.Universal.Editor.pdb
[1102/1154  0s] CopyFiles Library/ScriptAssemblies/Unity.RenderPipelines.Universal.2D.Editor.Overrides.pdb
[1103/1154  0s] CopyFiles Library/ScriptAssemblies/Unity.RenderPipelines.Universal.Editor.dll
[1104/1154  0s] CopyFiles Library/ScriptAssemblies/Unity.RenderPipelines.Universal.2D.Editor.Overrides.dll
[1105/1154  0s] CopyFiles Library/ScriptAssemblies/Unity.ShaderGraph.Utilities.pdb
[1106/1154  0s] CopyFiles Library/ScriptAssemblies/Unity.ShaderGraph.Utilities.dll
[1107/1154  0s] CopyFiles Library/ScriptAssemblies/Unity.AppUI.Redux.Editor.dll
[1108/1154  0s] CopyFiles Library/ScriptAssemblies/Unity.AppUI.Redux.Editor.pdb
[1109/1154  0s] CopyFiles Library/ScriptAssemblies/Unity.Burst.pdb
[1110/1154  0s] CopyFiles Library/ScriptAssemblies/Unity.InternalAPIEngineBridge.RenderPipelines.Core.Editor.dll
[1111/1154  0s] CopyFiles Library/ScriptAssemblies/Unity.InternalAPIEngineBridge.RenderPipelines.Core.Editor.pdb
[1112/1154  0s] CopyFiles Library/ScriptAssemblies/Unity.AI.Navigation.Updater.pdb
[1113/1154  0s] CopyFiles Library/ScriptAssemblies/Unity.RenderPipelines.Universal.2D.Runtime.pdb
[1114/1154  0s] CopyFiles Library/ScriptAssemblies/Unity.AI.Navigation.Updater.dll
[1115/1154  0s] CopyFiles Library/ScriptAssemblies/Unity.AI.Navigation.Editor.pdb
[1116/1154  0s] CopyFiles Library/ScriptAssemblies/Unity.AI.Navigation.Editor.dll
[1117/1154  0s] CopyFiles Library/ScriptAssemblies/Unity.PathTracing.Editor.pdb
[1118/1154  0s] CopyFiles Library/ScriptAssemblies/Unity.PathTracing.Editor.dll
[1119/1154  0s] CopyFiles Library/ScriptAssemblies/Unity.PerformanceTesting.Editor.dll
[1120/1154  0s] CopyFiles Library/ScriptAssemblies/Unity.PlasticSCM.Editor.Entities.dll
[1121/1154  0s] CopyFiles Library/ScriptAssemblies/Unity.PerformanceTesting.Editor.pdb
[1122/1154  0s] CopyFiles Library/ScriptAssemblies/Unity.PlasticSCM.Editor.Entities.pdb
[1123/1154  0s] CopyFiles Library/ScriptAssemblies/Unity.CollabProxy.Editor.dll
[1124/1154  0s] CopyFiles Library/ScriptAssemblies/Unity.VisualScripting.Core.Editor.pdb
[1125/1154  0s] CopyFiles Library/ScriptAssemblies/Unity.CollabProxy.Editor.pdb
[1126/1154  0s] CopyFiles Library/ScriptAssemblies/Unity.VisualScripting.Core.Editor.dll
[1127/1154  0s] CopyFiles Library/ScriptAssemblies/Unity.InferenceEngine.ONNX.Editor.pdb
[1128/1154  0s] CopyFiles Library/ScriptAssemblies/Unity.InferenceEngine.ONNX.Editor.dll
[1129/1154  0s] CopyFiles Library/ScriptAssemblies/Unity.InternalAPIEditorBridge.ShaderGraph.Editor.pdb
[1130/1154  0s] CopyFiles Library/ScriptAssemblies/Unity.InternalAPIEditorBridge.ShaderGraph.Editor.dll
[1131/1154  0s] CopyFiles Library/ScriptAssemblies/Unity.VisualScripting.Shared.Editor.pdb
[1132/1154  0s] CopyFiles Library/ScriptAssemblies/Unity.VisualScripting.SettingsProvider.Editor.dll
[1133/1154  0s] CopyFiles Library/ScriptAssemblies/Unity.VisualScripting.Shared.Editor.dll
[1134/1154  0s] CopyFiles Library/ScriptAssemblies/Unity.VisualScripting.SettingsProvider.Editor.pdb
[1135/1154  0s] CopyFiles Library/ScriptAssemblies/Unity.InputSystem.DocCodeSamples.dll
[1136/1154  0s] CopyFiles Library/ScriptAssemblies/Unity.Multiplayer.Center.Editor.pdb
[1137/1154  0s] CopyFiles Library/ScriptAssemblies/Unity.InputSystem.DocCodeSamples.pdb
[1138/1154  0s] CopyFiles Library/ScriptAssemblies/Unity.Multiplayer.Center.Editor.dll
[1139/1154  0s] CopyFiles Library/ScriptAssemblies/Unity.AI.Navigation.Editor.ConversionSystem.dll
[1140/1154  0s] CopyFiles Library/ScriptAssemblies/Unity.AI.Navigation.Editor.ConversionSystem.pdb
[1141/1154  0s] CopyFiles Library/ScriptAssemblies/UnityEditor.UI.dll
[1142/1154  0s] CopyFiles Library/ScriptAssemblies/UnityEditor.UI.pdb
[1143/1154  0s] CopyFiles Library/ScriptAssemblies/Unity.2D.Sprite.Editor.dll
[1144/1154  0s] CopyFiles Library/ScriptAssemblies/Unity.UnifiedRayTracing.Runtime.pdb
[1145/1154  0s] CopyFiles Library/ScriptAssemblies/Unity.2D.Sprite.Editor.pdb
[1146/1154  0s] CopyFiles Library/ScriptAssemblies/UnityEditor.UI.Analytics.dll
[1147/1154  0s] CopyFiles Library/ScriptAssemblies/Unity.InferenceEngine.Microsoft.Msagl.pdb
[1148/1154  0s] CopyFiles Library/ScriptAssemblies/UnityEditor.UI.Analytics.pdb
[1149/1154  0s] CopyFiles Library/ScriptAssemblies/Unity.InferenceEngine.Microsoft.Msagl.dll
[1150/1154  0s] CopyFiles Library/ScriptAssemblies/Unity.InputSystem.TestFramework.pdb
[1151/1154  0s] CopyFiles Library/ScriptAssemblies/Unity.PathTracing.Runtime.pdb
[1152/1154  0s] CopyFiles Library/ScriptAssemblies/Unity.InputSystem.pdb
[1153/1154  0s] CopyFiles Library/ScriptAssemblies/Unity.AppUI.Undo.pdb
[1154/1154  0s] CopyFiles Library/ScriptAssemblies/Unity.RenderPipelines.Core.Runtime.Shared.pdb
[1155/1154  0s] CopyFiles Library/ScriptAssemblies/Unity.RenderPipelines.Universal.Runtime.pdb
[1156/1154  0s] CopyFiles Library/ScriptAssemblies/Unity.RenderPipelines.Core.Runtime.pdb
[1157/1154  0s] CopyFiles Library/ScriptAssemblies/Unity.Mathematics.pdb
[1158/1154  0s] CopyFiles Library/ScriptAssemblies/Unity.RenderPipelines.Universal.Config.Runtime.pdb
[1159/1154  0s] CopyFiles Library/ScriptAssemblies/Unity.AppUI.MVVM.pdb
[1160/1154  0s] CopyFiles Library/ScriptAssemblies/Unity.RenderPipeline.Universal.ShaderLibrary.pdb
[1161/1154  0s] CopyFiles Library/ScriptAssemblies/Unity.Searcher.Editor.dll
[1162/1154  0s] CopyFiles Library/ScriptAssemblies/Unity.AppUI.pdb
[1163/1154  0s] CopyFiles Library/ScriptAssemblies/Unity.Timeline.pdb
[1164/1154  0s] CopyFiles Library/ScriptAssemblies/Unity.AppUI.InternalAPIBridge.pdb
[1165/1154  0s] CopyFiles Library/ScriptAssemblies/Unity.Multiplayer.Center.Common.pdb
[1166/1154  0s] CopyFiles Library/ScriptAssemblies/Unity.TextMeshPro.pdb
[1167/1154  0s] CopyFiles Library/ScriptAssemblies/Unity.AppUI.Redux.pdb
[1168/1154  0s] CopyFiles Library/ScriptAssemblies/Unity.AI.Navigation.pdb
[1169/1154  0s] CopyFiles Library/ScriptAssemblies/Unity.RenderPipelines.ShaderGraph.ShaderGraphLibrary.pdb
[1170/1154  0s] CopyFiles Library/ScriptAssemblies/Unity.InputSystem.ForUI.pdb
[1171/1154  0s] CopyFiles Library/ScriptAssemblies/Unity.VisualScripting.DocCodeExamples.pdb
[1172/1154  0s] CopyFiles Library/ScriptAssemblies/Unity.VisualScripting.Flow.pdb
[1173/1154  0s] CopyFiles Library/ScriptAssemblies/Unity.InternalAPIEngineBridge.RenderPipelines.Core.Runtime.Shared.pdb
[1174/1154  0s] CopyFiles Library/ScriptAssemblies/Unity.RenderPipelines.Core.ShaderLibrary.pdb
[1175/1154  0s] CopyFiles Library/ScriptAssemblies/Unity.PerformanceTesting.pdb
[1176/1154  0s] CopyFiles Library/ScriptAssemblies/Unity.VisualScripting.Core.pdb
[1177/1154  0s] CopyFiles Library/ScriptAssemblies/Unity.AppUI.Navigation.pdb
[1178/1154  0s] CopyFiles Library/ScriptAssemblies/Unity.RenderPipelines.Core.Editor.Shared.dll
[1179/1154  0s] CopyFiles Library/ScriptAssemblies/Unity.InferenceEngine.MacBLAS.pdb
[1180/1154  0s] CopyFiles Library/ScriptAssemblies/Unity.InferenceEngine.Tokenization.pdb
[1181/1154  0s] CopyFiles Library/ScriptAssemblies/UnityEngine.UI.pdb
[1182/1154  0s] CopyFiles Library/ScriptAssemblies/Unity.InternalAPIEngineBridge.004.pdb
[1183/1154  0s] CopyFiles Library/ScriptAssemblies/Unity.RenderPipelines.Universal.Shaders.pdb
[1184/1154  0s] CopyFiles Library/ScriptAssemblies/Unity.InferenceEngine.iOSBLAS.pdb
[1185/1154  0s] CopyFiles Library/ScriptAssemblies/Unity.VisualScripting.State.pdb
[1186/1154  0s] CopyFiles Library/ScriptAssemblies/Unity.SurfaceCache.Runtime.pdb
[1187/1154  0s] ILPostProcess Library/Bee/artifacts/1900b0aE.dag/post-processed/Unity.Burst.Editor.dll (+pdb)
Processing assembly Library/Bee/artifacts/1900b0aE.dag/Unity.Burst.Editor.dll, with 140 defines and 307 references

processors: Unity.Jobs.CodeGen.JobsILPostProcessor, zzzUnity.Burst.CodeGen.BurstILPostProcessor

running Unity.Jobs.CodeGen.JobsILPostProcessor

running zzzUnity.Burst.CodeGen.BurstILPostProcessor
[1188/1154  0s] CopyFiles Library/ScriptAssemblies/Unity.Burst.Editor.pdb
[1189/1154  2s] ILPostProcess Library/Bee/artifacts/1900b0aE.dag/post-processed/Unity.RenderPipelines.GPUDriven.Runtime.dll (+pdb)
Processing assembly Library/Bee/artifacts/1900b0aE.dag/Unity.RenderPipelines.GPUDriven.Runtime.dll, with 142 defines and 301 references

processors: Unity.Jobs.CodeGen.JobsILPostProcessor, zzzUnity.Burst.CodeGen.BurstILPostProcessor

running Unity.Jobs.CodeGen.JobsILPostProcessor

running zzzUnity.Burst.CodeGen.BurstILPostProcessor
[1190/1154  0s] ILPostProcess Library/Bee/artifacts/1900b0aE.dag/post-processed/Unity.ShaderGraph.Editor.dll (+pdb)
Processing assembly Library/Bee/artifacts/1900b0aE.dag/Unity.ShaderGraph.Editor.dll, with 140 defines and 311 references

processors: Unity.Jobs.CodeGen.JobsILPostProcessor, zzzUnity.Burst.CodeGen.BurstILPostProcessor

running Unity.Jobs.CodeGen.JobsILPostProcessor

running zzzUnity.Burst.CodeGen.BurstILPostProcessor
[1191/1154  0s] CopyFiles Library/ScriptAssemblies/Unity.RenderPipelines.GPUDriven.Runtime.pdb
[1192/1154  0s] CopyFiles Library/ScriptAssemblies/Unity.RenderPipelines.GPUDriven.Runtime.dll
[1193/1154  0s] CopyFiles Library/ScriptAssemblies/Unity.ShaderGraph.Editor.pdb
[1194/1154  0s] ILPostProcess Library/Bee/artifacts/1900b0aE.dag/post-processed/Unity.Collections.Editor.dll (+pdb)
Processing assembly Library/Bee/artifacts/1900b0aE.dag/Unity.Collections.Editor.dll, with 141 defines and 307 references

processors: Unity.Jobs.CodeGen.JobsILPostProcessor, zzzUnity.Burst.CodeGen.BurstILPostProcessor

running Unity.Jobs.CodeGen.JobsILPostProcessor

running zzzUnity.Burst.CodeGen.BurstILPostProcessor
[1195/1154  0s] ILPostProcess Library/Bee/artifacts/1900b0aE.dag/post-processed/Unity.TextMeshPro.Editor.dll (+pdb)
Processing assembly Library/Bee/artifacts/1900b0aE.dag/Unity.TextMeshPro.Editor.dll, with 140 defines and 308 references

processors: Unity.Jobs.CodeGen.JobsILPostProcessor, zzzUnity.Burst.CodeGen.BurstILPostProcessor

running Unity.Jobs.CodeGen.JobsILPostProcessor

running zzzUnity.Burst.CodeGen.BurstILPostProcessor
[1196/1154  0s] ILPostProcess Library/Bee/artifacts/1900b0aE.dag/post-processed/Unity.Timeline.Editor.dll (+pdb)
Processing assembly Library/Bee/artifacts/1900b0aE.dag/Unity.Timeline.Editor.dll, with 141 defines and 307 references

processors: Unity.Jobs.CodeGen.JobsILPostProcessor, zzzUnity.Burst.CodeGen.BurstILPostProcessor

running Unity.Jobs.CodeGen.JobsILPostProcessor

running zzzUnity.Burst.CodeGen.BurstILPostProcessor
[1197/1154  0s] CopyFiles Library/ScriptAssemblies/Unity.Collections.Editor.dll
[1198/1154  0s] CopyFiles Library/ScriptAssemblies/Unity.Collections.Editor.pdb
[1199/1154  0s] CopyFiles Library/ScriptAssemblies/Unity.TextMeshPro.Editor.pdb
[1200/1154  0s] CopyFiles Library/ScriptAssemblies/Unity.Timeline.Editor.pdb
[1201/1154  1s] ILPostProcess Library/Bee/artifacts/1900b0aE.dag/post-processed/Unity.RenderPipelines.Core.Editor.dll (+pdb)
Processing assembly Library/Bee/artifacts/1900b0aE.dag/Unity.RenderPipelines.Core.Editor.dll, with 143 defines and 315 references

processors: Unity.Jobs.CodeGen.JobsILPostProcessor, zzzUnity.Burst.CodeGen.BurstILPostProcessor

running Unity.Jobs.CodeGen.JobsILPostProcessor

running zzzUnity.Burst.CodeGen.BurstILPostProcessor
[1202/1154  0s] CopyFiles Library/ScriptAssemblies/Unity.RenderPipelines.Core.Editor.pdb
[1203/1154  0s] CopyFiles Library/ScriptAssemblies/Unity.Burst.Editor.dll
[1204/1154  0s] ILPostProcess Library/Bee/artifacts/1900b0aE.dag/post-processed/Unity.InferenceEngine.Editor.Visualizer.dll (+pdb)
Processing assembly Library/Bee/artifacts/1900b0aE.dag/Unity.InferenceEngine.Editor.Visualizer.dll, with 140 defines and 313 references

processors: Unity.Jobs.CodeGen.JobsILPostProcessor, zzzUnity.Burst.CodeGen.BurstILPostProcessor

running Unity.Jobs.CodeGen.JobsILPostProcessor

running zzzUnity.Burst.CodeGen.BurstILPostProcessor
[1205/1154  0s] ILPostProcess Library/Bee/artifacts/1900b0aE.dag/post-processed/Unity.InferenceEngine.Editor.dll (+pdb)
Processing assembly Library/Bee/artifacts/1900b0aE.dag/Unity.InferenceEngine.Editor.dll, with 140 defines and 298 references

processors: Unity.Jobs.CodeGen.JobsILPostProcessor, zzzUnity.Burst.CodeGen.BurstILPostProcessor

running Unity.Jobs.CodeGen.JobsILPostProcessor

running zzzUnity.Burst.CodeGen.BurstILPostProcessor
[1206/1154  0s] CopyFiles Library/ScriptAssemblies/Unity.ShaderGraph.Editor.dll
[1207/1154  0s] CopyFiles Library/ScriptAssemblies/Unity.InferenceEngine.Editor.Visualizer.pdb
[1208/1154  0s] CopyFiles Library/ScriptAssemblies/Unity.InferenceEngine.Editor.pdb
[1209/1154  0s] CopyFiles Library/ScriptAssemblies/Unity.Timeline.Editor.dll
[1210/1154  0s] CopyFiles Library/ScriptAssemblies/Unity.InferenceEngine.Editor.dll
[1211/1154  1s] ILPostProcess Library/Bee/artifacts/1900b0aE.dag/post-processed/Unity.PlasticSCM.Editor.dll (+pdb)
Processing assembly Library/Bee/artifacts/1900b0aE.dag/Unity.PlasticSCM.Editor.dll, with 141 defines and 297 references

processors: Unity.Jobs.CodeGen.JobsILPostProcessor, zzzUnity.Burst.CodeGen.BurstILPostProcessor

running Unity.Jobs.CodeGen.JobsILPostProcessor

running zzzUnity.Burst.CodeGen.BurstILPostProcessor
[1212/1154  0s] CopyFiles Library/ScriptAssemblies/Unity.PlasticSCM.Editor.pdb
[1213/1154  0s] CopyFiles Library/ScriptAssemblies/Unity.InferenceEngine.Editor.Visualizer.dll
[1214/1154  0s] CopyFiles Library/ScriptAssemblies/Unity.RenderPipelines.Core.Editor.dll
[1215/1154  0s] CopyFiles Library/ScriptAssemblies/Unity.TextMeshPro.Editor.dll
[1216/1154  0s] CopyFiles Library/ScriptAssemblies/Unity.PlasticSCM.Editor.dll
[1217/1154  3s] ILPostProcess Library/Bee/artifacts/1900b0aE.dag/post-processed/Unity.InferenceEngine.dll (+pdb)
Processing assembly Library/Bee/artifacts/1900b0aE.dag/Unity.InferenceEngine.dll, with 142 defines and 300 references

processors: Unity.Jobs.CodeGen.JobsILPostProcessor, zzzUnity.Burst.CodeGen.BurstILPostProcessor

running Unity.Jobs.CodeGen.JobsILPostProcessor

running zzzUnity.Burst.CodeGen.BurstILPostProcessor
[1218/1154  0s] CopyFiles Library/ScriptAssemblies/Unity.InferenceEngine.pdb
[1219/1154  0s] CopyFiles Library/ScriptAssemblies/Unity.InferenceEngine.dll
[1220/1154  0s] Csc Library/Bee/artifacts/1900b0aE.dag/MiniRTS.Runtime.dll (+2 others)
##### CommandLine
"C:\Program Files\Unity\Hub\Editor\6000.5.5f1\Editor\Data\DotNetSdk\dotnet.exe" exec "C:/Program Files/Unity/Hub/Editor/6000.5.5f1/Editor/Data/DotNetSdk/sdk/8.0.318/Roslyn/bincore/csc.dll" /nostdlib /noconfig /shared "@Library/Bee/artifacts/1900b0aE.dag/MiniRTS.Runtime.rsp" "@Library/Bee/artifacts/1900b0aE.dag/MiniRTS.Runtime.rsp2"
##### Contents of Library\Bee\artifacts\1900b0aE.dag\MiniRTS.Runtime.rsp
-target:library
-out:"Library/Bee/artifacts/1900b0aE.dag/MiniRTS.Runtime.dll"
-refout:"Library/Bee/artifacts/1900b0aE.dag/MiniRTS.Runtime.ref.dll"
-define:UNITY_6000_5_5
-define:UNITY_6000_5
-define:UNITY_6000
-define:UNITY_5_3_OR_NEWER
-define:UNITY_5_4_OR_NEWER
-define:UNITY_5_5_OR_NEWER
-define:UNITY_5_6_OR_NEWER
-define:UNITY_2017_1_OR_NEWER
-define:UNITY_2017_2_OR_NEWER
-define:UNITY_2017_3_OR_NEWER
-define:UNITY_2017_4_OR_NEWER
-define:UNITY_2018_1_OR_NEWER
-define:UNITY_2018_2_OR_NEWER
-define:UNITY_2018_3_OR_NEWER
-define:UNITY_2018_4_OR_NEWER
-define:UNITY_2019_1_OR_NEWER
-define:UNITY_2019_2_OR_NEWER
-define:UNITY_2019_3_OR_NEWER
-define:UNITY_2019_4_OR_NEWER
-define:UNITY_2020_1_OR_NEWER
-define:UNITY_2020_2_OR_NEWER
-define:UNITY_2020_3_OR_NEWER
-define:UNITY_2021_1_OR_NEWER
-define:UNITY_2021_2_OR_NEWER
-define:UNITY_2021_3_OR_NEWER
-define:UNITY_2022_1_OR_NEWER
-define:UNITY_2022_2_OR_NEWER
-define:UNITY_2022_3_OR_NEWER
-define:UNITY_2023_1_OR_NEWER
-define:UNITY_2023_2_OR_NEWER
-define:UNITY_2023_3_OR_NEWER
-define:UNITY_6000_0_OR_NEWER
-define:UNITY_6000_1_OR_NEWER
-define:UNITY_6000_2_OR_NEWER
-define:UNITY_6000_3_OR_NEWER
-define:UNITY_6000_4_OR_NEWER
-define:UNITY_6000_5_OR_NEWER
-define:PLATFORM_ARCH_64
-define:UNITY_64
-define:UNITY_INCLUDE_TESTS
-define:ENABLE_AR
-define:ENABLE_AUDIO
-define:ENABLE_AUDIO_SCRIPTABLE_PIPELINE
-define:ENABLE_CACHING
-define:ENABLE_CLOTH
-define:ENABLE_EVENT_QUEUE
-define:ENABLE_MICROPHONE
-define:ENABLE_MULTIPLE_DISPLAYS
-define:ENABLE_PHYSICS
-define:ENABLE_TEXTURE_STREAMING
-define:ENABLE_VIRTUALTEXTURING
-define:ENABLE_LZMA
-define:ENABLE_UNITYEVENTS
-define:ENABLE_VR
-define:ENABLE_WEBCAM
-define:ENABLE_UNITYWEBREQUEST
-define:ENABLE_WWW
-define:ENABLE_CLOUD_SERVICES
-define:ENABLE_CLOUD_SERVICES_ADS
-define:ENABLE_CLOUD_SERVICES_USE_WEBREQUEST
-define:ENABLE_UNITY_CONSENT
-define:ENABLE_UNITY_CLOUD_IDENTIFIERS
-define:ENABLE_CLOUD_SERVICES_CRASH_REPORTING
-define:ENABLE_CLOUD_SERVICES_NATIVE_CRASH_REPORTING
-define:ENABLE_CLOUD_SERVICES_PURCHASING
-define:ENABLE_CLOUD_SERVICES_ANALYTICS
-define:ENABLE_CLOUD_SERVICES_BUILD
-define:ENABLE_EDITOR_GAME_SERVICES
-define:ENABLE_UNITY_GAME_SERVICES_ANALYTICS_SUPPORT
-define:ENABLE_CLOUD_LICENSE
-define:ENABLE_EDITOR_HUB_LICENSE
-define:ENABLE_WEBSOCKET_CLIENT
-define:ENABLE_GENERATE_NATIVE_PLUGINS_FOR_ASSEMBLIES_API
-define:ENABLE_DIRECTOR_AUDIO
-define:ENABLE_DIRECTOR_TEXTURE
-define:ENABLE_MANAGED_JOBS
-define:ENABLE_MANAGED_TRANSFORM_JOBS
-define:ENABLE_MANAGED_ANIMATION_JOBS
-define:ENABLE_MANAGED_AUDIO_JOBS
-define:ENABLE_MANAGED_UNITYTLS
-define:INCLUDE_DYNAMIC_GI
-define:ENABLE_SCRIPTING_GC_WBARRIERS
-define:PLATFORM_SUPPORTS_MONO
-define:RENDER_SOFTWARE_CURSOR
-define:ENABLE_MARSHALLING_TESTS
-define:ENABLE_VIDEO
-define:ENABLE_NAVIGATION_OFFMESHLINK_TO_NAVMESHLINK
-define:ENABLE_ACCELERATOR_CLIENT_DEBUGGING
-define:ENABLE_ACCESSIBILITY_SCREEN_READER
-define:TEXTCORE_1_0_OR_NEWER
-define:EDITOR_ONLY_NAVMESH_BUILDER_DEPRECATED
-define:PLATFORM_STANDALONE_WIN
-define:PLATFORM_STANDALONE
-define:UNITY_STANDALONE_WIN
-define:UNITY_STANDALONE
-define:ENABLE_RUNTIME_GI
-define:ENABLE_MOVIES
-define:ENABLE_NETWORK
-define:ENABLE_NVIDIA
-define:ENABLE_AMD
-define:ENABLE_CRUNCH_TEXTURE_COMPRESSION
-define:ENABLE_CLOUD_SERVICES_ENGINE_DIAGNOSTICS
-define:ENABLE_OUT_OF_PROCESS_CRASH_HANDLER
-define:ENABLE_CLUSTER_SYNC
-define:ENABLE_CLUSTERINPUT
-define:PLATFORM_UPDATES_TIME_OUTSIDE_OF_PLAYER_LOOP
-define:GFXDEVICE_WAITFOREVENT_MESSAGEPUMP
-define:PLATFORM_USES_EXPLICIT_MEMORY_MANAGER_INITIALIZER
-define:PLATFORM_SUPPORTS_WAIT_FOR_PRESENTATION
-define:PLATFORM_SUPPORTS_SPLIT_GRAPHICS_JOBS
-define:PLATFORM_USES_VULKAN_OLD_SWAPCHAIN
-define:USE_READ_ASYNC_MANAGED_API
-define:ENABLE_MONO
-define:NET_STANDARD_2_0
-define:NET_STANDARD
-define:NET_STANDARD_2_1
-define:NETSTANDARD
-define:NETSTANDARD2_1
-define:ENABLE_PROFILER
-define:DEBUG
-define:TRACE
-define:UNITY_ASSERTIONS
-define:UNITY_EDITOR
-define:UNITY_EDITOR_64
-define:UNITY_EDITOR_WIN
-define:ENABLE_UNITY_COLLECTIONS_CHECKS
-define:ENABLE_BURST_AOT
-define:UNITY_TEAM_LICENSE
-define:ENABLE_CUSTOM_RENDER_TEXTURE
-define:ENABLE_DIRECTOR
-define:ENABLE_LOCALIZATION
-define:ENABLE_SPRITES
-define:ENABLE_TERRAIN
-define:ENABLE_TILEMAP
-define:ENABLE_TIMELINE
-define:ENABLE_INPUT_SYSTEM
-define:TEXTCORE_FONT_ENGINE_1_5_OR_NEWER
-define:TEXTCORE_TEXT_ENGINE_1_5_OR_NEWER
-define:TEXTCORE_FONT_ENGINE_1_6_OR_NEWER
-define:SENTIS_ANALYTICS_ENABLED
-define:CSHARP_7_OR_LATER
-define:CSHARP_7_3_OR_NEWER
-r:"C:/Program Files/Unity/Hub/Editor/6000.5.5f1/Editor/Data/BCLExtensions/TargetingPacks/netstandard2.1/ref/Microsoft.Bcl.AsyncInterfaces.dll"
-r:"C:/Program Files/Unity/Hub/Editor/6000.5.5f1/Editor/Data/BCLExtensions/TargetingPacks/netstandard2.1/ref/Microsoft.Extensions.DependencyInjection.Abstractions.dll"
-r:"C:/Program Files/Unity/Hub/Editor/6000.5.5f1/Editor/Data/BCLExtensions/TargetingPacks/netstandard2.1/ref/Microsoft.Extensions.Logging.Abstractions.dll"
-r:"C:/Program Files/Unity/Hub/Editor/6000.5.5f1/Editor/Data/BCLExtensions/TargetingPacks/netstandard2.1/ref/System.Collections.Immutable.dll"
-r:"C:/Program Files/Unity/Hub/Editor/6000.5.5f1/Editor/Data/BCLExtensions/TargetingPacks/netstandard2.1/ref/System.Diagnostics.DiagnosticSource.dll"
-r:"C:/Program Files/Unity/Hub/Editor/6000.5.5f1/Editor/Data/BCLExtensions/TargetingPacks/netstandard2.1/ref/System.IO.Hashing.dll"
-r:"C:/Program Files/Unity/Hub/Editor/6000.5.5f1/Editor/Data/BCLExtensions/TargetingPacks/netstandard2.1/ref/System.Reflection.Metadata.dll"
-r:"C:/Program Files/Unity/Hub/Editor/6000.5.5f1/Editor/Data/BCLExtensions/TargetingPacks/netstandard2.1/ref/System.Runtime.CompilerServices.Unsafe.dll"
-r:"C:/Program Files/Unity/Hub/Editor/6000.5.5f1/Editor/Data/BCLExtensions/TargetingPacks/netstandard2.1/ref/System.Text.Encodings.Web.dll"
-r:"C:/Program Files/Unity/Hub/Editor/6000.5.5f1/Editor/Data/BCLExtensions/TargetingPacks/netstandard2.1/ref/System.Text.Json.dll"
-r:"C:/Program Files/Unity/Hub/Editor/6000.5.5f1/Editor/Data/Managed/UnityEditor.Graphs.dll"
-r:"C:/Program Files/Unity/Hub/Editor/6000.5.5f1/Editor/Data/Managed/UnityEngine/Unity.Scripting.dll"
-r:"C:/Program Files/Unity/Hub/Editor/6000.5.5f1/Editor/Data/Managed/UnityEngine/UnityEditor.AIModule.dll"
-r:"C:/Program Files/Unity/Hub/Editor/6000.5.5f1/Editor/Data/Managed/UnityEngine/UnityEditor.AccessibilityModule.dll"
-r:"C:/Program Files/Unity/Hub/Editor/6000.5.5f1/Editor/Data/Managed/UnityEngine/UnityEditor.AdaptivePerformanceModule.dll"
-r:"C:/Program Files/Unity/Hub/Editor/6000.5.5f1/Editor/Data/Managed/UnityEngine/UnityEditor.AssetComplianceModule.dll"
-r:"C:/Program Files/Unity/Hub/Editor/6000.5.5f1/Editor/Data/Managed/UnityEngine/UnityEditor.BuildProfileModule.dll"
-r:"C:/Program Files/Unity/Hub/Editor/6000.5.5f1/Editor/Data/Managed/UnityEngine/UnityEditor.ClothModule.dll"
-r:"C:/Program Files/Unity/Hub/Editor/6000.5.5f1/Editor/Data/Managed/UnityEngine/UnityEditor.ContentLoadModule.dll"
-r:"C:/Program Files/Unity/Hub/Editor/6000.5.5f1/Editor/Data/Managed/UnityEngine/UnityEditor.CoreBusinessMetricsModule.dll"
-r:"C:/Program Files/Unity/Hub/Editor/6000.5.5f1/Editor/Data/Managed/UnityEngine/UnityEditor.CoreModule.dll"
-r:"C:/Program Files/Unity/Hub/Editor/6000.5.5f1/Editor/Data/Managed/UnityEngine/UnityEditor.DeviceSimulatorModule.dll"
-r:"C:/Program Files/Unity/Hub/Editor/6000.5.5f1/Editor/Data/Managed/UnityEngine/UnityEditor.DiagnosticsModule.dll"
-r:"C:/Program Files/Unity/Hub/Editor/6000.5.5f1/Editor/Data/Managed/UnityEngine/UnityEditor.EditorToolbarModule.dll"
-r:"C:/Program Files/Unity/Hub/Editor/6000.5.5f1/Editor/Data/Managed/UnityEngine/UnityEditor.EmbreeModule.dll"
-r:"C:/Program Files/Unity/Hub/Editor/6000.5.5f1/Editor/Data/Managed/UnityEngine/UnityEditor.GIModule.dll"
-r:"C:/Program Files/Unity/Hub/Editor/6000.5.5f1/Editor/Data/Managed/UnityEngine/UnityEditor.GenericRemoteModule.dll"
-r:"C:/Program Files/Unity/Hub/Editor/6000.5.5f1/Editor/Data/Managed/UnityEngine/UnityEditor.GraphToolkitModule.dll"
-r:"C:/Program Files/Unity/Hub/Editor/6000.5.5f1/Editor/Data/Managed/UnityEngine/UnityEditor.GraphViewModule.dll"
-r:"C:/Program Files/Unity/Hub/Editor/6000.5.5f1/Editor/Data/Managed/UnityEngine/UnityEditor.GraphicsStateCollectionSerializerModule.dll"
-r:"C:/Program Files/Unity/Hub/Editor/6000.5.5f1/Editor/Data/Managed/UnityEngine/UnityEditor.GridAndSnapModule.dll"
-r:"C:/Program Files/Unity/Hub/Editor/6000.5.5f1/Editor/Data/Managed/UnityEngine/UnityEditor.GridModule.dll"
-r:"C:/Program Files/Unity/Hub/Editor/6000.5.5f1/Editor/Data/Managed/UnityEngine/UnityEditor.HierarchyModule.dll"
-r:"C:/Program Files/Unity/Hub/Editor/6000.5.5f1/Editor/Data/Managed/UnityEngine/UnityEditor.LightingModule.dll"
-r:"C:/Program Files/Unity/Hub/Editor/6000.5.5f1/Editor/Data/Managed/UnityEngine/UnityEditor.MathematicsModule.dll"
-r:"C:/Program Files/Unity/Hub/Editor/6000.5.5f1/Editor/Data/Managed/UnityEngine/UnityEditor.MediaModule.dll"
-r:"C:/Program Files/Unity/Hub/Editor/6000.5.5f1/Editor/Data/Managed/UnityEngine/UnityEditor.MultiplayerModule.dll"
-r:"C:/Program Files/Unity/Hub/Editor/6000.5.5f1/Editor/Data/Managed/UnityEngine/UnityEditor.Physics2DModule.dll"
-r:"C:/Program Files/Unity/Hub/Editor/6000.5.5f1/Editor/Data/Managed/UnityEngine/UnityEditor.PhysicsCore2DModule.dll"
-r:"C:/Program Files/Unity/Hub/Editor/6000.5.5f1/Editor/Data/Managed/UnityEngine/UnityEditor.PhysicsModule.dll"
-r:"C:/Program Files/Unity/Hub/Editor/6000.5.5f1/Editor/Data/Managed/UnityEngine/UnityEditor.PlayModeModule.dll"
-r:"C:/Program Files/Unity/Hub/Editor/6000.5.5f1/Editor/Data/Managed/UnityEngine/UnityEditor.PresetsUIModule.dll"
-r:"C:/Program Files/Unity/Hub/Editor/6000.5.5f1/Editor/Data/Managed/UnityEngine/UnityEditor.ProjectAuditorModule.dll"
-r:"C:/Program Files/Unity/Hub/Editor/6000.5.5f1/Editor/Data/Managed/UnityEngine/UnityEditor.PropertiesModule.dll"
-r:"C:/Program Files/Unity/Hub/Editor/6000.5.5f1/Editor/Data/Managed/UnityEngine/UnityEditor.QuickInstallModule.dll"
-r:"C:/Program Files/Unity/Hub/Editor/6000.5.5f1/Editor/Data/Managed/UnityEngine/UnityEditor.QuickSearchModule.dll"
-r:"C:/Program Files/Unity/Hub/Editor/6000.5.5f1/Editor/Data/Managed/UnityEngine/UnityEditor.SafeModeModule.dll"
-r:"C:/Program Files/Unity/Hub/Editor/6000.5.5f1/Editor/Data/Managed/UnityEngine/UnityEditor.SceneTemplateModule.dll"
-r:"C:/Program Files/Unity/Hub/Editor/6000.5.5f1/Editor/Data/Managed/UnityEngine/UnityEditor.SceneViewModule.dll"
-r:"C:/Program Files/Unity/Hub/Editor/6000.5.5f1/Editor/Data/Managed/UnityEngine/UnityEditor.ShaderBuildSettingsModule.dll"
-r:"C:/Program Files/Unity/Hub/Editor/6000.5.5f1/Editor/Data/Managed/UnityEngine/UnityEditor.ShaderCompilationModule.dll"
-r:"C:/Program Files/Unity/Hub/Editor/6000.5.5f1/Editor/Data/Managed/UnityEngine/UnityEditor.ShaderFoundryModule.dll"
-r:"C:/Program Files/Unity/Hub/Editor/6000.5.5f1/Editor/Data/Managed/UnityEngine/UnityEditor.SketchUpModule.dll"
-r:"C:/Program Files/Unity/Hub/Editor/6000.5.5f1/Editor/Data/Managed/UnityEngine/UnityEditor.SpriteMaskModule.dll"
-r:"C:/Program Files/Unity/Hub/Editor/6000.5.5f1/Editor/Data/Managed/UnityEngine/UnityEditor.SpriteShapeModule.dll"
-r:"C:/Program Files/Unity/Hub/Editor/6000.5.5f1/Editor/Data/Managed/UnityEngine/UnityEditor.SubstanceModule.dll"
-r:"C:/Program Files/Unity/Hub/Editor/6000.5.5f1/Editor/Data/Managed/UnityEngine/UnityEditor.TerrainModule.dll"
-r:"C:/Program Files/Unity/Hub/Editor/6000.5.5f1/Editor/Data/Managed/UnityEngine/UnityEditor.TextCoreFontEngineModule.dll"
-r:"C:/Program Files/Unity/Hub/Editor/6000.5.5f1/Editor/Data/Managed/UnityEngine/UnityEditor.TextCoreTextEngineModule.dll"
-r:"C:/Program Files/Unity/Hub/Editor/6000.5.5f1/Editor/Data/Managed/UnityEngine/UnityEditor.TextRenderingModule.dll"
-r:"C:/Program Files/Unity/Hub/Editor/6000.5.5f1/Editor/Data/Managed/UnityEngine/UnityEditor.TilemapModule.dll"
-r:"C:/Program Files/Unity/Hub/Editor/6000.5.5f1/Editor/Data/Managed/UnityEngine/UnityEditor.TreeModule.dll"
-r:"C:/Program Files/Unity/Hub/Editor/6000.5.5f1/Editor/Data/Managed/UnityEngine/UnityEditor.U2DModule.dll"
-r:"C:/Program Files/Unity/Hub/Editor/6000.5.5f1/Editor/Data/Managed/UnityEngine/UnityEditor.UIAutomationModule.dll"
-r:"C:/Program Files/Unity/Hub/Editor/6000.5.5f1/Editor/Data/Managed/UnityEngine/UnityEditor.UIBuilderModule.dll"
-r:"C:/Program Files/Unity/Hub/Editor/6000.5.5f1/Editor/Data/Managed/UnityEngine/UnityEditor.UIElementsModule.dll"
-r:"C:/Program Files/Unity/Hub/Editor/6000.5.5f1/Editor/Data/Managed/UnityEngine/UnityEditor.UIElementsSamplesModule.dll"
-r:"C:/Program Files/Unity/Hub/Editor/6000.5.5f1/Editor/Data/Managed/UnityEngine/UnityEditor.UIToolkitAuthoringModule.dll"
-r:"C:/Program Files/Unity/Hub/Editor/6000.5.5f1/Editor/Data/Managed/UnityEngine/UnityEditor.UmbraModule.dll"
-r:"C:/Program Files/Unity/Hub/Editor/6000.5.5f1/Editor/Data/Managed/UnityEngine/UnityEditor.UnityConnectModule.dll"
-r:"C:/Program Files/Unity/Hub/Editor/6000.5.5f1/Editor/Data/Managed/UnityEngine/UnityEditor.VFXModule.dll"
-r:"C:/Program Files/Unity/Hub/Editor/6000.5.5f1/Editor/Data/Managed/UnityEngine/UnityEditor.VectorGraphicsModule.dll"
-r:"C:/Program Files/Unity/Hub/Editor/6000.5.5f1/Editor/Data/Managed/UnityEngine/UnityEditor.VideoModule.dll"
-r:"C:/Program Files/Unity/Hub/Editor/6000.5.5f1/Editor/Data/Managed/UnityEngine/UnityEditor.XRModule.dll"
-r:"C:/Program Files/Unity/Hub/Editor/6000.5.5f1/Editor/Data/Managed/UnityEngine/UnityEditor.dll"
-r:"C:/Program Files/Unity/Hub/Editor/6000.5.5f1/Editor/Data/Managed/UnityEngine/UnityEngine.AIModule.dll"
-r:"C:/Program Files/Unity/Hub/Editor/6000.5.5f1/Editor/Data/Managed/UnityEngine/UnityEngine.ARModule.dll"
-r:"C:/Program Files/Unity/Hub/Editor/6000.5.5f1/Editor/Data/Managed/UnityEngine/UnityEngine.AccessibilityModule.dll"
-r:"C:/Program Files/Unity/Hub/Editor/6000.5.5f1/Editor/Data/Managed/UnityEngine/UnityEngine.AdaptivePerformanceModule.dll"
-r:"C:/Program Files/Unity/Hub/Editor/6000.5.5f1/Editor/Data/Managed/UnityEngine/UnityEngine.AndroidJNIModule.dll"
-r:"C:/Program Files/Unity/Hub/Editor/6000.5.5f1/Editor/Data/Managed/UnityEngine/UnityEngine.AnimationModule.dll"
-r:"C:/Program Files/Unity/Hub/Editor/6000.5.5f1/Editor/Data/Managed/UnityEngine/UnityEngine.AssetBundleModule.dll"
-r:"C:/Program Files/Unity/Hub/Editor/6000.5.5f1/Editor/Data/Managed/UnityEngine/UnityEngine.AudioModule.dll"
-r:"C:/Program Files/Unity/Hub/Editor/6000.5.5f1/Editor/Data/Managed/UnityEngine/UnityEngine.ClothModule.dll"
-r:"C:/Program Files/Unity/Hub/Editor/6000.5.5f1/Editor/Data/Managed/UnityEngine/UnityEngine.ClusterInputModule.dll"
-r:"C:/Program Files/Unity/Hub/Editor/6000.5.5f1/Editor/Data/Managed/UnityEngine/UnityEngine.ClusterRendererModule.dll"
-r:"C:/Program Files/Unity/Hub/Editor/6000.5.5f1/Editor/Data/Managed/UnityEngine/UnityEngine.ContentLoadModule.dll"
-r:"C:/Program Files/Unity/Hub/Editor/6000.5.5f1/Editor/Data/Managed/UnityEngine/UnityEngine.CoreModule.dll"
-r:"C:/Program Files/Unity/Hub/Editor/6000.5.5f1/Editor/Data/Managed/UnityEngine/UnityEngine.CrashReportingModule.dll"
-r:"C:/Program Files/Unity/Hub/Editor/6000.5.5f1/Editor/Data/Managed/UnityEngine/UnityEngine.DSPGraphModule.dll"
-r:"C:/Program Files/Unity/Hub/Editor/6000.5.5f1/Editor/Data/Managed/UnityEngine/UnityEngine.DirectorModule.dll"
-r:"C:/Program Files/Unity/Hub/Editor/6000.5.5f1/Editor/Data/Managed/UnityEngine/UnityEngine.GIModule.dll"
-r:"C:/Program Files/Unity/Hub/Editor/6000.5.5f1/Editor/Data/Managed/UnityEngine/UnityEngine.GameCenterModule.dll"
-r:"C:/Program Files/Unity/Hub/Editor/6000.5.5f1/Editor/Data/Managed/UnityEngine/UnityEngine.GraphicsStateCollectionSerializerModule.dll"
-r:"C:/Program Files/Unity/Hub/Editor/6000.5.5f1/Editor/Data/Managed/UnityEngine/UnityEngine.GridModule.dll"
-r:"C:/Program Files/Unity/Hub/Editor/6000.5.5f1/Editor/Data/Managed/UnityEngine/UnityEngine.HierarchyCoreModule.dll"
-r:"C:/Program Files/Unity/Hub/Editor/6000.5.5f1/Editor/Data/Managed/UnityEngine/UnityEngine.HotReloadModule.dll"
-r:"C:/Program Files/Unity/Hub/Editor/6000.5.5f1/Editor/Data/Managed/UnityEngine/UnityEngine.IMGUIModule.dll"
-r:"C:/Program Files/Unity/Hub/Editor/6000.5.5f1/Editor/Data/Managed/UnityEngine/UnityEngine.IdentifiersModule.dll"
-r:"C:/Program Files/Unity/Hub/Editor/6000.5.5f1/Editor/Data/Managed/UnityEngine/UnityEngine.ImageConversionModule.dll"
-r:"C:/Program Files/Unity/Hub/Editor/6000.5.5f1/Editor/Data/Managed/UnityEngine/UnityEngine.InputForUIModule.dll"
-r:"C:/Program Files/Unity/Hub/Editor/6000.5.5f1/Editor/Data/Managed/UnityEngine/UnityEngine.InputLegacyModule.dll"
-r:"C:/Program Files/Unity/Hub/Editor/6000.5.5f1/Editor/Data/Managed/UnityEngine/UnityEngine.InputModule.dll"
-r:"C:/Program Files/Unity/Hub/Editor/6000.5.5f1/Editor/Data/Managed/UnityEngine/UnityEngine.InsightsModule.dll"
-r:"C:/Program Files/Unity/Hub/Editor/6000.5.5f1/Editor/Data/Managed/UnityEngine/UnityEngine.JSONSerializeModule.dll"
-r:"C:/Program Files/Unity/Hub/Editor/6000.5.5f1/Editor/Data/Managed/UnityEngine/UnityEngine.LocalizationModule.dll"
-r:"C:/Program Files/Unity/Hub/Editor/6000.5.5f1/Editor/Data/Managed/UnityEngine/UnityEngine.MarshallingModule.dll"
-r:"C:/Program Files/Unity/Hub/Editor/6000.5.5f1/Editor/Data/Managed/UnityEngine/UnityEngine.MathematicsModule.dll"
-r:"C:/Program Files/Unity/Hub/Editor/6000.5.5f1/Editor/Data/Managed/UnityEngine/UnityEngine.MultiplayerModule.dll"
-r:"C:/Program Files/Unity/Hub/Editor/6000.5.5f1/Editor/Data/Managed/UnityEngine/UnityEngine.ParticleSystemModule.dll"
-r:"C:/Program Files/Unity/Hub/Editor/6000.5.5f1/Editor/Data/Managed/UnityEngine/UnityEngine.PerformanceReportingModule.dll"
-r:"C:/Program Files/Unity/Hub/Editor/6000.5.5f1/Editor/Data/Managed/UnityEngine/UnityEngine.Physics2DModule.dll"
-r:"C:/Program Files/Unity/Hub/Editor/6000.5.5f1/Editor/Data/Managed/UnityEngine/UnityEngine.PhysicsBackendPhysXModule.dll"
-r:"C:/Program Files/Unity/Hub/Editor/6000.5.5f1/Editor/Data/Managed/UnityEngine/UnityEngine.PhysicsCore2DModule.dll"
-r:"C:/Program Files/Unity/Hub/Editor/6000.5.5f1/Editor/Data/Managed/UnityEngine/UnityEngine.PhysicsModule.dll"
-r:"C:/Program Files/Unity/Hub/Editor/6000.5.5f1/Editor/Data/Managed/UnityEngine/UnityEngine.PropertiesModule.dll"
-r:"C:/Program Files/Unity/Hub/Editor/6000.5.5f1/Editor/Data/Managed/UnityEngine/UnityEngine.RenderAs2DModule.dll"
-r:"C:/Program Files/Unity/Hub/Editor/6000.5.5f1/Editor/Data/Managed/UnityEngine/UnityEngine.RuntimeInitializeOnLoadManagerInitializerModule.dll"
-r:"C:/Program Files/Unity/Hub/Editor/6000.5.5f1/Editor/Data/Managed/UnityEngine/UnityEngine.ScreenCaptureModule.dll"
-r:"C:/Program Files/Unity/Hub/Editor/6000.5.5f1/Editor/Data/Managed/UnityEngine/UnityEngine.ScriptingModule.dll"
-r:"C:/Program Files/Unity/Hub/Editor/6000.5.5f1/Editor/Data/Managed/UnityEngine/UnityEngine.ShaderVariantAnalyticsModule.dll"
-r:"C:/Program Files/Unity/Hub/Editor/6000.5.5f1/Editor/Data/Managed/UnityEngine/UnityEngine.SharedInternalsModule.dll"
-r:"C:/Program Files/Unity/Hub/Editor/6000.5.5f1/Editor/Data/Managed/UnityEngine/UnityEngine.SpriteMaskModule.dll"
-r:"C:/Program Files/Unity/Hub/Editor/6000.5.5f1/Editor/Data/Managed/UnityEngine/UnityEngine.SpriteShapeModule.dll"
-r:"C:/Program Files/Unity/Hub/Editor/6000.5.5f1/Editor/Data/Managed/UnityEngine/UnityEngine.StreamingModule.dll"
-r:"C:/Program Files/Unity/Hub/Editor/6000.5.5f1/Editor/Data/Managed/UnityEngine/UnityEngine.SubstanceModule.dll"
-r:"C:/Program Files/Unity/Hub/Editor/6000.5.5f1/Editor/Data/Managed/UnityEngine/UnityEngine.SubsystemsModule.dll"
-r:"C:/Program Files/Unity/Hub/Editor/6000.5.5f1/Editor/Data/Managed/UnityEngine/UnityEngine.TLSModule.dll"
-r:"C:/Program Files/Unity/Hub/Editor/6000.5.5f1/Editor/Data/Managed/UnityEngine/UnityEngine.TerrainModule.dll"
-r:"C:/Program Files/Unity/Hub/Editor/6000.5.5f1/Editor/Data/Managed/UnityEngine/UnityEngine.TerrainPhysicsModule.dll"
-r:"C:/Program Files/Unity/Hub/Editor/6000.5.5f1/Editor/Data/Managed/UnityEngine/UnityEngine.TextCoreFontEngineModule.dll"
-r:"C:/Program Files/Unity/Hub/Editor/6000.5.5f1/Editor/Data/Managed/UnityEngine/UnityEngine.TextCoreTextEngineModule.dll"
-r:"C:/Program Files/Unity/Hub/Editor/6000.5.5f1/Editor/Data/Managed/UnityEngine/UnityEngine.TextRenderingModule.dll"
-r:"C:/Program Files/Unity/Hub/Editor/6000.5.5f1/Editor/Data/Managed/UnityEngine/UnityEngine.TilemapModule.dll"
-r:"C:/Program Files/Unity/Hub/Editor/6000.5.5f1/Editor/Data/Managed/UnityEngine/UnityEngine.U2DRuntimeModule.dll"
-r:"C:/Program Files/Unity/Hub/Editor/6000.5.5f1/Editor/Data/Managed/UnityEngine/UnityEngine.UIElementsModule.dll"
-r:"C:/Program Files/Unity/Hub/Editor/6000.5.5f1/Editor/Data/Managed/UnityEngine/UnityEngine.UIModule.dll"
-r:"C:/Program Files/Unity/Hub/Editor/6000.5.5f1/Editor/Data/Managed/UnityEngine/UnityEngine.UmbraModule.dll"
-r:"C:/Program Files/Unity/Hub/Editor/6000.5.5f1/Editor/Data/Managed/UnityEngine/UnityEngine.UnityAnalyticsCommonModule.dll"
-r:"C:/Program Files/Unity/Hub/Editor/6000.5.5f1/Editor/Data/Managed/UnityEngine/UnityEngine.UnityAnalyticsModule.dll"
-r:"C:/Program Files/Unity/Hub/Editor/6000.5.5f1/Editor/Data/Managed/UnityEngine/UnityEngine.UnityConnectModule.dll"
-r:"C:/Program Files/Unity/Hub/Editor/6000.5.5f1/Editor/Data/Managed/UnityEngine/UnityEngine.UnityConsentModule.dll"
-r:"C:/Program Files/Unity/Hub/Editor/6000.5.5f1/Editor/Data/Managed/UnityEngine/UnityEngine.UnityCurlModule.dll"
-r:"C:/Program Files/Unity/Hub/Editor/6000.5.5f1/Editor/Data/Managed/UnityEngine/UnityEngine.UnityWebRequestAssetBundleModule.dll"
-r:"C:/Program Files/Unity/Hub/Editor/6000.5.5f1/Editor/Data/Managed/UnityEngine/UnityEngine.UnityWebRequestAudioModule.dll"
-r:"C:/Program Files/Unity/Hub/Editor/6000.5.5f1/Editor/Data/Managed/UnityEngine/UnityEngine.UnityWebRequestModule.dll"
-r:"C:/Program Files/Unity/Hub/Editor/6000.5.5f1/Editor/Data/Managed/UnityEngine/UnityEngine.UnityWebRequestTextureModule.dll"
-r:"C:/Program Files/Unity/Hub/Editor/6000.5.5f1/Editor/Data/Managed/UnityEngine/UnityEngine.UnityWebRequestWWWModule.dll"
-r:"C:/Program Files/Unity/Hub/Editor/6000.5.5f1/Editor/Data/Managed/UnityEngine/UnityEngine.VFXModule.dll"
-r:"C:/Program Files/Unity/Hub/Editor/6000.5.5f1/Editor/Data/Managed/UnityEngine/UnityEngine.VectorGraphicsModule.dll"
-r:"C:/Program Files/Unity/Hub/Editor/6000.5.5f1/Editor/Data/Managed/UnityEngine/UnityEngine.VehiclesModule.dll"
-r:"C:/Program Files/Unity/Hub/Editor/6000.5.5f1/Editor/Data/Managed/UnityEngine/UnityEngine.VideoModule.dll"
-r:"C:/Program Files/Unity/Hub/Editor/6000.5.5f1/Editor/Data/Managed/UnityEngine/UnityEngine.VirtualTexturingModule.dll"
-r:"C:/Program Files/Unity/Hub/Editor/6000.5.5f1/Editor/Data/Managed/UnityEngine/UnityEngine.WindModule.dll"
-r:"C:/Program Files/Unity/Hub/Editor/6000.5.5f1/Editor/Data/Managed/UnityEngine/UnityEngine.XRModule.dll"
-r:"C:/Program Files/Unity/Hub/Editor/6000.5.5f1/Editor/Data/Managed/UnityEngine/UnityEngine.dll"
-r:"C:/Program Files/Unity/Hub/Editor/6000.5.5f1/Editor/Data/NetStandard/Extensions/2.0.0/System.Runtime.InteropServices.WindowsRuntime.dll"
-r:"C:/Program Files/Unity/Hub/Editor/6000.5.5f1/Editor/Data/NetStandard/compat/2.1.0/shims/netfx/System.ComponentModel.Composition.dll"
-r:"C:/Program Files/Unity/Hub/Editor/6000.5.5f1/Editor/Data/NetStandard/compat/2.1.0/shims/netfx/System.Core.dll"
-r:"C:/Program Files/Unity/Hub/Editor/6000.5.5f1/Editor/Data/NetStandard/compat/2.1.0/shims/netfx/System.Data.dll"
-r:"C:/Program Files/Unity/Hub/Editor/6000.5.5f1/Editor/Data/NetStandard/compat/2.1.0/shims/netfx/System.Drawing.dll"
-r:"C:/Program Files/Unity/Hub/Editor/6000.5.5f1/Editor/Data/NetStandard/compat/2.1.0/shims/netfx/System.IO.Compression.FileSystem.dll"
-r:"C:/Program Files/Unity/Hub/Editor/6000.5.5f1/Editor/Data/NetStandard/compat/2.1.0/shims/netfx/System.Net.dll"
-r:"C:/Program Files/Unity/Hub/Editor/6000.5.5f1/Editor/Data/NetStandard/compat/2.1.0/shims/netfx/System.Numerics.dll"
-r:"C:/Program Files/Unity/Hub/Editor/6000.5.5f1/Editor/Data/NetStandard/compat/2.1.0/shims/netfx/System.Runtime.Serialization.dll"
-r:"C:/Program Files/Unity/Hub/Editor/6000.5.5f1/Editor/Data/NetStandard/compat/2.1.0/shims/netfx/System.ServiceModel.Web.dll"
-r:"C:/Program Files/Unity/Hub/Editor/6000.5.5f1/Editor/Data/NetStandard/compat/2.1.0/shims/netfx/System.Transactions.dll"
-r:"C:/Program Files/Unity/Hub/Editor/6000.5.5f1/Editor/Data/NetStandard/compat/2.1.0/shims/netfx/System.Web.dll"
-r:"C:/Program Files/Unity/Hub/Editor/6000.5.5f1/Editor/Data/NetStandard/compat/2.1.0/shims/netfx/System.Windows.dll"
-r:"C:/Program Files/Unity/Hub/Editor/6000.5.5f1/Editor/Data/NetStandard/compat/2.1.0/shims/netfx/System.Xml.Linq.dll"
-r:"C:/Program Files/Unity/Hub/Editor/6000.5.5f1/Editor/Data/NetStandard/compat/2.1.0/shims/netfx/System.Xml.Serialization.dll"
-r:"C:/Program Files/Unity/Hub/Editor/6000.5.5f1/Editor/Data/NetStandard/compat/2.1.0/shims/netfx/System.Xml.dll"
-r:"C:/Program Files/Unity/Hub/Editor/6000.5.5f1/Editor/Data/NetStandard/compat/2.1.0/shims/netfx/System.dll"
-r:"C:/Program Files/Unity/Hub/Editor/6000.5.5f1/Editor/Data/NetStandard/compat/2.1.0/shims/netfx/mscorlib.dll"
-r:"C:/Program Files/Unity/Hub/Editor/6000.5.5f1/Editor/Data/NetStandard/compat/2.1.0/shims/netstandard/Microsoft.Win32.Primitives.dll"
-r:"C:/Program Files/Unity/Hub/Editor/6000.5.5f1/Editor/Data/NetStandard/compat/2.1.0/shims/netstandard/System.AppContext.dll"
-r:"C:/Program Files/Unity/Hub/Editor/6000.5.5f1/Editor/Data/NetStandard/compat/2.1.0/shims/netstandard/System.Buffers.dll"
-r:"C:/Program Files/Unity/Hub/Editor/6000.5.5f1/Editor/Data/NetStandard/compat/2.1.0/shims/netstandard/System.Collections.Concurrent.dll"
-r:"C:/Program Files/Unity/Hub/Editor/6000.5.5f1/Editor/Data/NetStandard/compat/2.1.0/shims/netstandard/System.Collections.NonGeneric.dll"
-r:"C:/Program Files/Unity/Hub/Editor/6000.5.5f1/Editor/Data/NetStandard/compat/2.1.0/shims/netstandard/System.Collections.Specialized.dll"
-r:"C:/Program Files/Unity/Hub/Editor/6000.5.5f1/Editor/Data/NetStandard/compat/2.1.0/shims/netstandard/System.Collections.dll"
-r:"C:/Program Files/Unity/Hub/Editor/6000.5.5f1/Editor/Data/NetStandard/compat/2.1.0/shims/netstandard/System.ComponentModel.EventBasedAsync.dll"
-r:"C:/Program Files/Unity/Hub/Editor/6000.5.5f1/Editor/Data/NetStandard/compat/2.1.0/shims/netstandard/System.ComponentModel.Primitives.dll"
-r:"C:/Program Files/Unity/Hub/Editor/6000.5.5f1/Editor/Data/NetStandard/compat/2.1.0/shims/netstandard/System.ComponentModel.TypeConverter.dll"
-r:"C:/Program Files/Unity/Hub/Editor/6000.5.5f1/Editor/Data/NetStandard/compat/2.1.0/shims/netstandard/System.ComponentModel.dll"
-r:"C:/Program Files/Unity/Hub/Editor/6000.5.5f1/Editor/Data/NetStandard/compat/2.1.0/shims/netstandard/System.Console.dll"
-r:"C:/Program Files/Unity/Hub/Editor/6000.5.5f1/Editor/Data/NetStandard/compat/2.1.0/shims/netstandard/System.Data.Common.dll"
-r:"C:/Program Files/Unity/Hub/Editor/6000.5.5f1/Editor/Data/NetStandard/compat/2.1.0/shims/netstandard/System.Diagnostics.Contracts.dll"
-r:"C:/Program Files/Unity/Hub/Editor/6000.5.5f1/Editor/Data/NetStandard/compat/2.1.0/shims/netstandard/System.Diagnostics.Debug.dll"
-r:"C:/Program Files/Unity/Hub/Editor/6000.5.5f1/Editor/Data/NetStandard/compat/2.1.0/shims/netstandard/System.Diagnostics.FileVersionInfo.dll"
-r:"C:/Program Files/Unity/Hub/Editor/6000.5.5f1/Editor/Data/NetStandard/compat/2.1.0/shims/netstandard/System.Diagnostics.Process.dll"
-r:"C:/Program Files/Unity/Hub/Editor/6000.5.5f1/Editor/Data/NetStandard/compat/2.1.0/shims/netstandard/System.Diagnostics.StackTrace.dll"
-r:"C:/Program Files/Unity/Hub/Editor/6000.5.5f1/Editor/Data/NetStandard/compat/2.1.0/shims/netstandard/System.Diagnostics.TextWriterTraceListener.dll"
-r:"C:/Program Files/Unity/Hub/Editor/6000.5.5f1/Editor/Data/NetStandard/compat/2.1.0/shims/netstandard/System.Diagnostics.Tools.dll"
-r:"C:/Program Files/Unity/Hub/Editor/6000.5.5f1/Editor/Data/NetStandard/compat/2.1.0/shims/netstandard/System.Diagnostics.TraceSource.dll"
-r:"C:/Program Files/Unity/Hub/Editor/6000.5.5f1/Editor/Data/NetStandard/compat/2.1.0/shims/netstandard/System.Diagnostics.Tracing.dll"
-r:"C:/Program Files/Unity/Hub/Editor/6000.5.5f1/Editor/Data/NetStandard/compat/2.1.0/shims/netstandard/System.Drawing.Primitives.dll"
-r:"C:/Program Files/Unity/Hub/Editor/6000.5.5f1/Editor/Data/NetStandard/compat/2.1.0/shims/netstandard/System.Dynamic.Runtime.dll"
-r:"C:/Program Files/Unity/Hub/Editor/6000.5.5f1/Editor/Data/NetStandard/compat/2.1.0/shims/netstandard/System.Globalization.Calendars.dll"
-r:"C:/Program Files/Unity/Hub/Editor/6000.5.5f1/Editor/Data/NetStandard/compat/2.1.0/shims/netstandard/System.Globalization.Extensions.dll"
-r:"C:/Program Files/Unity/Hub/Editor/6000.5.5f1/Editor/Data/NetStandard/compat/2.1.0/shims/netstandard/System.Globalization.dll"
-r:"C:/Program Files/Unity/Hub/Editor/6000.5.5f1/Editor/Data/NetStandard/compat/2.1.0/shims/netstandard/System.IO.Compression.ZipFile.dll"
-r:"C:/Program Files/Unity/Hub/Editor/6000.5.5f1/Editor/Data/NetStandard/compat/2.1.0/shims/netstandard/System.IO.Compression.dll"
-r:"C:/Program Files/Unity/Hub/Editor/6000.5.5f1/Editor/Data/NetStandard/compat/2.1.0/shims/netstandard/System.IO.FileSystem.DriveInfo.dll"
-r:"C:/Program Files/Unity/Hub/Editor/6000.5.5f1/Editor/Data/NetStandard/compat/2.1.0/shims/netstandard/System.IO.FileSystem.Primitives.dll"
-r:"C:/Program Files/Unity/Hub/Editor/6000.5.5f1/Editor/Data/NetStandard/compat/2.1.0/shims/netstandard/System.IO.FileSystem.Watcher.dll"
-r:"C:/Program Files/Unity/Hub/Editor/6000.5.5f1/Editor/Data/NetStandard/compat/2.1.0/shims/netstandard/System.IO.FileSystem.dll"
-r:"C:/Program Files/Unity/Hub/Editor/6000.5.5f1/Editor/Data/NetStandard/compat/2.1.0/shims/netstandard/System.IO.IsolatedStorage.dll"
-r:"C:/Program Files/Unity/Hub/Editor/6000.5.5f1/Editor/Data/NetStandard/compat/2.1.0/shims/netstandard/System.IO.MemoryMappedFiles.dll"
-r:"C:/Program Files/Unity/Hub/Editor/6000.5.5f1/Editor/Data/NetStandard/compat/2.1.0/shims/netstandard/System.IO.Pipes.dll"
-r:"C:/Program Files/Unity/Hub/Editor/6000.5.5f1/Editor/Data/NetStandard/compat/2.1.0/shims/netstandard/System.IO.UnmanagedMemoryStream.dll"
-r:"C:/Program Files/Unity/Hub/Editor/6000.5.5f1/Editor/Data/NetStandard/compat/2.1.0/shims/netstandard/System.IO.dll"
-r:"C:/Program Files/Unity/Hub/Editor/6000.5.5f1/Editor/Data/NetStandard/compat/2.1.0/shims/netstandard/System.Linq.Expressions.dll"
-r:"C:/Program Files/Unity/Hub/Editor/6000.5.5f1/Editor/Data/NetStandard/compat/2.1.0/shims/netstandard/System.Linq.Parallel.dll"
-r:"C:/Program Files/Unity/Hub/Editor/6000.5.5f1/Editor/Data/NetStandard/compat/2.1.0/shims/netstandard/System.Linq.Queryable.dll"
-r:"C:/Program Files/Unity/Hub/Editor/6000.5.5f1/Editor/Data/NetStandard/compat/2.1.0/shims/netstandard/System.Linq.dll"
-r:"C:/Program Files/Unity/Hub/Editor/6000.5.5f1/Editor/Data/NetStandard/compat/2.1.0/shims/netstandard/System.Memory.dll"
-r:"C:/Program Files/Unity/Hub/Editor/6000.5.5f1/Editor/Data/NetStandard/compat/2.1.0/shims/netstandard/System.Net.Http.dll"
-r:"C:/Program Files/Unity/Hub/Editor/6000.5.5f1/Editor/Data/NetStandard/compat/2.1.0/shims/netstandard/System.Net.NameResolution.dll"
-r:"C:/Program Files/Unity/Hub/Editor/6000.5.5f1/Editor/Data/NetStandard/compat/2.1.0/shims/netstandard/System.Net.NetworkInformation.dll"
-r:"C:/Program Files/Unity/Hub/Editor/6000.5.5f1/Editor/Data/NetStandard/compat/2.1.0/shims/netstandard/System.Net.Ping.dll"
-r:"C:/Program Files/Unity/Hub/Editor/6000.5.5f1/Editor/Data/NetStandard/compat/2.1.0/shims/netstandard/System.Net.Primitives.dll"
-r:"C:/Program Files/Unity/Hub/Editor/6000.5.5f1/Editor/Data/NetStandard/compat/2.1.0/shims/netstandard/System.Net.Requests.dll"
-r:"C:/Program Files/Unity/Hub/Editor/6000.5.5f1/Editor/Data/NetStandard/compat/2.1.0/shims/netstandard/System.Net.Security.dll"
-r:"C:/Program Files/Unity/Hub/Editor/6000.5.5f1/Editor/Data/NetStandard/compat/2.1.0/shims/netstandard/System.Net.Sockets.dll"
-r:"C:/Program Files/Unity/Hub/Editor/6000.5.5f1/Editor/Data/NetStandard/compat/2.1.0/shims/netstandard/System.Net.WebHeaderCollection.dll"
-r:"C:/Program Files/Unity/Hub/Editor/6000.5.5f1/Editor/Data/NetStandard/compat/2.1.0/shims/netstandard/System.Net.WebSockets.Client.dll"
-r:"C:/Program Files/Unity/Hub/Editor/6000.5.5f1/Editor/Data/NetStandard/compat/2.1.0/shims/netstandard/System.Net.WebSockets.dll"
-r:"C:/Program Files/Unity/Hub/Editor/6000.5.5f1/Editor/Data/NetStandard/compat/2.1.0/shims/netstandard/System.Numerics.Vectors.dll"
-r:"C:/Program Files/Unity/Hub/Editor/6000.5.5f1/Editor/Data/NetStandard/compat/2.1.0/shims/netstandard/System.ObjectModel.dll"
-r:"C:/Program Files/Unity/Hub/Editor/6000.5.5f1/Editor/Data/NetStandard/compat/2.1.0/shims/netstandard/System.Reflection.DispatchProxy.dll"
-r:"C:/Program Files/Unity/Hub/Editor/6000.5.5f1/Editor/Data/NetStandard/compat/2.1.0/shims/netstandard/System.Reflection.Emit.ILGeneration.dll"
-r:"C:/Program Files/Unity/Hub/Editor/6000.5.5f1/Editor/Data/NetStandard/compat/2.1.0/shims/netstandard/System.Reflection.Emit.Lightweight.dll"
-r:"C:/Program Files/Unity/Hub/Editor/6000.5.5f1/Editor/Data/NetStandard/compat/2.1.0/shims/netstandard/System.Reflection.Emit.dll"
-r:"C:/Program Files/Unity/Hub/Editor/6000.5.5f1/Editor/Data/NetStandard/compat/2.1.0/shims/netstandard/System.Reflection.Extensions.dll"
-r:"C:/Program Files/Unity/Hub/Editor/6000.5.5f1/Editor/Data/NetStandard/compat/2.1.0/shims/netstandard/System.Reflection.Primitives.dll"
-r:"C:/Program Files/Unity/Hub/Editor/6000.5.5f1/Editor/Data/NetStandard/compat/2.1.0/shims/netstandard/System.Reflection.dll"
-r:"C:/Program Files/Unity/Hub/Editor/6000.5.5f1/Editor/Data/NetStandard/compat/2.1.0/shims/netstandard/System.Resources.Reader.dll"
-r:"C:/Program Files/Unity/Hub/Editor/6000.5.5f1/Editor/Data/NetStandard/compat/2.1.0/shims/netstandard/System.Resources.ResourceManager.dll"
-r:"C:/Program Files/Unity/Hub/Editor/6000.5.5f1/Editor/Data/NetStandard/compat/2.1.0/shims/netstandard/System.Resources.Writer.dll"
-r:"C:/Program Files/Unity/Hub/Editor/6000.5.5f1/Editor/Data/NetStandard/compat/2.1.0/shims/netstandard/System.Runtime.CompilerServices.VisualC.dll"
-r:"C:/Program Files/Unity/Hub/Editor/6000.5.5f1/Editor/Data/NetStandard/compat/2.1.0/shims/netstandard/System.Runtime.Extensions.dll"
-r:"C:/Program Files/Unity/Hub/Editor/6000.5.5f1/Editor/Data/NetStandard/compat/2.1.0/shims/netstandard/System.Runtime.Handles.dll"
-r:"C:/Program Files/Unity/Hub/Editor/6000.5.5f1/Editor/Data/NetStandard/compat/2.1.0/shims/netstandard/System.Runtime.InteropServices.RuntimeInformation.dll"
-r:"C:/Program Files/Unity/Hub/Editor/6000.5.5f1/Editor/Data/NetStandard/compat/2.1.0/shims/netstandard/System.Runtime.InteropServices.dll"
-r:"C:/Program Files/Unity/Hub/Editor/6000.5.5f1/Editor/Data/NetStandard/compat/2.1.0/shims/netstandard/System.Runtime.Numerics.dll"
-r:"C:/Program Files/Unity/Hub/Editor/6000.5.5f1/Editor/Data/NetStandard/compat/2.1.0/shims/netstandard/System.Runtime.Serialization.Formatters.dll"
-r:"C:/Program Files/Unity/Hub/Editor/6000.5.5f1/Editor/Data/NetStandard/compat/2.1.0/shims/netstandard/System.Runtime.Serialization.Json.dll"
-r:"C:/Program Files/Unity/Hub/Editor/6000.5.5f1/Editor/Data/NetStandard/compat/2.1.0/shims/netstandard/System.Runtime.Serialization.Primitives.dll"
-r:"C:/Program Files/Unity/Hub/Editor/6000.5.5f1/Editor/Data/NetStandard/compat/2.1.0/shims/netstandard/System.Runtime.Serialization.Xml.dll"
-r:"C:/Program Files/Unity/Hub/Editor/6000.5.5f1/Editor/Data/NetStandard/compat/2.1.0/shims/netstandard/System.Runtime.dll"
-r:"C:/Program Files/Unity/Hub/Editor/6000.5.5f1/Editor/Data/NetStandard/compat/2.1.0/shims/netstandard/System.Security.Claims.dll"
-r:"C:/Program Files/Unity/Hub/Editor/6000.5.5f1/Editor/Data/NetStandard/compat/2.1.0/shims/netstandard/System.Security.Cryptography.Algorithms.dll"
-r:"C:/Program Files/Unity/Hub/Editor/6000.5.5f1/Editor/Data/NetStandard/compat/2.1.0/shims/netstandard/System.Security.Cryptography.Csp.dll"
-r:"C:/Program Files/Unity/Hub/Editor/6000.5.5f1/Editor/Data/NetStandard/compat/2.1.0/shims/netstandard/System.Security.Cryptography.Encoding.dll"
-r:"C:/Program Files/Unity/Hub/Editor/6000.5.5f1/Editor/Data/NetStandard/compat/2.1.0/shims/netstandard/System.Security.Cryptography.Primitives.dll"
-r:"C:/Program Files/Unity/Hub/Editor/6000.5.5f1/Editor/Data/NetStandard/compat/2.1.0/shims/netstandard/System.Security.Cryptography.X509Certificates.dll"
-r:"C:/Program Files/Unity/Hub/Editor/6000.5.5f1/Editor/Data/NetStandard/compat/2.1.0/shims/netstandard/System.Security.Principal.dll"
-r:"C:/Program Files/Unity/Hub/Editor/6000.5.5f1/Editor/Data/NetStandard/compat/2.1.0/shims/netstandard/System.Security.SecureString.dll"
-r:"C:/Program Files/Unity/Hub/Editor/6000.5.5f1/Editor/Data/NetStandard/compat/2.1.0/shims/netstandard/System.Text.Encoding.Extensions.dll"
-r:"C:/Program Files/Unity/Hub/Editor/6000.5.5f1/Editor/Data/NetStandard/compat/2.1.0/shims/netstandard/System.Text.Encoding.dll"
-r:"C:/Program Files/Unity/Hub/Editor/6000.5.5f1/Editor/Data/NetStandard/compat/2.1.0/shims/netstandard/System.Text.RegularExpressions.dll"
-r:"C:/Program Files/Unity/Hub/Editor/6000.5.5f1/Editor/Data/NetStandard/compat/2.1.0/shims/netstandard/System.Threading.Overlapped.dll"
-r:"C:/Program Files/Unity/Hub/Editor/6000.5.5f1/Editor/Data/NetStandard/compat/2.1.0/shims/netstandard/System.Threading.Tasks.Extensions.dll"
-r:"C:/Program Files/Unity/Hub/Editor/6000.5.5f1/Editor/Data/NetStandard/compat/2.1.0/shims/netstandard/System.Threading.Tasks.Parallel.dll"
-r:"C:/Program Files/Unity/Hub/Editor/6000.5.5f1/Editor/Data/NetStandard/compat/2.1.0/shims/netstandard/System.Threading.Tasks.dll"
-r:"C:/Program Files/Unity/Hub/Editor/6000.5.5f1/Editor/Data/NetStandard/compat/2.1.0/shims/netstandard/System.Threading.Thread.dll"
-r:"C:/Program Files/Unity/Hub/Editor/6000.5.5f1/Editor/Data/NetStandard/compat/2.1.0/shims/netstandard/System.Threading.ThreadPool.dll"
-r:"C:/Program Files/Unity/Hub/Editor/6000.5.5f1/Editor/Data/NetStandard/compat/2.1.0/shims/netstandard/System.Threading.Timer.dll"
-r:"C:/Program Files/Unity/Hub/Editor/6000.5.5f1/Editor/Data/NetStandard/compat/2.1.0/shims/netstandard/System.Threading.dll"
-r:"C:/Program Files/Unity/Hub/Editor/6000.5.5f1/Editor/Data/NetStandard/compat/2.1.0/shims/netstandard/System.ValueTuple.dll"
-r:"C:/Program Files/Unity/Hub/Editor/6000.5.5f1/Editor/Data/NetStandard/compat/2.1.0/shims/netstandard/System.Xml.ReaderWriter.dll"
-r:"C:/Program Files/Unity/Hub/Editor/6000.5.5f1/Editor/Data/NetStandard/compat/2.1.0/shims/netstandard/System.Xml.XDocument.dll"
-r:"C:/Program Files/Unity/Hub/Editor/6000.5.5f1/Editor/Data/NetStandard/compat/2.1.0/shims/netstandard/System.Xml.XPath.XDocument.dll"
-r:"C:/Program Files/Unity/Hub/Editor/6000.5.5f1/Editor/Data/NetStandard/compat/2.1.0/shims/netstandard/System.Xml.XPath.dll"
-r:"C:/Program Files/Unity/Hub/Editor/6000.5.5f1/Editor/Data/NetStandard/compat/2.1.0/shims/netstandard/System.Xml.XmlDocument.dll"
-r:"C:/Program Files/Unity/Hub/Editor/6000.5.5f1/Editor/Data/NetStandard/compat/2.1.0/shims/netstandard/System.Xml.XmlSerializer.dll"
-r:"C:/Program Files/Unity/Hub/Editor/6000.5.5f1/Editor/Data/NetStandard/ref/2.1.0/netstandard.dll"
-r:"C:/Program Files/Unity/Hub/Editor/6000.5.5f1/Editor/Data/PlaybackEngines/WebGLSupport/UnityEditor.WebGL.Extensions.dll"
-r:"C:/Program Files/Unity/Hub/Editor/6000.5.5f1/Editor/Data/PlaybackEngines/WindowsStandaloneSupport/UnityEditor.WindowsStandalone.Extensions.dll"
-r:"Library/PackageCache/com.unity.collab-proxy@4f3be89e8675/Lib/Editor/TextMateSharp/Onigwrap/OnigwrapPlastic.dll"
-r:"Library/PackageCache/com.unity.collab-proxy@4f3be89e8675/Lib/Editor/TextMateSharp/TextMateSharpPlastic.Grammars.dll"
-r:"Library/PackageCache/com.unity.collab-proxy@4f3be89e8675/Lib/Editor/TextMateSharp/TextMateSharpPlastic.dll"
-r:"Library/PackageCache/com.unity.collab-proxy@4f3be89e8675/Lib/Editor/Unity.Plastic.Antlr3.Runtime.dll"
-r:"Library/PackageCache/com.unity.collab-proxy@4f3be89e8675/Lib/Editor/Unity.Plastic.Newtonsoft.Json.dll"
-r:"Library/PackageCache/com.unity.collab-proxy@4f3be89e8675/Lib/Editor/log4netPlastic.dll"
-r:"Library/PackageCache/com.unity.collab-proxy@4f3be89e8675/Lib/Editor/unityplastic.dll"
-r:"Library/PackageCache/com.unity.collections@a43cabe808ca/Unity.Collections.LowLevel.ILSupport/Unity.Collections.LowLevel.ILSupport.dll"
-r:"Library/PackageCache/com.unity.ext.nunit@44f7d31723bd/net472/unity-custom/nunit.framework.dll"
-r:"Library/PackageCache/com.unity.nuget.mono-cecil@ecb9724e46ff/Mono.Cecil.dll"
-r:"Library/PackageCache/com.unity.nuget.newtonsoft-json@4dfd81071c64/Runtime/Newtonsoft.Json.dll"
-r:"Library/PackageCache/com.unity.visualscripting@4edfcc09512f/Editor/VisualScripting.Core/Dependencies/DotNetZip/Unity.VisualScripting.IonicZip.dll"
-r:"Library/PackageCache/com.unity.visualscripting@4edfcc09512f/Editor/VisualScripting.Core/Dependencies/YamlDotNet/Unity.VisualScripting.YamlDotNet.dll"
-r:"Library/PackageCache/com.unity.visualscripting@4edfcc09512f/Editor/VisualScripting.Core/EditorAssetResources/Unity.VisualScripting.TextureAssets.dll"
-r:"Library/PackageCache/com.unity.visualscripting@4edfcc09512f/Runtime/VisualScripting.Flow/Dependencies/NCalc/Unity.VisualScripting.Antlr3.Runtime.dll"
-r:"Library/Bee/artifacts/1900b0aE.dag/Unity.InputSystem.ref.dll"
-r:"Library/Bee/artifacts/1900b0aE.dag/UnityEditor.UI.ref.dll"
-r:"Library/Bee/artifacts/1900b0aE.dag/UnityEngine.UI.ref.dll"
-analyzer:"C:/Program Files/Unity/Hub/Editor/6000.5.5f1/Editor/Data/BCLExtensions/TargetingPacks/netstandard2.1/analyzers/dotnet/roslyn4.0/cs/Microsoft.Extensions.Logging.Generators.dll"
-analyzer:"C:/Program Files/Unity/Hub/Editor/6000.5.5f1/Editor/Data/BCLExtensions/TargetingPacks/netstandard2.1/analyzers/dotnet/roslyn4.0/cs/System.Text.Json.SourceGeneration.dll"
-analyzer:"C:/Program Files/Unity/Hub/Editor/6000.5.5f1/Editor/Data/Tools/BuildPipeline/Unity.Analyzers.Common/Unity.Analyzers.Common.dll"
-analyzer:"C:/Program Files/Unity/Hub/Editor/6000.5.5f1/Editor/Data/Tools/BuildPipeline/Unity.Analyzers.LongLiving/Unity.Analyzers.LongLiving.dll"
-analyzer:"C:/Program Files/Unity/Hub/Editor/6000.5.5f1/Editor/Data/Tools/BuildPipeline/Unity.SourceGenerators/Unity.Properties.SourceGenerator.dll"
-analyzer:"C:/Program Files/Unity/Hub/Editor/6000.5.5f1/Editor/Data/Tools/BuildPipeline/Unity.SourceGenerators/Unity.SourceGenerators.dll"
-analyzer:"C:/Program Files/Unity/Hub/Editor/6000.5.5f1/Editor/Data/Tools/BuildPipeline/Unity.SourceGenerators/Unity.UIToolkit.SourceGenerator.dll"
"Assets/ThirdParty/RTS-Learning/MiniRTS/MiniRTS/Assets/Scripts/MiniRTS/AStar.cs"
"Assets/ThirdParty/RTS-Learning/MiniRTS/MiniRTS/Assets/Scripts/MiniRTS/BalanceConfig.cs"
"Assets/ThirdParty/RTS-Learning/MiniRTS/MiniRTS/Assets/Scripts/MiniRTS/Barracks.cs"
"Assets/ThirdParty/RTS-Learning/MiniRTS/MiniRTS/Assets/Scripts/MiniRTS/Building.cs"
"Assets/ThirdParty/RTS-Learning/MiniRTS/MiniRTS/Assets/Scripts/MiniRTS/BuildingDefinition.cs"
"Assets/ThirdParty/RTS-Learning/MiniRTS/MiniRTS/Assets/Scripts/MiniRTS/BuildingFootprint.cs"
"Assets/ThirdParty/RTS-Learning/MiniRTS/MiniRTS/Assets/Scripts/MiniRTS/BuildingPlacementController.cs"
"Assets/ThirdParty/RTS-Learning/MiniRTS/MiniRTS/Assets/Scripts/MiniRTS/BuildingPlacementValidator.cs"
"Assets/ThirdParty/RTS-Learning/MiniRTS/MiniRTS/Assets/Scripts/MiniRTS/CombatEffects.cs"
"Assets/ThirdParty/RTS-Learning/MiniRTS/MiniRTS/Assets/Scripts/MiniRTS/CombatMath.cs"
"Assets/ThirdParty/RTS-Learning/MiniRTS/MiniRTS/Assets/Scripts/MiniRTS/CombatTargeting.cs"
"Assets/ThirdParty/RTS-Learning/MiniRTS/MiniRTS/Assets/Scripts/MiniRTS/Combatant.cs"
"Assets/ThirdParty/RTS-Learning/MiniRTS/MiniRTS/Assets/Scripts/MiniRTS/CommandCardUI.cs"
"Assets/ThirdParty/RTS-Learning/MiniRTS/MiniRTS/Assets/Scripts/MiniRTS/CommandTooltipTrigger.cs"
"Assets/ThirdParty/RTS-Learning/MiniRTS/MiniRTS/Assets/Scripts/MiniRTS/ControlGroupStore.cs"
"Assets/ThirdParty/RTS-Learning/MiniRTS/MiniRTS/Assets/Scripts/MiniRTS/EconomyHUD.cs"
"Assets/ThirdParty/RTS-Learning/MiniRTS/MiniRTS/Assets/Scripts/MiniRTS/EnemyAIBuildOrder.cs"
"Assets/ThirdParty/RTS-Learning/MiniRTS/MiniRTS/Assets/Scripts/MiniRTS/EnemyAIController.cs"
"Assets/ThirdParty/RTS-Learning/MiniRTS/MiniRTS/Assets/Scripts/MiniRTS/EnemyAIWaveSizing.cs"
"Assets/ThirdParty/RTS-Learning/MiniRTS/MiniRTS/Assets/Scripts/MiniRTS/Factory.cs"
"Assets/ThirdParty/RTS-Learning/MiniRTS/MiniRTS/Assets/Scripts/MiniRTS/FogGrid.cs"
"Assets/ThirdParty/RTS-Learning/MiniRTS/MiniRTS/Assets/Scripts/MiniRTS/FogOfWar.cs"
"Assets/ThirdParty/RTS-Learning/MiniRTS/MiniRTS/Assets/Scripts/MiniRTS/GameOutcomeLogic.cs"
"Assets/ThirdParty/RTS-Learning/MiniRTS/MiniRTS/Assets/Scripts/MiniRTS/GameStateController.cs"
"Assets/ThirdParty/RTS-Learning/MiniRTS/MiniRTS/Assets/Scripts/MiniRTS/GameTypes.cs"
"Assets/ThirdParty/RTS-Learning/MiniRTS/MiniRTS/Assets/Scripts/MiniRTS/GatherCycle.cs"
"Assets/ThirdParty/RTS-Learning/MiniRTS/MiniRTS/Assets/Scripts/MiniRTS/Headquarters.cs"
"Assets/ThirdParty/RTS-Learning/MiniRTS/MiniRTS/Assets/Scripts/MiniRTS/HelpOverlayUI.cs"
"Assets/ThirdParty/RTS-Learning/MiniRTS/MiniRTS/Assets/Scripts/MiniRTS/ICombatTarget.cs"
"Assets/ThirdParty/RTS-Learning/MiniRTS/MiniRTS/Assets/Scripts/MiniRTS/ModelLibrary.cs"
"Assets/ThirdParty/RTS-Learning/MiniRTS/MiniRTS/Assets/Scripts/MiniRTS/ModelVisual.cs"
"Assets/ThirdParty/RTS-Learning/MiniRTS/MiniRTS/Assets/Scripts/MiniRTS/PlayerEconomy.cs"
"Assets/ThirdParty/RTS-Learning/MiniRTS/MiniRTS/Assets/Scripts/MiniRTS/ProductionQueue.cs"
"Assets/ThirdParty/RTS-Learning/MiniRTS/MiniRTS/Assets/Scripts/MiniRTS/ProductionQueueState.cs"
"Assets/ThirdParty/RTS-Learning/MiniRTS/MiniRTS/Assets/Scripts/MiniRTS/Refinery.cs"
"Assets/ThirdParty/RTS-Learning/MiniRTS/MiniRTS/Assets/Scripts/MiniRTS/ResourceNode.cs"
"Assets/ThirdParty/RTS-Learning/MiniRTS/MiniRTS/Assets/Scripts/MiniRTS/SelectionController.cs"
"Assets/ThirdParty/RTS-Learning/MiniRTS/MiniRTS/Assets/Scripts/MiniRTS/SelectionRing.cs"
"Assets/ThirdParty/RTS-Learning/MiniRTS/MiniRTS/Assets/Scripts/MiniRTS/SupplyDepot.cs"
"Assets/ThirdParty/RTS-Learning/MiniRTS/MiniRTS/Assets/Scripts/MiniRTS/Unit.cs"
"Assets/ThirdParty/RTS-Learning/MiniRTS/MiniRTS/Assets/Scripts/MiniRTS/UnitDefinition.cs"
"Assets/ThirdParty/RTS-Learning/MiniRTS/MiniRTS/Assets/Scripts/MiniRTS/UnitMover.cs"
"Assets/ThirdParty/RTS-Learning/MiniRTS/MiniRTS/Assets/Scripts/MiniRTS/WalkGrid.cs"
"Assets/ThirdParty/RTS-Learning/MiniRTS/MiniRTS/Assets/Scripts/MiniRTS/WorkerBuilder.cs"
"Assets/ThirdParty/RTS-Learning/MiniRTS/MiniRTS/Assets/Scripts/MiniRTS/WorkerGatherer.cs"
"Assets/ThirdParty/RTS-Learning/MiniRTS/MiniRTS/Assets/Scripts/MiniRTS/WorldHealthBar.cs"
-langversion:9.0
/deterministic
/optimize+
/debug:portable
/nologo
/RuntimeMetadataVersion:v4.0.30319
/nowarn:0169
/nowarn:0649
/nowarn:0282
/nowarn:1701
/nowarn:1702
/utf8output
/preferreduilang:en-US
/additionalfile:"Library/Bee/artifacts/1900b0aE.dag/MiniRTS.Runtime.UnityAdditionalFile.txt"
##### Custom Environment Variables
DOTNET_HOST_PATH=C:\Program Files\Unity\Hub\Editor\6000.5.5f1\Editor\Data\DotNetSdk\dotnet.exe
DOTNET_MULTILEVEL_LOOKUP=0
##### ExitCode
1
##### Output
Assets\ThirdParty\RTS-Learning\MiniRTS\MiniRTS\Assets\Scripts\MiniRTS\CommandCardUI.cs(199,21): error CS0619: 'Object.GetInstanceID()' is obsolete: 'GetInstanceID is deprecated. Use GetEntityId instead. This will be removed in a future version.'

Assets\ThirdParty\RTS-Learning\MiniRTS\MiniRTS\Assets\Scripts\MiniRTS\EnemyAIController.cs(438,19): error CS0619: 'Object.GetInstanceID()' is obsolete: 'GetInstanceID is deprecated. Use GetEntityId instead. This will be removed in a future version.'

Assets\ThirdParty\RTS-Learning\MiniRTS\MiniRTS\Assets\Scripts\MiniRTS\EnemyAIController.cs(438,50): error CS0619: 'Object.GetInstanceID()' is obsolete: 'GetInstanceID is deprecated. Use GetEntityId instead. This will be removed in a future version.'

Assets\ThirdParty\RTS-Learning\MiniRTS\MiniRTS\Assets\Scripts\MiniRTS\EnemyAIController.cs(634,43): error CS0619: 'Object.GetInstanceID()' is obsolete: 'GetInstanceID is deprecated. Use GetEntityId instead. This will be removed in a future version.'

Assets\ThirdParty\RTS-Learning\MiniRTS\MiniRTS\Assets\Scripts\MiniRTS\FogOfWar.cs(311,42): error CS0619: 'Object.GetInstanceID()' is obsolete: 'GetInstanceID is deprecated. Use GetEntityId instead. This will be removed in a future version.'

Assets\ThirdParty\RTS-Learning\MiniRTS\MiniRTS\Assets\Scripts\MiniRTS\FogOfWar.cs(329,34): error CS0619: 'Object.GetInstanceID()' is obsolete: 'GetInstanceID is deprecated. Use GetEntityId instead. This will be removed in a future version.'

Assets\ThirdParty\RTS-Learning\MiniRTS\MiniRTS\Assets\Scripts\MiniRTS\FogOfWar.cs(415,30): error CS0619: 'Object.GetInstanceID()' is obsolete: 'GetInstanceID is deprecated. Use GetEntityId instead. This will be removed in a future version.'

Assets\ThirdParty\RTS-Learning\MiniRTS\MiniRTS\Assets\Scripts\MiniRTS\EnemyAIController.cs(719,48): error CS0619: 'Object.GetInstanceID()' is obsolete: 'GetInstanceID is deprecated. Use GetEntityId instead. This will be removed in a future version.'

Assets\ThirdParty\RTS-Learning\MiniRTS\MiniRTS\Assets\Scripts\MiniRTS\UnitMover.cs(182,45): error CS0619: 'Object.GetInstanceID()' is obsolete: 'GetInstanceID is deprecated. Use GetEntityId instead. This will be removed in a future version.'

Assets\ThirdParty\RTS-Learning\MiniRTS\MiniRTS\Assets\Scripts\MiniRTS\UnitMover.cs(182,63): error CS0619: 'Object.GetInstanceID()' is obsolete: 'GetInstanceID is deprecated. Use GetEntityId instead. This will be removed in a future version.'
*** Tundra build failed (12.65 seconds), 1048 items updated, 1154 evaluated
## Script Compilation Error for: Csc Library/Bee/artifacts/1900b0aE.dag/MiniRTS.Runtime.dll (+2 others)
## CmdLine: "C:\Program Files\Unity\Hub\Editor\6000.5.5f1\Editor\Data\DotNetSdk\dotnet.exe" exec "C:/Program Files/Unity/Hub/Editor/6000.5.5f1/Editor/Data/DotNetSdk/sdk/8.0.318/Roslyn/bincore/csc.dll" /nostdlib /noconfig /shared "@Library/Bee/artifacts/1900b0aE.dag/MiniRTS.Runtime.rsp" "@Library/Bee/artifacts/1900b0aE.dag/MiniRTS.Runtime.rsp2"
## Output:
Assets\ThirdParty\RTS-Learning\MiniRTS\MiniRTS\Assets\Scripts\MiniRTS\CommandCardUI.cs(199,21): error CS0619: 'Object.GetInstanceID()' is obsolete: 'GetInstanceID is deprecated. Use GetEntityId instead. This will be removed in a future version.'
Assets\ThirdParty\RTS-Learning\MiniRTS\MiniRTS\Assets\Scripts\MiniRTS\EnemyAIController.cs(438,19): error CS0619: 'Object.GetInstanceID()' is obsolete: 'GetInstanceID is deprecated. Use GetEntityId instead. This will be removed in a future version.'
Assets\ThirdParty\RTS-Learning\MiniRTS\MiniRTS\Assets\Scripts\MiniRTS\EnemyAIController.cs(438,50): error CS0619: 'Object.GetInstanceID()' is obsolete: 'GetInstanceID is deprecated. Use GetEntityId instead. This will be removed in a future version.'
Assets\ThirdParty\RTS-Learning\MiniRTS\MiniRTS\Assets\Scripts\MiniRTS\EnemyAIController.cs(634,43): error CS0619: 'Object.GetInstanceID()' is obsolete: 'GetInstanceID is deprecated. Use GetEntityId instead. This will be removed in a future version.'
Assets\ThirdParty\RTS-Learning\MiniRTS\MiniRTS\Assets\Scripts\MiniRTS\FogOfWar.cs(311,42): error CS0619: 'Object.GetInstanceID()' is obsolete: 'GetInstanceID is deprecated. Use GetEntityId instead. This will be removed in a future version.'
Assets\ThirdParty\RTS-Learning\MiniRTS\MiniRTS\Assets\Scripts\MiniRTS\FogOfWar.cs(329,34): error CS0619: 'Object.GetInstanceID()' is obsolete: 'GetInstanceID is deprecated. Use GetEntityId instead. This will be removed in a future version.'
Assets\ThirdParty\RTS-Learning\MiniRTS\MiniRTS\Assets\Scripts\MiniRTS\FogOfWar.cs(415,30): error CS0619: 'Object.GetInstanceID()' is obsolete: 'GetInstanceID is deprecated. Use GetEntityId instead. This will be removed in a future version.'
Assets\ThirdParty\RTS-Learning\MiniRTS\MiniRTS\Assets\Scripts\MiniRTS\EnemyAIController.cs(719,48): error CS0619: 'Object.GetInstanceID()' is obsolete: 'GetInstanceID is deprecated. Use GetEntityId instead. This will be removed in a future version.'
Assets\ThirdParty\RTS-Learning\MiniRTS\MiniRTS\Assets\Scripts\MiniRTS\UnitMover.cs(182,45): error CS0619: 'Object.GetInstanceID()' is obsolete: 'GetInstanceID is deprecated. Use GetEntityId instead. This will be removed in a future version.'
Assets\ThirdParty\RTS-Learning\MiniRTS\MiniRTS\Assets\Scripts\MiniRTS\UnitMover.cs(182,63): error CS0619: 'Object.GetInstanceID()' is obsolete: 'GetInstanceID is deprecated. Use GetEntityId instead. This will be removed in a future version.'

Assets\ThirdParty\RTS-Learning\MiniRTS\MiniRTS\Assets\Scripts\MiniRTS\CommandCardUI.cs(199,21): error CS0619: 'Object.GetInstanceID()' is obsolete: 'GetInstanceID is deprecated. Use GetEntityId instead. This will be removed in a future version.'
Assets\ThirdParty\RTS-Learning\MiniRTS\MiniRTS\Assets\Scripts\MiniRTS\EnemyAIController.cs(438,19): error CS0619: 'Object.GetInstanceID()' is obsolete: 'GetInstanceID is deprecated. Use GetEntityId instead. This will be removed in a future version.'
Assets\ThirdParty\RTS-Learning\MiniRTS\MiniRTS\Assets\Scripts\MiniRTS\EnemyAIController.cs(438,50): error CS0619: 'Object.GetInstanceID()' is obsolete: 'GetInstanceID is deprecated. Use GetEntityId instead. This will be removed in a future version.'
Assets\ThirdParty\RTS-Learning\MiniRTS\MiniRTS\Assets\Scripts\MiniRTS\EnemyAIController.cs(634,43): error CS0619: 'Object.GetInstanceID()' is obsolete: 'GetInstanceID is deprecated. Use GetEntityId instead. This will be removed in a future version.'
Assets\ThirdParty\RTS-Learning\MiniRTS\MiniRTS\Assets\Scripts\MiniRTS\FogOfWar.cs(311,42): error CS0619: 'Object.GetInstanceID()' is obsolete: 'GetInstanceID is deprecated. Use GetEntityId instead. This will be removed in a future version.'
Assets\ThirdParty\RTS-Learning\MiniRTS\MiniRTS\Assets\Scripts\MiniRTS\FogOfWar.cs(329,34): error CS0619: 'Object.GetInstanceID()' is obsolete: 'GetInstanceID is deprecated. Use GetEntityId instead. This will be removed in a future version.'
Assets\ThirdParty\RTS-Learning\MiniRTS\MiniRTS\Assets\Scripts\MiniRTS\FogOfWar.cs(415,30): error CS0619: 'Object.GetInstanceID()' is obsolete: 'GetInstanceID is deprecated. Use GetEntityId instead. This will be removed in a future version.'
Assets\ThirdParty\RTS-Learning\MiniRTS\MiniRTS\Assets\Scripts\MiniRTS\EnemyAIController.cs(719,48): error CS0619: 'Object.GetInstanceID()' is obsolete: 'GetInstanceID is deprecated. Use GetEntityId instead. This will be removed in a future version.'
Assets\ThirdParty\RTS-Learning\MiniRTS\MiniRTS\Assets\Scripts\MiniRTS\UnitMover.cs(182,45): error CS0619: 'Object.GetInstanceID()' is obsolete: 'GetInstanceID is deprecated. Use GetEntityId instead. This will be removed in a future version.'
Assets\ThirdParty\RTS-Learning\MiniRTS\MiniRTS\Assets\Scripts\MiniRTS\UnitMover.cs(182,63): error CS0619: 'Object.GetInstanceID()' is obsolete: 'GetInstanceID is deprecated. Use GetEntityId instead. This will be removed in a future version.'
AssetDatabase: script compilation time: 15.439995s
Scripts have compiler errors.
Exiting without the bug reporter. Application will terminate with return code 1